ID,Sesion,Nivel,Intento,Tiempo inicio,Tiempo final,Tiempo duracion,Completado,Reglas planificacion cumplidas,%Reglas respetadas ejecucion,Pasos planificados,Pasos ejecutados,Errores ejecucion,Num dormir planificado,Correctos dormir,Errores dormir,Num ubicacion planificado,Correctos ubicacion,Errores ubicacion,Paradas posibles,Paradas realizadas,Errores parada por tiempo excedido,Num errores por tiempo excedido
10,1,1,1,15:04:04.517,Tiempo final,Tiempo duracion,Completado,Reglas planificacion cumplidas,%Reglas respetadas ejecucion,Pasos planificados,Pasos ejecutados,Errores ejecucion,Num dormir planificado,Correctos dormir,Errores dormir,Num ubicacion planificado,Correctos ubicacion,Errores ubicacion,Paradas posibles,Paradas realizadas,Errores parada por tiempo excedido,Num errores por tiempo excedido
10,1,1,2,15:06:53.177,Tiempo final,Tiempo duracion,Completado,Reglas planificacion cumplidas,%Reglas respetadas ejecucion,Pasos planificados,Pasos ejecutados,Errores ejecucion,Num dormir planificado,Correctos dormir,Errores dormir,Num ubicacion planificado,Correctos ubicacion,Errores ubicacion,Paradas posibles,Paradas realizadas,Errores parada por tiempo excedido,Num errores por tiempo excedido
10,1,1,3,15:08:14.430,Tiempo final,Tiempo duracion,Completado,Reglas planificacion cumplidas,%Reglas respetadas ejecucion,Pasos planificados,Pasos ejecutados,Errores ejecucion,Num dormir planificado,Correctos dormir,Errores dormir,Num ubicacion planificado,Correctos ubicacion,Errores ubicacion,Paradas posibles,Paradas realizadas,Errores parada por tiempo excedido,Num errores por tiempo excedido
10,1,1,4,15:10:38.193,Tiempo final,Tiempo duracion,Completado,Reglas planificacion cumplidas,%Reglas respetadas ejecucion,Pasos planificados,Pasos ejecutados,Errores ejecucion,Num dormir planificado,Correctos dormir,Errores dormir,Num ubicacion planificado,Correctos ubicacion,Errores ubicacion,Paradas posibles,Paradas realizadas,Errores parada por tiempo excedido,Num errores por tiempo excedido
10,1,1,5,15:13:31.337,Tiempo final,Tiempo duracion,Completado,Reglas planificacion cumplidas,%Reglas respetadas ejecucion,Pasos planificados,Pasos ejecutados,Errores ejecucion,Num dormir planificado,Correctos dormir,Errores dormir,Num ubicacion planificado,Correctos ubicacion,Errores ubicacion,Paradas posibles,Paradas realizadas,Errores parada por tiempo excedido,Num errores por tiempo excedido
10,1,1,6,15:16:31.771,Tiempo final,Tiempo duracion,Completado,Reglas planificacion cumplidas,%Reglas respetadas ejecucion,Pasos planificados,Pasos ejecutados,Errores ejecucion,Num dormir planificado,Correctos dormir,Errores dormir,Num ubicacion planificado,Correctos ubicacion,Errores ubicacion,Paradas posibles,Paradas realizadas,Errores parada por tiempo excedido,Num errores por tiempo excedido
10,1,1,7,15:18:37.553,Tiempo final,Tiempo duracion,Completado,Reglas planificacion cumplidas,%Reglas respetadas ejecucion,Pasos planificados,Pasos ejecutados,Errores ejecucion,Num dormir planificado,Correctos dormir,Errores dormir,Num ubicacion planificado,Correctos ubicacion,Errores ubicacion,Paradas posibles,Paradas realizadas,Errores parada por tiempo excedido,Num errores por tiempo excedido
10,3,1,1,14:15:08.014,Tiempo final,Tiempo duracion,Completado,Reglas planificacion cumplidas,%Reglas respetadas ejecucion,Pasos planificados,Pasos ejecutados,Errores ejecucion,Num dormir planificado,Correctos dormir,Errores dormir,Num ubicacion planificado,Correctos ubicacion,Errores ubicacion,Paradas posibles,Paradas realizadas,Errores parada por tiempo excedido,Num errores por tiempo excedido
10,3,2,1,14:18:26.124,Tiempo final,Tiempo duracion,Completado,Reglas planificacion cumplidas,%Reglas respetadas ejecucion,Pasos planificados,Pasos ejecutados,Errores ejecucion,Num dormir planificado,Correctos dormir,Errores dormir,Num ubicacion planificado,Correctos ubicacion,Errores ubicacion,Paradas posibles,Paradas realizadas,Errores parada por tiempo excedido,Num errores por tiempo excedido
10,3,3,1,14:33:17.624,Tiempo final,Tiempo duracion,Completado,Reglas planificacion cumplidas,%Reglas respetadas ejecucion,Pasos planificados,Pasos ejecutados,Errores ejecucion,Num dormir planificado,Correctos dormir,Errores dormir,Num ubicacion planificado,Correctos ubicacion,Errores ubicacion,Paradas posibles,Paradas realizadas,Errores parada por tiempo excedido,Num errores por tiempo excedido
10,3,3,2,14:35:15.423,Tiempo final,Tiempo duracion,Completado,Reglas planificacion cumplidas,%Reglas respetadas ejecucion,Pasos planificados,Pasos ejecutados,Errores ejecucion,Num dormir planificado,Correctos dormir,Errores dormir,Num ubicacion planificado,Correctos ubicacion,Errores ubicacion,Paradas posibles,Paradas realizadas,Errores parada por tiempo excedido,Num errores por tiempo excedido
10,3,3,3,14:36:43.433,Tiempo final,Tiempo duracion,Completado,Reglas planificacion cumplidas,%Reglas respetadas ejecucion,Pasos planificados,Pasos ejecutados,Errores ejecucion,Num dormir planificado,Correctos dormir,Errores dormir,Num ubicacion planificado,Correctos ubicacion,Errores ubicacion,Paradas posibles,Paradas realizadas,Errores parada por tiempo excedido,Num errores por tiempo excedido
10,3,3,4,14:38:15.556,Tiempo final,Tiempo duracion,Completado,Reglas planificacion cumplidas,%Reglas respetadas ejecucion,Pasos planificados,Pasos ejecutados,Errores ejecucion,Num dormir planificado,Correctos dormir,Errores dormir,Num ubicacion planificado,Correctos ubicacion,Errores ubicacion,Paradas posibles,Paradas realizadas,Errores parada por tiempo excedido,Num errores por tiempo excedido
10,3,1,1,14:41:08.214,Tiempo final,Tiempo duracion,Completado,Reglas planificacion cumplidas,%Reglas respetadas ejecucion,Pasos planificados,Pasos ejecutados,Errores ejecucion,Num dormir planificado,Correctos dormir,Errores dormir,Num ubicacion planificado,Correctos ubicacion,Errores ubicacion,Paradas posibles,Paradas realizadas,Errores parada por tiempo excedido,Num errores por tiempo excedido
11,1,1,1,14:22:08.352,Tiempo final,Tiempo duracion,Completado,Reglas planificacion cumplidas,%Reglas respetadas ejecucion,Pasos planificados,Pasos ejecutados,Errores ejecucion,Num dormir planificado,Correctos dormir,Errores dormir,Num ubicacion planificado,Correctos ubicacion,Errores ubicacion,Paradas posibles,Paradas realizadas,Errores parada por tiempo excedido,Num errores por tiempo excedido
11,1,1,2,14:23:43.704,Tiempo final,Tiempo duracion,Completado,Reglas planificacion cumplidas,%Reglas respetadas ejecucion,Pasos planificados,Pasos ejecutados,Errores ejecucion,Num dormir planificado,Correctos dormir,Errores dormir,Num ubicacion planificado,Correctos ubicacion,Errores ubicacion,Paradas posibles,Paradas realizadas,Errores parada por tiempo excedido,Num errores por tiempo excedido
11,1,1,3,14:26:22.464,Tiempo final,Tiempo duracion,Completado,Reglas planificacion cumplidas,%Reglas respetadas ejecucion,Pasos planificados,Pasos ejecutados,Errores ejecucion,Num dormir planificado,Correctos dormir,Errores dormir,Num ubicacion planificado,Correctos ubicacion,Errores ubicacion,Paradas posibles,Paradas realizadas,Errores parada por tiempo excedido,Num errores por tiempo excedido
11,1,1,4,14:28:12.884,Tiempo final,Tiempo duracion,Completado,Reglas planificacion cumplidas,%Reglas respetadas ejecucion,Pasos planificados,Pasos ejecutados,Errores ejecucion,Num dormir planificado,Correctos dormir,Errores dormir,Num ubicacion planificado,Correctos ubicacion,Errores ubicacion,Paradas posibles,Paradas realizadas,Errores parada por tiempo excedido,Num errores por tiempo excedido
11,1,1,5,14:29:14.660,Tiempo final,Tiempo duracion,Completado,Reglas planificacion cumplidas,%Reglas respetadas ejecucion,Pasos planificados,Pasos ejecutados,Errores ejecucion,Num dormir planificado,Correctos dormir,Errores dormir,Num ubicacion planificado,Correctos ubicacion,Errores ubicacion,Paradas posibles,Paradas realizadas,Errores parada por tiempo excedido,Num errores por tiempo excedido
11,1,1,6,14:31:33.694,Tiempo final,Tiempo duracion,Completado,Reglas planificacion cumplidas,%Reglas respetadas ejecucion,Pasos planificados,Pasos ejecutados,Errores ejecucion,Num dormir planificado,Correctos dormir,Errores dormir,Num ubicacion planificado,Correctos ubicacion,Errores ubicacion,Paradas posibles,Paradas realizadas,Errores parada por tiempo excedido,Num errores por tiempo excedido
11,1,2,1,14:33:47.295,Tiempo final,Tiempo duracion,Completado,Reglas planificacion cumplidas,%Reglas respetadas ejecucion,Pasos planificados,Pasos ejecutados,Errores ejecucion,Num dormir planificado,Correctos dormir,Errores dormir,Num ubicacion planificado,Correctos ubicacion,Errores ubicacion,Paradas posibles,Paradas realizadas,Errores parada por tiempo excedido,Num errores por tiempo excedido
11,1,2,2,14:36:27.066,Tiempo final,Tiempo duracion,Completado,Reglas planificacion cumplidas,%Reglas respetadas ejecucion,Pasos planificados,Pasos ejecutados,Errores ejecucion,Num dormir planificado,Correctos dormir,Errores dormir,Num ubicacion planificado,Correctos ubicacion,Errores ubicacion,Paradas posibles,Paradas realizadas,Errores parada por tiempo excedido,Num errores por tiempo excedido
11,1,2,3,14:38:26.067,Tiempo final,Tiempo duracion,Completado,Reglas planificacion cumplidas,%Reglas respetadas ejecucion,Pasos planificados,Pasos ejecutados,Errores ejecucion,Num dormir planificado,Correctos dormir,Errores dormir,Num ubicacion planificado,Correctos ubicacion,Errores ubicacion,Paradas posibles,Paradas realizadas,Errores parada por tiempo excedido,Num errores por tiempo excedido
11,1,3,1,14:41:54.930,Tiempo final,Tiempo duracion,Completado,Reglas planificacion cumplidas,%Reglas respetadas ejecucion,Pasos planificados,Pasos ejecutados,Errores ejecucion,Num dormir planificado,Correctos dormir,Errores dormir,Num ubicacion planificado,Correctos ubicacion,Errores ubicacion,Paradas posibles,Paradas realizadas,Errores parada por tiempo excedido,Num errores por tiempo excedido
11,1,3,2,14:43:50.888,Tiempo final,Tiempo duracion,Completado,Reglas planificacion cumplidas,%Reglas respetadas ejecucion,Pasos planificados,Pasos ejecutados,Errores ejecucion,Num dormir planificado,Correctos dormir,Errores dormir,Num ubicacion planificado,Correctos ubicacion,Errores ubicacion,Paradas posibles,Paradas realizadas,Errores parada por tiempo excedido,Num errores por tiempo excedido
11,3,1,1,14:13:54.844,Tiempo final,Tiempo duracion,Completado,Reglas planificacion cumplidas,%Reglas respetadas ejecucion,Pasos planificados,Pasos ejecutados,Errores ejecucion,Num dormir planificado,Correctos dormir,Errores dormir,Num ubicacion planificado,Correctos ubicacion,Errores ubicacion,Paradas posibles,Paradas realizadas,Errores parada por tiempo excedido,Num errores por tiempo excedido
11,3,1,2,14:16:36.213,Tiempo final,Tiempo duracion,Completado,Reglas planificacion cumplidas,%Reglas respetadas ejecucion,Pasos planificados,Pasos ejecutados,Errores ejecucion,Num dormir planificado,Correctos dormir,Errores dormir,Num ubicacion planificado,Correctos ubicacion,Errores ubicacion,Paradas posibles,Paradas realizadas,Errores parada por tiempo excedido,Num errores por tiempo excedido
11,3,1,3,14:17:54.671,Tiempo final,Tiempo duracion,Completado,Reglas planificacion cumplidas,%Reglas respetadas ejecucion,Pasos planificados,Pasos ejecutados,Errores ejecucion,Num dormir planificado,Correctos dormir,Errores dormir,Num ubicacion planificado,Correctos ubicacion,Errores ubicacion,Paradas posibles,Paradas realizadas,Errores parada por tiempo excedido,Num errores por tiempo excedido
11,3,2,1,14:20:12.099,Tiempo final,Tiempo duracion,Completado,Reglas planificacion cumplidas,%Reglas respetadas ejecucion,Pasos planificados,Pasos ejecutados,Errores ejecucion,Num dormir planificado,Correctos dormir,Errores dormir,Num ubicacion planificado,Correctos ubicacion,Errores ubicacion,Paradas posibles,Paradas realizadas,Errores parada por tiempo excedido,Num errores por tiempo excedido
11,3,3,1,14:23:53.796,Tiempo final,Tiempo duracion,Completado,Reglas planificacion cumplidas,%Reglas respetadas ejecucion,Pasos planificados,Pasos ejecutados,Errores ejecucion,Num dormir planificado,Correctos dormir,Errores dormir,Num ubicacion planificado,Correctos ubicacion,Errores ubicacion,Paradas posibles,Paradas realizadas,Errores parada por tiempo excedido,Num errores por tiempo excedido
11,3,3,2,14:26:14.354,Tiempo final,Tiempo duracion,Completado,Reglas planificacion cumplidas,%Reglas respetadas ejecucion,Pasos planificados,Pasos ejecutados,Errores ejecucion,Num dormir planificado,Correctos dormir,Errores dormir,Num ubicacion planificado,Correctos ubicacion,Errores ubicacion,Paradas posibles,Paradas realizadas,Errores parada por tiempo excedido,Num errores por tiempo excedido
11,3,1,1,14:29:18.329,Tiempo final,Tiempo duracion,Completado,Reglas planificacion cumplidas,%Reglas respetadas ejecucion,Pasos planificados,Pasos ejecutados,Errores ejecucion,Num dormir planificado,Correctos dormir,Errores dormir,Num ubicacion planificado,Correctos ubicacion,Errores ubicacion,Paradas posibles,Paradas realizadas,Errores parada por tiempo excedido,Num errores por tiempo excedido
13,1,1,1,14:19:57.019,Tiempo final,Tiempo duracion,Completado,Reglas planificacion cumplidas,%Reglas respetadas ejecucion,Pasos planificados,Pasos ejecutados,Errores ejecucion,Num dormir planificado,Correctos dormir,Errores dormir,Num ubicacion planificado,Correctos ubicacion,Errores ubicacion,Paradas posibles,Paradas realizadas,Errores parada por tiempo excedido,Num errores por tiempo excedido
13,1,1,2,14:22:37.777,Tiempo final,Tiempo duracion,Completado,Reglas planificacion cumplidas,%Reglas respetadas ejecucion,Pasos planificados,Pasos ejecutados,Errores ejecucion,Num dormir planificado,Correctos dormir,Errores dormir,Num ubicacion planificado,Correctos ubicacion,Errores ubicacion,Paradas posibles,Paradas realizadas,Errores parada por tiempo excedido,Num errores por tiempo excedido
13,1,1,3,14:25:35.893,Tiempo final,Tiempo duracion,Completado,Reglas planificacion cumplidas,%Reglas respetadas ejecucion,Pasos planificados,Pasos ejecutados,Errores ejecucion,Num dormir planificado,Correctos dormir,Errores dormir,Num ubicacion planificado,Correctos ubicacion,Errores ubicacion,Paradas posibles,Paradas realizadas,Errores parada por tiempo excedido,Num errores por tiempo excedido
13,1,2,1,14:26:32.030,Tiempo final,Tiempo duracion,Completado,Reglas planificacion cumplidas,%Reglas respetadas ejecucion,Pasos planificados,Pasos ejecutados,Errores ejecucion,Num dormir planificado,Correctos dormir,Errores dormir,Num ubicacion planificado,Correctos ubicacion,Errores ubicacion,Paradas posibles,Paradas realizadas,Errores parada por tiempo excedido,Num errores por tiempo excedido
13,1,2,2,14:30:17.974,Tiempo final,Tiempo duracion,Completado,Reglas planificacion cumplidas,%Reglas respetadas ejecucion,Pasos planificados,Pasos ejecutados,Errores ejecucion,Num dormir planificado,Correctos dormir,Errores dormir,Num ubicacion planificado,Correctos ubicacion,Errores ubicacion,Paradas posibles,Paradas realizadas,Errores parada por tiempo excedido,Num errores por tiempo excedido
13,1,3,1,14:30:43.155,Tiempo final,Tiempo duracion,Completado,Reglas planificacion cumplidas,%Reglas respetadas ejecucion,Pasos planificados,Pasos ejecutados,Errores ejecucion,Num dormir planificado,Correctos dormir,Errores dormir,Num ubicacion planificado,Correctos ubicacion,Errores ubicacion,Paradas posibles,Paradas realizadas,Errores parada por tiempo excedido,Num errores por tiempo excedido
13,1,3,2,14:30:51.920,Tiempo final,Tiempo duracion,Completado,Reglas planificacion cumplidas,%Reglas respetadas ejecucion,Pasos planificados,Pasos ejecutados,Errores ejecucion,Num dormir planificado,Correctos dormir,Errores dormir,Num ubicacion planificado,Correctos ubicacion,Errores ubicacion,Paradas posibles,Paradas realizadas,Errores parada por tiempo excedido,Num errores por tiempo excedido
13,1,3,3,14:32:26.414,Tiempo final,Tiempo duracion,Completado,Reglas planificacion cumplidas,%Reglas respetadas ejecucion,Pasos planificados,Pasos ejecutados,Errores ejecucion,Num dormir planificado,Correctos dormir,Errores dormir,Num ubicacion planificado,Correctos ubicacion,Errores ubicacion,Paradas posibles,Paradas realizadas,Errores parada por tiempo excedido,Num errores por tiempo excedido
13,3,1,1,14:15:31.568,Tiempo final,Tiempo duracion,Completado,Reglas planificacion cumplidas,%Reglas respetadas ejecucion,Pasos planificados,Pasos ejecutados,Errores ejecucion,Num dormir planificado,Correctos dormir,Errores dormir,Num ubicacion planificado,Correctos ubicacion,Errores ubicacion,Paradas posibles,Paradas realizadas,Errores parada por tiempo excedido,Num errores por tiempo excedido
13,3,1,2,14:19:14.461,Tiempo final,Tiempo duracion,Completado,Reglas planificacion cumplidas,%Reglas respetadas ejecucion,Pasos planificados,Pasos ejecutados,Errores ejecucion,Num dormir planificado,Correctos dormir,Errores dormir,Num ubicacion planificado,Correctos ubicacion,Errores ubicacion,Paradas posibles,Paradas realizadas,Errores parada por tiempo excedido,Num errores por tiempo excedido
13,3,1,3,14:25:11.114,Tiempo final,Tiempo duracion,Completado,Reglas planificacion cumplidas,%Reglas respetadas ejecucion,Pasos planificados,Pasos ejecutados,Errores ejecucion,Num dormir planificado,Correctos dormir,Errores dormir,Num ubicacion planificado,Correctos ubicacion,Errores ubicacion,Paradas posibles,Paradas realizadas,Errores parada por tiempo excedido,Num errores por tiempo excedido
13,3,2,1,14:28:18.519,Tiempo final,Tiempo duracion,Completado,Reglas planificacion cumplidas,%Reglas respetadas ejecucion,Pasos planificados,Pasos ejecutados,Errores ejecucion,Num dormir planificado,Correctos dormir,Errores dormir,Num ubicacion planificado,Correctos ubicacion,Errores ubicacion,Paradas posibles,Paradas realizadas,Errores parada por tiempo excedido,Num errores por tiempo excedido
13,3,2,2,14:31:59.001,Tiempo final,Tiempo duracion,Completado,Reglas planificacion cumplidas,%Reglas respetadas ejecucion,Pasos planificados,Pasos ejecutados,Errores ejecucion,Num dormir planificado,Correctos dormir,Errores dormir,Num ubicacion planificado,Correctos ubicacion,Errores ubicacion,Paradas posibles,Paradas realizadas,Errores parada por tiempo excedido,Num errores por tiempo excedido
13,3,3,1,14:35:10.769,Tiempo final,Tiempo duracion,Completado,Reglas planificacion cumplidas,%Reglas respetadas ejecucion,Pasos planificados,Pasos ejecutados,Errores ejecucion,Num dormir planificado,Correctos dormir,Errores dormir,Num ubicacion planificado,Correctos ubicacion,Errores ubicacion,Paradas posibles,Paradas realizadas,Errores parada por tiempo excedido,Num errores por tiempo excedido
13,3,3,2,14:37:54.641,Tiempo final,Tiempo duracion,Completado,Reglas planificacion cumplidas,%Reglas respetadas ejecucion,Pasos planificados,Pasos ejecutados,Errores ejecucion,Num dormir planificado,Correctos dormir,Errores dormir,Num ubicacion planificado,Correctos ubicacion,Errores ubicacion,Paradas posibles,Paradas realizadas,Errores parada por tiempo excedido,Num errores por tiempo excedido
15,1,1,1,15:03:20.042,Tiempo final,Tiempo duracion,Completado,Reglas planificacion cumplidas,%Reglas respetadas ejecucion,Pasos planificados,Pasos ejecutados,Errores ejecucion,Num dormir planificado,Correctos dormir,Errores dormir,Num ubicacion planificado,Correctos ubicacion,Errores ubicacion,Paradas posibles,Paradas realizadas,Errores parada por tiempo excedido,Num errores por tiempo excedido
15,1,1,2,15:05:27.916,Tiempo final,Tiempo duracion,Completado,Reglas planificacion cumplidas,%Reglas respetadas ejecucion,Pasos planificados,Pasos ejecutados,Errores ejecucion,Num dormir planificado,Correctos dormir,Errores dormir,Num ubicacion planificado,Correctos ubicacion,Errores ubicacion,Paradas posibles,Paradas realizadas,Errores parada por tiempo excedido,Num errores por tiempo excedido
15,1,1,3,15:11:40.468,Tiempo final,Tiempo duracion,Completado,Reglas planificacion cumplidas,%Reglas respetadas ejecucion,Pasos planificados,Pasos ejecutados,Errores ejecucion,Num dormir planificado,Correctos dormir,Errores dormir,Num ubicacion planificado,Correctos ubicacion,Errores ubicacion,Paradas posibles,Paradas realizadas,Errores parada por tiempo excedido,Num errores por tiempo excedido
15,1,2,1,15:14:35.482,Tiempo final,Tiempo duracion,Completado,Reglas planificacion cumplidas,%Reglas respetadas ejecucion,Pasos planificados,Pasos ejecutados,Errores ejecucion,Num dormir planificado,Correctos dormir,Errores dormir,Num ubicacion planificado,Correctos ubicacion,Errores ubicacion,Paradas posibles,Paradas realizadas,Errores parada por tiempo excedido,Num errores por tiempo excedido
15,1,2,2,15:18:39.148,Tiempo final,Tiempo duracion,Completado,Reglas planificacion cumplidas,%Reglas respetadas ejecucion,Pasos planificados,Pasos ejecutados,Errores ejecucion,Num dormir planificado,Correctos dormir,Errores dormir,Num ubicacion planificado,Correctos ubicacion,Errores ubicacion,Paradas posibles,Paradas realizadas,Errores parada por tiempo excedido,Num errores por tiempo excedido
16,1,1,1,15:29:42.390,Tiempo final,Tiempo duracion,Completado,Reglas planificacion cumplidas,%Reglas respetadas ejecucion,Pasos planificados,Pasos ejecutados,Errores ejecucion,Num dormir planificado,Correctos dormir,Errores dormir,Num ubicacion planificado,Correctos ubicacion,Errores ubicacion,Paradas posibles,Paradas realizadas,Errores parada por tiempo excedido,Num errores por tiempo excedido
16,1,1,2,15:33:17.847,Tiempo final,Tiempo duracion,Completado,Reglas planificacion cumplidas,%Reglas respetadas ejecucion,Pasos planificados,Pasos ejecutados,Errores ejecucion,Num dormir planificado,Correctos dormir,Errores dormir,Num ubicacion planificado,Correctos ubicacion,Errores ubicacion,Paradas posibles,Paradas realizadas,Errores parada por tiempo excedido,Num errores por tiempo excedido
16,1,1,3,15:34:41.535,Tiempo final,Tiempo duracion,Completado,Reglas planificacion cumplidas,%Reglas respetadas ejecucion,Pasos planificados,Pasos ejecutados,Errores ejecucion,Num dormir planificado,Correctos dormir,Errores dormir,Num ubicacion planificado,Correctos ubicacion,Errores ubicacion,Paradas posibles,Paradas realizadas,Errores parada por tiempo excedido,Num errores por tiempo excedido
16,1,1,4,15:37:23.710,Tiempo final,Tiempo duracion,Completado,Reglas planificacion cumplidas,%Reglas respetadas ejecucion,Pasos planificados,Pasos ejecutados,Errores ejecucion,Num dormir planificado,Correctos dormir,Errores dormir,Num ubicacion planificado,Correctos ubicacion,Errores ubicacion,Paradas posibles,Paradas realizadas,Errores parada por tiempo excedido,Num errores por tiempo excedido
16,1,2,1,15:40:07.396,Tiempo final,Tiempo duracion,Completado,Reglas planificacion cumplidas,%Reglas respetadas ejecucion,Pasos planificados,Pasos ejecutados,Errores ejecucion,Num dormir planificado,Correctos dormir,Errores dormir,Num ubicacion planificado,Correctos ubicacion,Errores ubicacion,Paradas posibles,Paradas realizadas,Errores parada por tiempo excedido,Num errores por tiempo excedido
16,1,1,1,15:42:48.934,Tiempo final,Tiempo duracion,Completado,Reglas planificacion cumplidas,%Reglas respetadas ejecucion,Pasos planificados,Pasos ejecutados,Errores ejecucion,Num dormir planificado,Correctos dormir,Errores dormir,Num ubicacion planificado,Correctos ubicacion,Errores ubicacion,Paradas posibles,Paradas realizadas,Errores parada por tiempo excedido,Num errores por tiempo excedido
16,1,2,1,15:46:00.232,Tiempo final,Tiempo duracion,Completado,Reglas planificacion cumplidas,%Reglas respetadas ejecucion,Pasos planificados,Pasos ejecutados,Errores ejecucion,Num dormir planificado,Correctos dormir,Errores dormir,Num ubicacion planificado,Correctos ubicacion,Errores ubicacion,Paradas posibles,Paradas realizadas,Errores parada por tiempo excedido,Num errores por tiempo excedido
16,1,2,2,15:50:51.005,Tiempo final,Tiempo duracion,Completado,Reglas planificacion cumplidas,%Reglas respetadas ejecucion,Pasos planificados,Pasos ejecutados,Errores ejecucion,Num dormir planificado,Correctos dormir,Errores dormir,Num ubicacion planificado,Correctos ubicacion,Errores ubicacion,Paradas posibles,Paradas realizadas,Errores parada por tiempo excedido,Num errores por tiempo excedido
16,3,1,1,15:00:03.742,Tiempo final,Tiempo duracion,Completado,Reglas planificacion cumplidas,%Reglas respetadas ejecucion,Pasos planificados,Pasos ejecutados,Errores ejecucion,Num dormir planificado,Correctos dormir,Errores dormir,Num ubicacion planificado,Correctos ubicacion,Errores ubicacion,Paradas posibles,Paradas realizadas,Errores parada por tiempo excedido,Num errores por tiempo excedido
16,3,1,2,15:03:51.380,Tiempo final,Tiempo duracion,Completado,Reglas planificacion cumplidas,%Reglas respetadas ejecucion,Pasos planificados,Pasos ejecutados,Errores ejecucion,Num dormir planificado,Correctos dormir,Errores dormir,Num ubicacion planificado,Correctos ubicacion,Errores ubicacion,Paradas posibles,Paradas realizadas,Errores parada por tiempo excedido,Num errores por tiempo excedido
16,3,2,1,15:07:08.980,Tiempo final,Tiempo duracion,Completado,Reglas planificacion cumplidas,%Reglas respetadas ejecucion,Pasos planificados,Pasos ejecutados,Errores ejecucion,Num dormir planificado,Correctos dormir,Errores dormir,Num ubicacion planificado,Correctos ubicacion,Errores ubicacion,Paradas posibles,Paradas realizadas,Errores parada por tiempo excedido,Num errores por tiempo excedido
16,3,2,2,15:11:50.623,Tiempo final,Tiempo duracion,Completado,Reglas planificacion cumplidas,%Reglas respetadas ejecucion,Pasos planificados,Pasos ejecutados,Errores ejecucion,Num dormir planificado,Correctos dormir,Errores dormir,Num ubicacion planificado,Correctos ubicacion,Errores ubicacion,Paradas posibles,Paradas realizadas,Errores parada por tiempo excedido,Num errores por tiempo excedido
16,3,3,1,15:15:43.972,Tiempo final,Tiempo duracion,Completado,Reglas planificacion cumplidas,%Reglas respetadas ejecucion,Pasos planificados,Pasos ejecutados,Errores ejecucion,Num dormir planificado,Correctos dormir,Errores dormir,Num ubicacion planificado,Correctos ubicacion,Errores ubicacion,Paradas posibles,Paradas realizadas,Errores parada por tiempo excedido,Num errores por tiempo excedido
16,3,1,1,15:19:30.920,Tiempo final,Tiempo duracion,Completado,Reglas planificacion cumplidas,%Reglas respetadas ejecucion,Pasos planificados,Pasos ejecutados,Errores ejecucion,Num dormir planificado,Correctos dormir,Errores dormir,Num ubicacion planificado,Correctos ubicacion,Errores ubicacion,Paradas posibles,Paradas realizadas,Errores parada por tiempo excedido,Num errores por tiempo excedido
16,3,2,1,15:23:30.830,Tiempo final,Tiempo duracion,Completado,Reglas planificacion cumplidas,%Reglas respetadas ejecucion,Pasos planificados,Pasos ejecutados,Errores ejecucion,Num dormir planificado,Correctos dormir,Errores dormir,Num ubicacion planificado,Correctos ubicacion,Errores ubicacion,Paradas posibles,Paradas realizadas,Errores parada por tiempo excedido,Num errores por tiempo excedido
16,3,3,1,15:29:21.792,Tiempo final,Tiempo duracion,Completado,Reglas planificacion cumplidas,%Reglas respetadas ejecucion,Pasos planificados,Pasos ejecutados,Errores ejecucion,Num dormir planificado,Correctos dormir,Errores dormir,Num ubicacion planificado,Correctos ubicacion,Errores ubicacion,Paradas posibles,Paradas realizadas,Errores parada por tiempo excedido,Num errores por tiempo excedido
16,3,3,2,15:36:00.935,Tiempo final,Tiempo duracion,Completado,Reglas planificacion cumplidas,%Reglas respetadas ejecucion,Pasos planificados,Pasos ejecutados,Errores ejecucion,Num dormir planificado,Correctos dormir,Errores dormir,Num ubicacion planificado,Correctos ubicacion,Errores ubicacion,Paradas posibles,Paradas realizadas,Errores parada por tiempo excedido,Num errores por tiempo excedido
17,1,1,1,14:23:03.711,Tiempo final,Tiempo duracion,Completado,Reglas planificacion cumplidas,%Reglas respetadas ejecucion,Pasos planificados,Pasos ejecutados,Errores ejecucion,Num dormir planificado,Correctos dormir,Errores dormir,Num ubicacion planificado,Correctos ubicacion,Errores ubicacion,Paradas posibles,Paradas realizadas,Errores parada por tiempo excedido,Num errores por tiempo excedido
17,1,1,2,14:25:02.794,Tiempo final,Tiempo duracion,Completado,Reglas planificacion cumplidas,%Reglas respetadas ejecucion,Pasos planificados,Pasos ejecutados,Errores ejecucion,Num dormir planificado,Correctos dormir,Errores dormir,Num ubicacion planificado,Correctos ubicacion,Errores ubicacion,Paradas posibles,Paradas realizadas,Errores parada por tiempo excedido,Num errores por tiempo excedido
17,1,1,3,14:27:34.717,Tiempo final,Tiempo duracion,Completado,Reglas planificacion cumplidas,%Reglas respetadas ejecucion,Pasos planificados,Pasos ejecutados,Errores ejecucion,Num dormir planificado,Correctos dormir,Errores dormir,Num ubicacion planificado,Correctos ubicacion,Errores ubicacion,Paradas posibles,Paradas realizadas,Errores parada por tiempo excedido,Num errores por tiempo excedido
17,1,1,4,14:29:37.620,Tiempo final,Tiempo duracion,Completado,Reglas planificacion cumplidas,%Reglas respetadas ejecucion,Pasos planificados,Pasos ejecutados,Errores ejecucion,Num dormir planificado,Correctos dormir,Errores dormir,Num ubicacion planificado,Correctos ubicacion,Errores ubicacion,Paradas posibles,Paradas realizadas,Errores parada por tiempo excedido,Num errores por tiempo excedido
17,1,1,5,14:31:19.958,Tiempo final,Tiempo duracion,Completado,Reglas planificacion cumplidas,%Reglas respetadas ejecucion,Pasos planificados,Pasos ejecutados,Errores ejecucion,Num dormir planificado,Correctos dormir,Errores dormir,Num ubicacion planificado,Correctos ubicacion,Errores ubicacion,Paradas posibles,Paradas realizadas,Errores parada por tiempo excedido,Num errores por tiempo excedido
17,1,1,6,14:32:13.378,Tiempo final,Tiempo duracion,Completado,Reglas planificacion cumplidas,%Reglas respetadas ejecucion,Pasos planificados,Pasos ejecutados,Errores ejecucion,Num dormir planificado,Correctos dormir,Errores dormir,Num ubicacion planificado,Correctos ubicacion,Errores ubicacion,Paradas posibles,Paradas realizadas,Errores parada por tiempo excedido,Num errores por tiempo excedido
17,1,1,7,14:34:35.589,Tiempo final,Tiempo duracion,Completado,Reglas planificacion cumplidas,%Reglas respetadas ejecucion,Pasos planificados,Pasos ejecutados,Errores ejecucion,Num dormir planificado,Correctos dormir,Errores dormir,Num ubicacion planificado,Correctos ubicacion,Errores ubicacion,Paradas posibles,Paradas realizadas,Errores parada por tiempo excedido,Num errores por tiempo excedido
17,1,1,8,14:36:38.967,Tiempo final,Tiempo duracion,Completado,Reglas planificacion cumplidas,%Reglas respetadas ejecucion,Pasos planificados,Pasos ejecutados,Errores ejecucion,Num dormir planificado,Correctos dormir,Errores dormir,Num ubicacion planificado,Correctos ubicacion,Errores ubicacion,Paradas posibles,Paradas realizadas,Errores parada por tiempo excedido,Num errores por tiempo excedido
17,1,1,9,14:37:52.044,Tiempo final,Tiempo duracion,Completado,Reglas planificacion cumplidas,%Reglas respetadas ejecucion,Pasos planificados,Pasos ejecutados,Errores ejecucion,Num dormir planificado,Correctos dormir,Errores dormir,Num ubicacion planificado,Correctos ubicacion,Errores ubicacion,Paradas posibles,Paradas realizadas,Errores parada por tiempo excedido,Num errores por tiempo excedido
17,1,2,1,14:40:03.021,Tiempo final,Tiempo duracion,Completado,Reglas planificacion cumplidas,%Reglas respetadas ejecucion,Pasos planificados,Pasos ejecutados,Errores ejecucion,Num dormir planificado,Correctos dormir,Errores dormir,Num ubicacion planificado,Correctos ubicacion,Errores ubicacion,Paradas posibles,Paradas realizadas,Errores parada por tiempo excedido,Num errores por tiempo excedido
17,1,2,2,14:42:08.964,Tiempo final,Tiempo duracion,Completado,Reglas planificacion cumplidas,%Reglas respetadas ejecucion,Pasos planificados,Pasos ejecutados,Errores ejecucion,Num dormir planificado,Correctos dormir,Errores dormir,Num ubicacion planificado,Correctos ubicacion,Errores ubicacion,Paradas posibles,Paradas realizadas,Errores parada por tiempo excedido,Num errores por tiempo excedido
17,1,3,1,14:45:28.196,Tiempo final,Tiempo duracion,Completado,Reglas planificacion cumplidas,%Reglas respetadas ejecucion,Pasos planificados,Pasos ejecutados,Errores ejecucion,Num dormir planificado,Correctos dormir,Errores dormir,Num ubicacion planificado,Correctos ubicacion,Errores ubicacion,Paradas posibles,Paradas realizadas,Errores parada por tiempo excedido,Num errores por tiempo excedido
17,3,1,1,14:14:43.812,Tiempo final,Tiempo duracion,Completado,Reglas planificacion cumplidas,%Reglas respetadas ejecucion,Pasos planificados,Pasos ejecutados,Errores ejecucion,Num dormir planificado,Correctos dormir,Errores dormir,Num ubicacion planificado,Correctos ubicacion,Errores ubicacion,Paradas posibles,Paradas realizadas,Errores parada por tiempo excedido,Num errores por tiempo excedido
17,3,1,2,14:17:46.072,Tiempo final,Tiempo duracion,Completado,Reglas planificacion cumplidas,%Reglas respetadas ejecucion,Pasos planificados,Pasos ejecutados,Errores ejecucion,Num dormir planificado,Correctos dormir,Errores dormir,Num ubicacion planificado,Correctos ubicacion,Errores ubicacion,Paradas posibles,Paradas realizadas,Errores parada por tiempo excedido,Num errores por tiempo excedido
17,3,1,3,14:21:59.767,Tiempo final,Tiempo duracion,Completado,Reglas planificacion cumplidas,%Reglas respetadas ejecucion,Pasos planificados,Pasos ejecutados,Errores ejecucion,Num dormir planificado,Correctos dormir,Errores dormir,Num ubicacion planificado,Correctos ubicacion,Errores ubicacion,Paradas posibles,Paradas realizadas,Errores parada por tiempo excedido,Num errores por tiempo excedido
17,3,1,4,14:28:30.420,Tiempo final,Tiempo duracion,Completado,Reglas planificacion cumplidas,%Reglas respetadas ejecucion,Pasos planificados,Pasos ejecutados,Errores ejecucion,Num dormir planificado,Correctos dormir,Errores dormir,Num ubicacion planificado,Correctos ubicacion,Errores ubicacion,Paradas posibles,Paradas realizadas,Errores parada por tiempo excedido,Num errores por tiempo excedido
17,3,2,1,14:31:57.052,Tiempo final,Tiempo duracion,Completado,Reglas planificacion cumplidas,%Reglas respetadas ejecucion,Pasos planificados,Pasos ejecutados,Errores ejecucion,Num dormir planificado,Correctos dormir,Errores dormir,Num ubicacion planificado,Correctos ubicacion,Errores ubicacion,Paradas posibles,Paradas realizadas,Errores parada por tiempo excedido,Num errores por tiempo excedido
17,3,3,1,14:37:24.618,Tiempo final,Tiempo duracion,Completado,Reglas planificacion cumplidas,%Reglas respetadas ejecucion,Pasos planificados,Pasos ejecutados,Errores ejecucion,Num dormir planificado,Correctos dormir,Errores dormir,Num ubicacion planificado,Correctos ubicacion,Errores ubicacion,Paradas posibles,Paradas realizadas,Errores parada por tiempo excedido,Num errores por tiempo excedido
17,3,1,1,14:43:56.411,Tiempo final,Tiempo duracion,Completado,Reglas planificacion cumplidas,%Reglas respetadas ejecucion,Pasos planificados,Pasos ejecutados,Errores ejecucion,Num dormir planificado,Correctos dormir,Errores dormir,Num ubicacion planificado,Correctos ubicacion,Errores ubicacion,Paradas posibles,Paradas realizadas,Errores parada por tiempo excedido,Num errores por tiempo excedido
18,1,1,1,14:41:30.786,Tiempo final,Tiempo duracion,Completado,Reglas planificacion cumplidas,%Reglas respetadas ejecucion,Pasos planificados,Pasos ejecutados,Errores ejecucion,Num dormir planificado,Correctos dormir,Errores dormir,Num ubicacion planificado,Correctos ubicacion,Errores ubicacion,Paradas posibles,Paradas realizadas,Errores parada por tiempo excedido,Num errores por tiempo excedido
18,1,1,2,14:44:38.466,Tiempo final,Tiempo duracion,Completado,Reglas planificacion cumplidas,%Reglas respetadas ejecucion,Pasos planificados,Pasos ejecutados,Errores ejecucion,Num dormir planificado,Correctos dormir,Errores dormir,Num ubicacion planificado,Correctos ubicacion,Errores ubicacion,Paradas posibles,Paradas realizadas,Errores parada por tiempo excedido,Num errores por tiempo excedido
18,1,1,3,14:46:25.315,Tiempo final,Tiempo duracion,Completado,Reglas planificacion cumplidas,%Reglas respetadas ejecucion,Pasos planificados,Pasos ejecutados,Errores ejecucion,Num dormir planificado,Correctos dormir,Errores dormir,Num ubicacion planificado,Correctos ubicacion,Errores ubicacion,Paradas posibles,Paradas realizadas,Errores parada por tiempo excedido,Num errores por tiempo excedido
18,1,1,4,14:50:31.503,Tiempo final,Tiempo duracion,Completado,Reglas planificacion cumplidas,%Reglas respetadas ejecucion,Pasos planificados,Pasos ejecutados,Errores ejecucion,Num dormir planificado,Correctos dormir,Errores dormir,Num ubicacion planificado,Correctos ubicacion,Errores ubicacion,Paradas posibles,Paradas realizadas,Errores parada por tiempo excedido,Num errores por tiempo excedido
18,1,1,5,14:51:41.265,Tiempo final,Tiempo duracion,Completado,Reglas planificacion cumplidas,%Reglas respetadas ejecucion,Pasos planificados,Pasos ejecutados,Errores ejecucion,Num dormir planificado,Correctos dormir,Errores dormir,Num ubicacion planificado,Correctos ubicacion,Errores ubicacion,Paradas posibles,Paradas realizadas,Errores parada por tiempo excedido,Num errores por tiempo excedido
18,1,1,6,14:53:44.613,Tiempo final,Tiempo duracion,Completado,Reglas planificacion cumplidas,%Reglas respetadas ejecucion,Pasos planificados,Pasos ejecutados,Errores ejecucion,Num dormir planificado,Correctos dormir,Errores dormir,Num ubicacion planificado,Correctos ubicacion,Errores ubicacion,Paradas posibles,Paradas realizadas,Errores parada por tiempo excedido,Num errores por tiempo excedido
18,1,1,1,14:56:41.369,Tiempo final,Tiempo duracion,Completado,Reglas planificacion cumplidas,%Reglas respetadas ejecucion,Pasos planificados,Pasos ejecutados,Errores ejecucion,Num dormir planificado,Correctos dormir,Errores dormir,Num ubicacion planificado,Correctos ubicacion,Errores ubicacion,Paradas posibles,Paradas realizadas,Errores parada por tiempo excedido,Num errores por tiempo excedido
18,1,1,2,14:57:50.278,Tiempo final,Tiempo duracion,Completado,Reglas planificacion cumplidas,%Reglas respetadas ejecucion,Pasos planificados,Pasos ejecutados,Errores ejecucion,Num dormir planificado,Correctos dormir,Errores dormir,Num ubicacion planificado,Correctos ubicacion,Errores ubicacion,Paradas posibles,Paradas realizadas,Errores parada por tiempo excedido,Num errores por tiempo excedido
18,1,2,1,15:00:04.877,Tiempo final,Tiempo duracion,Completado,Reglas planificacion cumplidas,%Reglas respetadas ejecucion,Pasos planificados,Pasos ejecutados,Errores ejecucion,Num dormir planificado,Correctos dormir,Errores dormir,Num ubicacion planificado,Correctos ubicacion,Errores ubicacion,Paradas posibles,Paradas realizadas,Errores parada por tiempo excedido,Num errores por tiempo excedido
18,1,3,1,15:04:05.779,Tiempo final,Tiempo duracion,Completado,Reglas planificacion cumplidas,%Reglas respetadas ejecucion,Pasos planificados,Pasos ejecutados,Errores ejecucion,Num dormir planificado,Correctos dormir,Errores dormir,Num ubicacion planificado,Correctos ubicacion,Errores ubicacion,Paradas posibles,Paradas realizadas,Errores parada por tiempo excedido,Num errores por tiempo excedido
18,1,3,2,15:06:20.767,Tiempo final,Tiempo duracion,Completado,Reglas planificacion cumplidas,%Reglas respetadas ejecucion,Pasos planificados,Pasos ejecutados,Errores ejecucion,Num dormir planificado,Correctos dormir,Errores dormir,Num ubicacion planificado,Correctos ubicacion,Errores ubicacion,Paradas posibles,Paradas realizadas,Errores parada por tiempo excedido,Num errores por tiempo excedido
18,1,3,3,15:08:13.571,Tiempo final,Tiempo duracion,Completado,Reglas planificacion cumplidas,%Reglas respetadas ejecucion,Pasos planificados,Pasos ejecutados,Errores ejecucion,Num dormir planificado,Correctos dormir,Errores dormir,Num ubicacion planificado,Correctos ubicacion,Errores ubicacion,Paradas posibles,Paradas realizadas,Errores parada por tiempo excedido,Num errores por tiempo excedido
18,1,3,4,15:10:48.397,Tiempo final,Tiempo duracion,Completado,Reglas planificacion cumplidas,%Reglas respetadas ejecucion,Pasos planificados,Pasos ejecutados,Errores ejecucion,Num dormir planificado,Correctos dormir,Errores dormir,Num ubicacion planificado,Correctos ubicacion,Errores ubicacion,Paradas posibles,Paradas realizadas,Errores parada por tiempo excedido,Num errores por tiempo excedido
18,3,1,1,15:06:50.654,Tiempo final,Tiempo duracion,Completado,Reglas planificacion cumplidas,%Reglas respetadas ejecucion,Pasos planificados,Pasos ejecutados,Errores ejecucion,Num dormir planificado,Correctos dormir,Errores dormir,Num ubicacion planificado,Correctos ubicacion,Errores ubicacion,Paradas posibles,Paradas realizadas,Errores parada por tiempo excedido,Num errores por tiempo excedido
18,3,1,2,15:08:51.629,Tiempo final,Tiempo duracion,Completado,Reglas planificacion cumplidas,%Reglas respetadas ejecucion,Pasos planificados,Pasos ejecutados,Errores ejecucion,Num dormir planificado,Correctos dormir,Errores dormir,Num ubicacion planificado,Correctos ubicacion,Errores ubicacion,Paradas posibles,Paradas realizadas,Errores parada por tiempo excedido,Num errores por tiempo excedido
18,3,2,1,15:12:14.783,Tiempo final,Tiempo duracion,Completado,Reglas planificacion cumplidas,%Reglas respetadas ejecucion,Pasos planificados,Pasos ejecutados,Errores ejecucion,Num dormir planificado,Correctos dormir,Errores dormir,Num ubicacion planificado,Correctos ubicacion,Errores ubicacion,Paradas posibles,Paradas realizadas,Errores parada por tiempo excedido,Num errores por tiempo excedido
18,3,2,2,15:14:34.972,Tiempo final,Tiempo duracion,Completado,Reglas planificacion cumplidas,%Reglas respetadas ejecucion,Pasos planificados,Pasos ejecutados,Errores ejecucion,Num dormir planificado,Correctos dormir,Errores dormir,Num ubicacion planificado,Correctos ubicacion,Errores ubicacion,Paradas posibles,Paradas realizadas,Errores parada por tiempo excedido,Num errores por tiempo excedido
18,3,3,1,15:19:02.477,Tiempo final,Tiempo duracion,Completado,Reglas planificacion cumplidas,%Reglas respetadas ejecucion,Pasos planificados,Pasos ejecutados,Errores ejecucion,Num dormir planificado,Correctos dormir,Errores dormir,Num ubicacion planificado,Correctos ubicacion,Errores ubicacion,Paradas posibles,Paradas realizadas,Errores parada por tiempo excedido,Num errores por tiempo excedido
18,3,3,2,15:21:08.639,Tiempo final,Tiempo duracion,Completado,Reglas planificacion cumplidas,%Reglas respetadas ejecucion,Pasos planificados,Pasos ejecutados,Errores ejecucion,Num dormir planificado,Correctos dormir,Errores dormir,Num ubicacion planificado,Correctos ubicacion,Errores ubicacion,Paradas posibles,Paradas realizadas,Errores parada por tiempo excedido,Num errores por tiempo excedido
18,3,3,3,15:26:17.052,Tiempo final,Tiempo duracion,Completado,Reglas planificacion cumplidas,%Reglas respetadas ejecucion,Pasos planificados,Pasos ejecutados,Errores ejecucion,Num dormir planificado,Correctos dormir,Errores dormir,Num ubicacion planificado,Correctos ubicacion,Errores ubicacion,Paradas posibles,Paradas realizadas,Errores parada por tiempo excedido,Num errores por tiempo excedido
18,3,1,1,15:43:52.111,Tiempo final,Tiempo duracion,Completado,Reglas planificacion cumplidas,%Reglas respetadas ejecucion,Pasos planificados,Pasos ejecutados,Errores ejecucion,Num dormir planificado,Correctos dormir,Errores dormir,Num ubicacion planificado,Correctos ubicacion,Errores ubicacion,Paradas posibles,Paradas realizadas,Errores parada por tiempo excedido,Num errores por tiempo excedido
19,1,1,1,14:22:36.656,Tiempo final,Tiempo duracion,Completado,Reglas planificacion cumplidas,%Reglas respetadas ejecucion,Pasos planificados,Pasos ejecutados,Errores ejecucion,Num dormir planificado,Correctos dormir,Errores dormir,Num ubicacion planificado,Correctos ubicacion,Errores ubicacion,Paradas posibles,Paradas realizadas,Errores parada por tiempo excedido,Num errores por tiempo excedido
19,1,1,2,14:23:50.879,Tiempo final,Tiempo duracion,Completado,Reglas planificacion cumplidas,%Reglas respetadas ejecucion,Pasos planificados,Pasos ejecutados,Errores ejecucion,Num dormir planificado,Correctos dormir,Errores dormir,Num ubicacion planificado,Correctos ubicacion,Errores ubicacion,Paradas posibles,Paradas realizadas,Errores parada por tiempo excedido,Num errores por tiempo excedido
19,1,1,3,14:28:57.300,Tiempo final,Tiempo duracion,Completado,Reglas planificacion cumplidas,%Reglas respetadas ejecucion,Pasos planificados,Pasos ejecutados,Errores ejecucion,Num dormir planificado,Correctos dormir,Errores dormir,Num ubicacion planificado,Correctos ubicacion,Errores ubicacion,Paradas posibles,Paradas realizadas,Errores parada por tiempo excedido,Num errores por tiempo excedido
19,1,1,4,14:32:27.714,Tiempo final,Tiempo duracion,Completado,Reglas planificacion cumplidas,%Reglas respetadas ejecucion,Pasos planificados,Pasos ejecutados,Errores ejecucion,Num dormir planificado,Correctos dormir,Errores dormir,Num ubicacion planificado,Correctos ubicacion,Errores ubicacion,Paradas posibles,Paradas realizadas,Errores parada por tiempo excedido,Num errores por tiempo excedido
19,1,1,5,14:35:42.014,Tiempo final,Tiempo duracion,Completado,Reglas planificacion cumplidas,%Reglas respetadas ejecucion,Pasos planificados,Pasos ejecutados,Errores ejecucion,Num dormir planificado,Correctos dormir,Errores dormir,Num ubicacion planificado,Correctos ubicacion,Errores ubicacion,Paradas posibles,Paradas realizadas,Errores parada por tiempo excedido,Num errores por tiempo excedido
19,1,1,6,14:38:57.186,Tiempo final,Tiempo duracion,Completado,Reglas planificacion cumplidas,%Reglas respetadas ejecucion,Pasos planificados,Pasos ejecutados,Errores ejecucion,Num dormir planificado,Correctos dormir,Errores dormir,Num ubicacion planificado,Correctos ubicacion,Errores ubicacion,Paradas posibles,Paradas realizadas,Errores parada por tiempo excedido,Num errores por tiempo excedido
19,1,2,1,14:43:21.606,Tiempo final,Tiempo duracion,Completado,Reglas planificacion cumplidas,%Reglas respetadas ejecucion,Pasos planificados,Pasos ejecutados,Errores ejecucion,Num dormir planificado,Correctos dormir,Errores dormir,Num ubicacion planificado,Correctos ubicacion,Errores ubicacion,Paradas posibles,Paradas realizadas,Errores parada por tiempo excedido,Num errores por tiempo excedido
19,1,3,1,14:48:20.692,Tiempo final,Tiempo duracion,Completado,Reglas planificacion cumplidas,%Reglas respetadas ejecucion,Pasos planificados,Pasos ejecutados,Errores ejecucion,Num dormir planificado,Correctos dormir,Errores dormir,Num ubicacion planificado,Correctos ubicacion,Errores ubicacion,Paradas posibles,Paradas realizadas,Errores parada por tiempo excedido,Num errores por tiempo excedido
19,3,1,1,14:14:22.689,Tiempo final,Tiempo duracion,Completado,Reglas planificacion cumplidas,%Reglas respetadas ejecucion,Pasos planificados,Pasos ejecutados,Errores ejecucion,Num dormir planificado,Correctos dormir,Errores dormir,Num ubicacion planificado,Correctos ubicacion,Errores ubicacion,Paradas posibles,Paradas realizadas,Errores parada por tiempo excedido,Num errores por tiempo excedido
19,3,2,1,14:19:59.749,Tiempo final,Tiempo duracion,Completado,Reglas planificacion cumplidas,%Reglas respetadas ejecucion,Pasos planificados,Pasos ejecutados,Errores ejecucion,Num dormir planificado,Correctos dormir,Errores dormir,Num ubicacion planificado,Correctos ubicacion,Errores ubicacion,Paradas posibles,Paradas realizadas,Errores parada por tiempo excedido,Num errores por tiempo excedido
19,3,2,2,14:21:14.534,Tiempo final,Tiempo duracion,Completado,Reglas planificacion cumplidas,%Reglas respetadas ejecucion,Pasos planificados,Pasos ejecutados,Errores ejecucion,Num dormir planificado,Correctos dormir,Errores dormir,Num ubicacion planificado,Correctos ubicacion,Errores ubicacion,Paradas posibles,Paradas realizadas,Errores parada por tiempo excedido,Num errores por tiempo excedido
19,3,3,1,14:25:43.947,Tiempo final,Tiempo duracion,Completado,Reglas planificacion cumplidas,%Reglas respetadas ejecucion,Pasos planificados,Pasos ejecutados,Errores ejecucion,Num dormir planificado,Correctos dormir,Errores dormir,Num ubicacion planificado,Correctos ubicacion,Errores ubicacion,Paradas posibles,Paradas realizadas,Errores parada por tiempo excedido,Num errores por tiempo excedido
19,3,3,2,14:29:53.989,Tiempo final,Tiempo duracion,Completado,Reglas planificacion cumplidas,%Reglas respetadas ejecucion,Pasos planificados,Pasos ejecutados,Errores ejecucion,Num dormir planificado,Correctos dormir,Errores dormir,Num ubicacion planificado,Correctos ubicacion,Errores ubicacion,Paradas posibles,Paradas realizadas,Errores parada por tiempo excedido,Num errores por tiempo excedido
1,2,1,1,15:03:08.992,Tiempo final,Tiempo duracion,Completado,Reglas planificacion cumplidas,%Reglas respetadas ejecucion,Pasos planificados,Pasos ejecutados,Errores ejecucion,Num dormir planificado,Correctos dormir,Errores dormir,Num ubicacion planificado,Correctos ubicacion,Errores ubicacion,Paradas posibles,Paradas realizadas,Errores parada por tiempo excedido,Num errores por tiempo excedido
21,1,1,1,15:25:15.288,Tiempo final,Tiempo duracion,Completado,Reglas planificacion cumplidas,%Reglas respetadas ejecucion,Pasos planificados,Pasos ejecutados,Errores ejecucion,Num dormir planificado,Correctos dormir,Errores dormir,Num ubicacion planificado,Correctos ubicacion,Errores ubicacion,Paradas posibles,Paradas realizadas,Errores parada por tiempo excedido,Num errores por tiempo excedido
21,1,1,2,15:28:19.596,Tiempo final,Tiempo duracion,Completado,Reglas planificacion cumplidas,%Reglas respetadas ejecucion,Pasos planificados,Pasos ejecutados,Errores ejecucion,Num dormir planificado,Correctos dormir,Errores dormir,Num ubicacion planificado,Correctos ubicacion,Errores ubicacion,Paradas posibles,Paradas realizadas,Errores parada por tiempo excedido,Num errores por tiempo excedido
21,1,1,3,15:30:33.491,Tiempo final,Tiempo duracion,Completado,Reglas planificacion cumplidas,%Reglas respetadas ejecucion,Pasos planificados,Pasos ejecutados,Errores ejecucion,Num dormir planificado,Correctos dormir,Errores dormir,Num ubicacion planificado,Correctos ubicacion,Errores ubicacion,Paradas posibles,Paradas realizadas,Errores parada por tiempo excedido,Num errores por tiempo excedido
21,1,1,4,15:32:57.636,Tiempo final,Tiempo duracion,Completado,Reglas planificacion cumplidas,%Reglas respetadas ejecucion,Pasos planificados,Pasos ejecutados,Errores ejecucion,Num dormir planificado,Correctos dormir,Errores dormir,Num ubicacion planificado,Correctos ubicacion,Errores ubicacion,Paradas posibles,Paradas realizadas,Errores parada por tiempo excedido,Num errores por tiempo excedido
21,1,1,5,15:35:25.737,Tiempo final,Tiempo duracion,Completado,Reglas planificacion cumplidas,%Reglas respetadas ejecucion,Pasos planificados,Pasos ejecutados,Errores ejecucion,Num dormir planificado,Correctos dormir,Errores dormir,Num ubicacion planificado,Correctos ubicacion,Errores ubicacion,Paradas posibles,Paradas realizadas,Errores parada por tiempo excedido,Num errores por tiempo excedido
21,1,2,1,15:38:19.551,Tiempo final,Tiempo duracion,Completado,Reglas planificacion cumplidas,%Reglas respetadas ejecucion,Pasos planificados,Pasos ejecutados,Errores ejecucion,Num dormir planificado,Correctos dormir,Errores dormir,Num ubicacion planificado,Correctos ubicacion,Errores ubicacion,Paradas posibles,Paradas realizadas,Errores parada por tiempo excedido,Num errores por tiempo excedido
21,1,3,1,15:42:19.447,Tiempo final,Tiempo duracion,Completado,Reglas planificacion cumplidas,%Reglas respetadas ejecucion,Pasos planificados,Pasos ejecutados,Errores ejecucion,Num dormir planificado,Correctos dormir,Errores dormir,Num ubicacion planificado,Correctos ubicacion,Errores ubicacion,Paradas posibles,Paradas realizadas,Errores parada por tiempo excedido,Num errores por tiempo excedido
21,1,3,2,15:45:16.383,Tiempo final,Tiempo duracion,Completado,Reglas planificacion cumplidas,%Reglas respetadas ejecucion,Pasos planificados,Pasos ejecutados,Errores ejecucion,Num dormir planificado,Correctos dormir,Errores dormir,Num ubicacion planificado,Correctos ubicacion,Errores ubicacion,Paradas posibles,Paradas realizadas,Errores parada por tiempo excedido,Num errores por tiempo excedido
21,1,3,3,15:47:52.939,Tiempo final,Tiempo duracion,Completado,Reglas planificacion cumplidas,%Reglas respetadas ejecucion,Pasos planificados,Pasos ejecutados,Errores ejecucion,Num dormir planificado,Correctos dormir,Errores dormir,Num ubicacion planificado,Correctos ubicacion,Errores ubicacion,Paradas posibles,Paradas realizadas,Errores parada por tiempo excedido,Num errores por tiempo excedido
21,1,3,4,15:49:51.077,Tiempo final,Tiempo duracion,Completado,Reglas planificacion cumplidas,%Reglas respetadas ejecucion,Pasos planificados,Pasos ejecutados,Errores ejecucion,Num dormir planificado,Correctos dormir,Errores dormir,Num ubicacion planificado,Correctos ubicacion,Errores ubicacion,Paradas posibles,Paradas realizadas,Errores parada por tiempo excedido,Num errores por tiempo excedido
21,3,1,1,15:05:45.125,Tiempo final,Tiempo duracion,Completado,Reglas planificacion cumplidas,%Reglas respetadas ejecucion,Pasos planificados,Pasos ejecutados,Errores ejecucion,Num dormir planificado,Correctos dormir,Errores dormir,Num ubicacion planificado,Correctos ubicacion,Errores ubicacion,Paradas posibles,Paradas realizadas,Errores parada por tiempo excedido,Num errores por tiempo excedido
21,3,1,2,15:08:17.377,Tiempo final,Tiempo duracion,Completado,Reglas planificacion cumplidas,%Reglas respetadas ejecucion,Pasos planificados,Pasos ejecutados,Errores ejecucion,Num dormir planificado,Correctos dormir,Errores dormir,Num ubicacion planificado,Correctos ubicacion,Errores ubicacion,Paradas posibles,Paradas realizadas,Errores parada por tiempo excedido,Num errores por tiempo excedido
21,3,1,3,15:10:40.174,Tiempo final,Tiempo duracion,Completado,Reglas planificacion cumplidas,%Reglas respetadas ejecucion,Pasos planificados,Pasos ejecutados,Errores ejecucion,Num dormir planificado,Correctos dormir,Errores dormir,Num ubicacion planificado,Correctos ubicacion,Errores ubicacion,Paradas posibles,Paradas realizadas,Errores parada por tiempo excedido,Num errores por tiempo excedido
21,3,2,1,15:13:24.558,Tiempo final,Tiempo duracion,Completado,Reglas planificacion cumplidas,%Reglas respetadas ejecucion,Pasos planificados,Pasos ejecutados,Errores ejecucion,Num dormir planificado,Correctos dormir,Errores dormir,Num ubicacion planificado,Correctos ubicacion,Errores ubicacion,Paradas posibles,Paradas realizadas,Errores parada por tiempo excedido,Num errores por tiempo excedido
21,3,2,2,15:16:07.609,Tiempo final,Tiempo duracion,Completado,Reglas planificacion cumplidas,%Reglas respetadas ejecucion,Pasos planificados,Pasos ejecutados,Errores ejecucion,Num dormir planificado,Correctos dormir,Errores dormir,Num ubicacion planificado,Correctos ubicacion,Errores ubicacion,Paradas posibles,Paradas realizadas,Errores parada por tiempo excedido,Num errores por tiempo excedido
21,3,2,3,15:18:20.726,Tiempo final,Tiempo duracion,Completado,Reglas planificacion cumplidas,%Reglas respetadas ejecucion,Pasos planificados,Pasos ejecutados,Errores ejecucion,Num dormir planificado,Correctos dormir,Errores dormir,Num ubicacion planificado,Correctos ubicacion,Errores ubicacion,Paradas posibles,Paradas realizadas,Errores parada por tiempo excedido,Num errores por tiempo excedido
21,3,3,1,15:21:30.015,Tiempo final,Tiempo duracion,Completado,Reglas planificacion cumplidas,%Reglas respetadas ejecucion,Pasos planificados,Pasos ejecutados,Errores ejecucion,Num dormir planificado,Correctos dormir,Errores dormir,Num ubicacion planificado,Correctos ubicacion,Errores ubicacion,Paradas posibles,Paradas realizadas,Errores parada por tiempo excedido,Num errores por tiempo excedido
21,3,3,2,15:23:06.845,Tiempo final,Tiempo duracion,Completado,Reglas planificacion cumplidas,%Reglas respetadas ejecucion,Pasos planificados,Pasos ejecutados,Errores ejecucion,Num dormir planificado,Correctos dormir,Errores dormir,Num ubicacion planificado,Correctos ubicacion,Errores ubicacion,Paradas posibles,Paradas realizadas,Errores parada por tiempo excedido,Num errores por tiempo excedido
21,3,3,3,15:25:12.441,Tiempo final,Tiempo duracion,Completado,Reglas planificacion cumplidas,%Reglas respetadas ejecucion,Pasos planificados,Pasos ejecutados,Errores ejecucion,Num dormir planificado,Correctos dormir,Errores dormir,Num ubicacion planificado,Correctos ubicacion,Errores ubicacion,Paradas posibles,Paradas realizadas,Errores parada por tiempo excedido,Num errores por tiempo excedido
21,3,3,4,15:26:31.079,Tiempo final,Tiempo duracion,Completado,Reglas planificacion cumplidas,%Reglas respetadas ejecucion,Pasos planificados,Pasos ejecutados,Errores ejecucion,Num dormir planificado,Correctos dormir,Errores dormir,Num ubicacion planificado,Correctos ubicacion,Errores ubicacion,Paradas posibles,Paradas realizadas,Errores parada por tiempo excedido,Num errores por tiempo excedido
21,3,3,5,15:28:52.805,Tiempo final,Tiempo duracion,Completado,Reglas planificacion cumplidas,%Reglas respetadas ejecucion,Pasos planificados,Pasos ejecutados,Errores ejecucion,Num dormir planificado,Correctos dormir,Errores dormir,Num ubicacion planificado,Correctos ubicacion,Errores ubicacion,Paradas posibles,Paradas realizadas,Errores parada por tiempo excedido,Num errores por tiempo excedido
21,3,3,6,15:31:38.862,Tiempo final,Tiempo duracion,Completado,Reglas planificacion cumplidas,%Reglas respetadas ejecucion,Pasos planificados,Pasos ejecutados,Errores ejecucion,Num dormir planificado,Correctos dormir,Errores dormir,Num ubicacion planificado,Correctos ubicacion,Errores ubicacion,Paradas posibles,Paradas realizadas,Errores parada por tiempo excedido,Num errores por tiempo excedido
21,3,3,7,15:33:38.043,Tiempo final,Tiempo duracion,Completado,Reglas planificacion cumplidas,%Reglas respetadas ejecucion,Pasos planificados,Pasos ejecutados,Errores ejecucion,Num dormir planificado,Correctos dormir,Errores dormir,Num ubicacion planificado,Correctos ubicacion,Errores ubicacion,Paradas posibles,Paradas realizadas,Errores parada por tiempo excedido,Num errores por tiempo excedido
21,3,3,8,15:35:42.819,Tiempo final,Tiempo duracion,Completado,Reglas planificacion cumplidas,%Reglas respetadas ejecucion,Pasos planificados,Pasos ejecutados,Errores ejecucion,Num dormir planificado,Correctos dormir,Errores dormir,Num ubicacion planificado,Correctos ubicacion,Errores ubicacion,Paradas posibles,Paradas realizadas,Errores parada por tiempo excedido,Num errores por tiempo excedido
21,3,3,9,15:36:45.811,Tiempo final,Tiempo duracion,Completado,Reglas planificacion cumplidas,%Reglas respetadas ejecucion,Pasos planificados,Pasos ejecutados,Errores ejecucion,Num dormir planificado,Correctos dormir,Errores dormir,Num ubicacion planificado,Correctos ubicacion,Errores ubicacion,Paradas posibles,Paradas realizadas,Errores parada por tiempo excedido,Num errores por tiempo excedido
21,3,3,10,15:37:37.418,Tiempo final,Tiempo duracion,Completado,Reglas planificacion cumplidas,%Reglas respetadas ejecucion,Pasos planificados,Pasos ejecutados,Errores ejecucion,Num dormir planificado,Correctos dormir,Errores dormir,Num ubicacion planificado,Correctos ubicacion,Errores ubicacion,Paradas posibles,Paradas realizadas,Errores parada por tiempo excedido,Num errores por tiempo excedido
21,3,3,11,15:39:15.246,Tiempo final,Tiempo duracion,Completado,Reglas planificacion cumplidas,%Reglas respetadas ejecucion,Pasos planificados,Pasos ejecutados,Errores ejecucion,Num dormir planificado,Correctos dormir,Errores dormir,Num ubicacion planificado,Correctos ubicacion,Errores ubicacion,Paradas posibles,Paradas realizadas,Errores parada por tiempo excedido,Num errores por tiempo excedido
21,3,1,1,15:51:06.616,Tiempo final,Tiempo duracion,Completado,Reglas planificacion cumplidas,%Reglas respetadas ejecucion,Pasos planificados,Pasos ejecutados,Errores ejecucion,Num dormir planificado,Correctos dormir,Errores dormir,Num ubicacion planificado,Correctos ubicacion,Errores ubicacion,Paradas posibles,Paradas realizadas,Errores parada por tiempo excedido,Num errores por tiempo excedido
22,1,1,1,15:16:10.840,Tiempo final,Tiempo duracion,Completado,Reglas planificacion cumplidas,%Reglas respetadas ejecucion,Pasos planificados,Pasos ejecutados,Errores ejecucion,Num dormir planificado,Correctos dormir,Errores dormir,Num ubicacion planificado,Correctos ubicacion,Errores ubicacion,Paradas posibles,Paradas realizadas,Errores parada por tiempo excedido,Num errores por tiempo excedido
22,1,1,2,15:19:01.309,Tiempo final,Tiempo duracion,Completado,Reglas planificacion cumplidas,%Reglas respetadas ejecucion,Pasos planificados,Pasos ejecutados,Errores ejecucion,Num dormir planificado,Correctos dormir,Errores dormir,Num ubicacion planificado,Correctos ubicacion,Errores ubicacion,Paradas posibles,Paradas realizadas,Errores parada por tiempo excedido,Num errores por tiempo excedido
22,1,2,1,15:21:32.368,Tiempo final,Tiempo duracion,Completado,Reglas planificacion cumplidas,%Reglas respetadas ejecucion,Pasos planificados,Pasos ejecutados,Errores ejecucion,Num dormir planificado,Correctos dormir,Errores dormir,Num ubicacion planificado,Correctos ubicacion,Errores ubicacion,Paradas posibles,Paradas realizadas,Errores parada por tiempo excedido,Num errores por tiempo excedido
22,1,2,2,15:25:29.075,Tiempo final,Tiempo duracion,Completado,Reglas planificacion cumplidas,%Reglas respetadas ejecucion,Pasos planificados,Pasos ejecutados,Errores ejecucion,Num dormir planificado,Correctos dormir,Errores dormir,Num ubicacion planificado,Correctos ubicacion,Errores ubicacion,Paradas posibles,Paradas realizadas,Errores parada por tiempo excedido,Num errores por tiempo excedido
22,1,2,3,15:29:13.092,Tiempo final,Tiempo duracion,Completado,Reglas planificacion cumplidas,%Reglas respetadas ejecucion,Pasos planificados,Pasos ejecutados,Errores ejecucion,Num dormir planificado,Correctos dormir,Errores dormir,Num ubicacion planificado,Correctos ubicacion,Errores ubicacion,Paradas posibles,Paradas realizadas,Errores parada por tiempo excedido,Num errores por tiempo excedido
22,1,2,4,15:34:29.189,Tiempo final,Tiempo duracion,Completado,Reglas planificacion cumplidas,%Reglas respetadas ejecucion,Pasos planificados,Pasos ejecutados,Errores ejecucion,Num dormir planificado,Correctos dormir,Errores dormir,Num ubicacion planificado,Correctos ubicacion,Errores ubicacion,Paradas posibles,Paradas realizadas,Errores parada por tiempo excedido,Num errores por tiempo excedido
22,1,3,1,15:38:46.956,Tiempo final,Tiempo duracion,Completado,Reglas planificacion cumplidas,%Reglas respetadas ejecucion,Pasos planificados,Pasos ejecutados,Errores ejecucion,Num dormir planificado,Correctos dormir,Errores dormir,Num ubicacion planificado,Correctos ubicacion,Errores ubicacion,Paradas posibles,Paradas realizadas,Errores parada por tiempo excedido,Num errores por tiempo excedido
22,1,3,2,15:41:21.069,Tiempo final,Tiempo duracion,Completado,Reglas planificacion cumplidas,%Reglas respetadas ejecucion,Pasos planificados,Pasos ejecutados,Errores ejecucion,Num dormir planificado,Correctos dormir,Errores dormir,Num ubicacion planificado,Correctos ubicacion,Errores ubicacion,Paradas posibles,Paradas realizadas,Errores parada por tiempo excedido,Num errores por tiempo excedido
22,3,1,1,14:59:31.381,Tiempo final,Tiempo duracion,Completado,Reglas planificacion cumplidas,%Reglas respetadas ejecucion,Pasos planificados,Pasos ejecutados,Errores ejecucion,Num dormir planificado,Correctos dormir,Errores dormir,Num ubicacion planificado,Correctos ubicacion,Errores ubicacion,Paradas posibles,Paradas realizadas,Errores parada por tiempo excedido,Num errores por tiempo excedido
22,3,1,2,15:02:47.426,Tiempo final,Tiempo duracion,Completado,Reglas planificacion cumplidas,%Reglas respetadas ejecucion,Pasos planificados,Pasos ejecutados,Errores ejecucion,Num dormir planificado,Correctos dormir,Errores dormir,Num ubicacion planificado,Correctos ubicacion,Errores ubicacion,Paradas posibles,Paradas realizadas,Errores parada por tiempo excedido,Num errores por tiempo excedido
22,3,1,3,15:04:17.463,Tiempo final,Tiempo duracion,Completado,Reglas planificacion cumplidas,%Reglas respetadas ejecucion,Pasos planificados,Pasos ejecutados,Errores ejecucion,Num dormir planificado,Correctos dormir,Errores dormir,Num ubicacion planificado,Correctos ubicacion,Errores ubicacion,Paradas posibles,Paradas realizadas,Errores parada por tiempo excedido,Num errores por tiempo excedido
22,3,2,1,15:07:16.598,Tiempo final,Tiempo duracion,Completado,Reglas planificacion cumplidas,%Reglas respetadas ejecucion,Pasos planificados,Pasos ejecutados,Errores ejecucion,Num dormir planificado,Correctos dormir,Errores dormir,Num ubicacion planificado,Correctos ubicacion,Errores ubicacion,Paradas posibles,Paradas realizadas,Errores parada por tiempo excedido,Num errores por tiempo excedido
22,3,2,2,15:11:29.321,Tiempo final,Tiempo duracion,Completado,Reglas planificacion cumplidas,%Reglas respetadas ejecucion,Pasos planificados,Pasos ejecutados,Errores ejecucion,Num dormir planificado,Correctos dormir,Errores dormir,Num ubicacion planificado,Correctos ubicacion,Errores ubicacion,Paradas posibles,Paradas realizadas,Errores parada por tiempo excedido,Num errores por tiempo excedido
22,3,2,3,15:16:39.744,Tiempo final,Tiempo duracion,Completado,Reglas planificacion cumplidas,%Reglas respetadas ejecucion,Pasos planificados,Pasos ejecutados,Errores ejecucion,Num dormir planificado,Correctos dormir,Errores dormir,Num ubicacion planificado,Correctos ubicacion,Errores ubicacion,Paradas posibles,Paradas realizadas,Errores parada por tiempo excedido,Num errores por tiempo excedido
22,3,2,4,15:18:03.502,Tiempo final,Tiempo duracion,Completado,Reglas planificacion cumplidas,%Reglas respetadas ejecucion,Pasos planificados,Pasos ejecutados,Errores ejecucion,Num dormir planificado,Correctos dormir,Errores dormir,Num ubicacion planificado,Correctos ubicacion,Errores ubicacion,Paradas posibles,Paradas realizadas,Errores parada por tiempo excedido,Num errores por tiempo excedido
22,3,2,5,15:19:11.584,Tiempo final,Tiempo duracion,Completado,Reglas planificacion cumplidas,%Reglas respetadas ejecucion,Pasos planificados,Pasos ejecutados,Errores ejecucion,Num dormir planificado,Correctos dormir,Errores dormir,Num ubicacion planificado,Correctos ubicacion,Errores ubicacion,Paradas posibles,Paradas realizadas,Errores parada por tiempo excedido,Num errores por tiempo excedido
22,3,2,6,15:23:19.082,Tiempo final,Tiempo duracion,Completado,Reglas planificacion cumplidas,%Reglas respetadas ejecucion,Pasos planificados,Pasos ejecutados,Errores ejecucion,Num dormir planificado,Correctos dormir,Errores dormir,Num ubicacion planificado,Correctos ubicacion,Errores ubicacion,Paradas posibles,Paradas realizadas,Errores parada por tiempo excedido,Num errores por tiempo excedido
22,3,2,7,15:27:51.170,Tiempo final,Tiempo duracion,Completado,Reglas planificacion cumplidas,%Reglas respetadas ejecucion,Pasos planificados,Pasos ejecutados,Errores ejecucion,Num dormir planificado,Correctos dormir,Errores dormir,Num ubicacion planificado,Correctos ubicacion,Errores ubicacion,Paradas posibles,Paradas realizadas,Errores parada por tiempo excedido,Num errores por tiempo excedido
22,3,2,8,15:33:08.179,Tiempo final,Tiempo duracion,Completado,Reglas planificacion cumplidas,%Reglas respetadas ejecucion,Pasos planificados,Pasos ejecutados,Errores ejecucion,Num dormir planificado,Correctos dormir,Errores dormir,Num ubicacion planificado,Correctos ubicacion,Errores ubicacion,Paradas posibles,Paradas realizadas,Errores parada por tiempo excedido,Num errores por tiempo excedido
22,3,2,9,15:43:02.532,Tiempo final,Tiempo duracion,Completado,Reglas planificacion cumplidas,%Reglas respetadas ejecucion,Pasos planificados,Pasos ejecutados,Errores ejecucion,Num dormir planificado,Correctos dormir,Errores dormir,Num ubicacion planificado,Correctos ubicacion,Errores ubicacion,Paradas posibles,Paradas realizadas,Errores parada por tiempo excedido,Num errores por tiempo excedido
22,3,2,10,15:49:43.120,Tiempo final,Tiempo duracion,Completado,Reglas planificacion cumplidas,%Reglas respetadas ejecucion,Pasos planificados,Pasos ejecutados,Errores ejecucion,Num dormir planificado,Correctos dormir,Errores dormir,Num ubicacion planificado,Correctos ubicacion,Errores ubicacion,Paradas posibles,Paradas realizadas,Errores parada por tiempo excedido,Num errores por tiempo excedido
23,1,1,1,14:22:05.338,Tiempo final,Tiempo duracion,Completado,Reglas planificacion cumplidas,%Reglas respetadas ejecucion,Pasos planificados,Pasos ejecutados,Errores ejecucion,Num dormir planificado,Correctos dormir,Errores dormir,Num ubicacion planificado,Correctos ubicacion,Errores ubicacion,Paradas posibles,Paradas realizadas,Errores parada por tiempo excedido,Num errores por tiempo excedido
23,1,1,2,14:25:14.506,Tiempo final,Tiempo duracion,Completado,Reglas planificacion cumplidas,%Reglas respetadas ejecucion,Pasos planificados,Pasos ejecutados,Errores ejecucion,Num dormir planificado,Correctos dormir,Errores dormir,Num ubicacion planificado,Correctos ubicacion,Errores ubicacion,Paradas posibles,Paradas realizadas,Errores parada por tiempo excedido,Num errores por tiempo excedido
23,1,1,3,14:28:19.700,Tiempo final,Tiempo duracion,Completado,Reglas planificacion cumplidas,%Reglas respetadas ejecucion,Pasos planificados,Pasos ejecutados,Errores ejecucion,Num dormir planificado,Correctos dormir,Errores dormir,Num ubicacion planificado,Correctos ubicacion,Errores ubicacion,Paradas posibles,Paradas realizadas,Errores parada por tiempo excedido,Num errores por tiempo excedido
23,1,1,4,14:31:41.840,Tiempo final,Tiempo duracion,Completado,Reglas planificacion cumplidas,%Reglas respetadas ejecucion,Pasos planificados,Pasos ejecutados,Errores ejecucion,Num dormir planificado,Correctos dormir,Errores dormir,Num ubicacion planificado,Correctos ubicacion,Errores ubicacion,Paradas posibles,Paradas realizadas,Errores parada por tiempo excedido,Num errores por tiempo excedido
23,1,1,5,14:34:37.213,Tiempo final,Tiempo duracion,Completado,Reglas planificacion cumplidas,%Reglas respetadas ejecucion,Pasos planificados,Pasos ejecutados,Errores ejecucion,Num dormir planificado,Correctos dormir,Errores dormir,Num ubicacion planificado,Correctos ubicacion,Errores ubicacion,Paradas posibles,Paradas realizadas,Errores parada por tiempo excedido,Num errores por tiempo excedido
23,1,1,6,14:36:32.453,Tiempo final,Tiempo duracion,Completado,Reglas planificacion cumplidas,%Reglas respetadas ejecucion,Pasos planificados,Pasos ejecutados,Errores ejecucion,Num dormir planificado,Correctos dormir,Errores dormir,Num ubicacion planificado,Correctos ubicacion,Errores ubicacion,Paradas posibles,Paradas realizadas,Errores parada por tiempo excedido,Num errores por tiempo excedido
23,1,1,7,14:39:44.548,Tiempo final,Tiempo duracion,Completado,Reglas planificacion cumplidas,%Reglas respetadas ejecucion,Pasos planificados,Pasos ejecutados,Errores ejecucion,Num dormir planificado,Correctos dormir,Errores dormir,Num ubicacion planificado,Correctos ubicacion,Errores ubicacion,Paradas posibles,Paradas realizadas,Errores parada por tiempo excedido,Num errores por tiempo excedido
23,1,1,8,14:42:16.630,Tiempo final,Tiempo duracion,Completado,Reglas planificacion cumplidas,%Reglas respetadas ejecucion,Pasos planificados,Pasos ejecutados,Errores ejecucion,Num dormir planificado,Correctos dormir,Errores dormir,Num ubicacion planificado,Correctos ubicacion,Errores ubicacion,Paradas posibles,Paradas realizadas,Errores parada por tiempo excedido,Num errores por tiempo excedido
23,1,1,9,14:45:05.046,Tiempo final,Tiempo duracion,Completado,Reglas planificacion cumplidas,%Reglas respetadas ejecucion,Pasos planificados,Pasos ejecutados,Errores ejecucion,Num dormir planificado,Correctos dormir,Errores dormir,Num ubicacion planificado,Correctos ubicacion,Errores ubicacion,Paradas posibles,Paradas realizadas,Errores parada por tiempo excedido,Num errores por tiempo excedido
23,1,1,10,14:49:18.020,Tiempo final,Tiempo duracion,Completado,Reglas planificacion cumplidas,%Reglas respetadas ejecucion,Pasos planificados,Pasos ejecutados,Errores ejecucion,Num dormir planificado,Correctos dormir,Errores dormir,Num ubicacion planificado,Correctos ubicacion,Errores ubicacion,Paradas posibles,Paradas realizadas,Errores parada por tiempo excedido,Num errores por tiempo excedido
23,1,2,1,14:51:11.307,Tiempo final,Tiempo duracion,Completado,Reglas planificacion cumplidas,%Reglas respetadas ejecucion,Pasos planificados,Pasos ejecutados,Errores ejecucion,Num dormir planificado,Correctos dormir,Errores dormir,Num ubicacion planificado,Correctos ubicacion,Errores ubicacion,Paradas posibles,Paradas realizadas,Errores parada por tiempo excedido,Num errores por tiempo excedido
23,1,2,2,14:52:40.532,Tiempo final,Tiempo duracion,Completado,Reglas planificacion cumplidas,%Reglas respetadas ejecucion,Pasos planificados,Pasos ejecutados,Errores ejecucion,Num dormir planificado,Correctos dormir,Errores dormir,Num ubicacion planificado,Correctos ubicacion,Errores ubicacion,Paradas posibles,Paradas realizadas,Errores parada por tiempo excedido,Num errores por tiempo excedido
24,1,1,1,15:10:23.032,Tiempo final,Tiempo duracion,Completado,Reglas planificacion cumplidas,%Reglas respetadas ejecucion,Pasos planificados,Pasos ejecutados,Errores ejecucion,Num dormir planificado,Correctos dormir,Errores dormir,Num ubicacion planificado,Correctos ubicacion,Errores ubicacion,Paradas posibles,Paradas realizadas,Errores parada por tiempo excedido,Num errores por tiempo excedido
24,1,1,2,15:13:55.156,Tiempo final,Tiempo duracion,Completado,Reglas planificacion cumplidas,%Reglas respetadas ejecucion,Pasos planificados,Pasos ejecutados,Errores ejecucion,Num dormir planificado,Correctos dormir,Errores dormir,Num ubicacion planificado,Correctos ubicacion,Errores ubicacion,Paradas posibles,Paradas realizadas,Errores parada por tiempo excedido,Num errores por tiempo excedido
24,1,1,3,15:16:33.356,Tiempo final,Tiempo duracion,Completado,Reglas planificacion cumplidas,%Reglas respetadas ejecucion,Pasos planificados,Pasos ejecutados,Errores ejecucion,Num dormir planificado,Correctos dormir,Errores dormir,Num ubicacion planificado,Correctos ubicacion,Errores ubicacion,Paradas posibles,Paradas realizadas,Errores parada por tiempo excedido,Num errores por tiempo excedido
24,1,2,1,15:19:22.298,Tiempo final,Tiempo duracion,Completado,Reglas planificacion cumplidas,%Reglas respetadas ejecucion,Pasos planificados,Pasos ejecutados,Errores ejecucion,Num dormir planificado,Correctos dormir,Errores dormir,Num ubicacion planificado,Correctos ubicacion,Errores ubicacion,Paradas posibles,Paradas realizadas,Errores parada por tiempo excedido,Num errores por tiempo excedido
24,1,2,2,15:24:10.400,Tiempo final,Tiempo duracion,Completado,Reglas planificacion cumplidas,%Reglas respetadas ejecucion,Pasos planificados,Pasos ejecutados,Errores ejecucion,Num dormir planificado,Correctos dormir,Errores dormir,Num ubicacion planificado,Correctos ubicacion,Errores ubicacion,Paradas posibles,Paradas realizadas,Errores parada por tiempo excedido,Num errores por tiempo excedido
24,1,2,3,15:24:53.641,Tiempo final,Tiempo duracion,Completado,Reglas planificacion cumplidas,%Reglas respetadas ejecucion,Pasos planificados,Pasos ejecutados,Errores ejecucion,Num dormir planificado,Correctos dormir,Errores dormir,Num ubicacion planificado,Correctos ubicacion,Errores ubicacion,Paradas posibles,Paradas realizadas,Errores parada por tiempo excedido,Num errores por tiempo excedido
24,3,1,1,15:01:24.561,Tiempo final,Tiempo duracion,Completado,Reglas planificacion cumplidas,%Reglas respetadas ejecucion,Pasos planificados,Pasos ejecutados,Errores ejecucion,Num dormir planificado,Correctos dormir,Errores dormir,Num ubicacion planificado,Correctos ubicacion,Errores ubicacion,Paradas posibles,Paradas realizadas,Errores parada por tiempo excedido,Num errores por tiempo excedido
24,3,1,2,15:03:02.842,Tiempo final,Tiempo duracion,Completado,Reglas planificacion cumplidas,%Reglas respetadas ejecucion,Pasos planificados,Pasos ejecutados,Errores ejecucion,Num dormir planificado,Correctos dormir,Errores dormir,Num ubicacion planificado,Correctos ubicacion,Errores ubicacion,Paradas posibles,Paradas realizadas,Errores parada por tiempo excedido,Num errores por tiempo excedido
24,3,1,3,15:07:19.616,Tiempo final,Tiempo duracion,Completado,Reglas planificacion cumplidas,%Reglas respetadas ejecucion,Pasos planificados,Pasos ejecutados,Errores ejecucion,Num dormir planificado,Correctos dormir,Errores dormir,Num ubicacion planificado,Correctos ubicacion,Errores ubicacion,Paradas posibles,Paradas realizadas,Errores parada por tiempo excedido,Num errores por tiempo excedido
24,3,1,4,15:10:45.645,Tiempo final,Tiempo duracion,Completado,Reglas planificacion cumplidas,%Reglas respetadas ejecucion,Pasos planificados,Pasos ejecutados,Errores ejecucion,Num dormir planificado,Correctos dormir,Errores dormir,Num ubicacion planificado,Correctos ubicacion,Errores ubicacion,Paradas posibles,Paradas realizadas,Errores parada por tiempo excedido,Num errores por tiempo excedido
24,3,1,5,15:15:38.672,Tiempo final,Tiempo duracion,Completado,Reglas planificacion cumplidas,%Reglas respetadas ejecucion,Pasos planificados,Pasos ejecutados,Errores ejecucion,Num dormir planificado,Correctos dormir,Errores dormir,Num ubicacion planificado,Correctos ubicacion,Errores ubicacion,Paradas posibles,Paradas realizadas,Errores parada por tiempo excedido,Num errores por tiempo excedido
24,3,2,1,15:19:31.478,Tiempo final,Tiempo duracion,Completado,Reglas planificacion cumplidas,%Reglas respetadas ejecucion,Pasos planificados,Pasos ejecutados,Errores ejecucion,Num dormir planificado,Correctos dormir,Errores dormir,Num ubicacion planificado,Correctos ubicacion,Errores ubicacion,Paradas posibles,Paradas realizadas,Errores parada por tiempo excedido,Num errores por tiempo excedido
24,3,2,2,15:20:45.614,Tiempo final,Tiempo duracion,Completado,Reglas planificacion cumplidas,%Reglas respetadas ejecucion,Pasos planificados,Pasos ejecutados,Errores ejecucion,Num dormir planificado,Correctos dormir,Errores dormir,Num ubicacion planificado,Correctos ubicacion,Errores ubicacion,Paradas posibles,Paradas realizadas,Errores parada por tiempo excedido,Num errores por tiempo excedido
24,3,2,3,15:27:40.461,Tiempo final,Tiempo duracion,Completado,Reglas planificacion cumplidas,%Reglas respetadas ejecucion,Pasos planificados,Pasos ejecutados,Errores ejecucion,Num dormir planificado,Correctos dormir,Errores dormir,Num ubicacion planificado,Correctos ubicacion,Errores ubicacion,Paradas posibles,Paradas realizadas,Errores parada por tiempo excedido,Num errores por tiempo excedido
24,3,2,4,15:31:39.986,Tiempo final,Tiempo duracion,Completado,Reglas planificacion cumplidas,%Reglas respetadas ejecucion,Pasos planificados,Pasos ejecutados,Errores ejecucion,Num dormir planificado,Correctos dormir,Errores dormir,Num ubicacion planificado,Correctos ubicacion,Errores ubicacion,Paradas posibles,Paradas realizadas,Errores parada por tiempo excedido,Num errores por tiempo excedido
24,3,3,1,15:35:05.464,Tiempo final,Tiempo duracion,Completado,Reglas planificacion cumplidas,%Reglas respetadas ejecucion,Pasos planificados,Pasos ejecutados,Errores ejecucion,Num dormir planificado,Correctos dormir,Errores dormir,Num ubicacion planificado,Correctos ubicacion,Errores ubicacion,Paradas posibles,Paradas realizadas,Errores parada por tiempo excedido,Num errores por tiempo excedido
24,3,3,2,15:38:49.803,Tiempo final,Tiempo duracion,Completado,Reglas planificacion cumplidas,%Reglas respetadas ejecucion,Pasos planificados,Pasos ejecutados,Errores ejecucion,Num dormir planificado,Correctos dormir,Errores dormir,Num ubicacion planificado,Correctos ubicacion,Errores ubicacion,Paradas posibles,Paradas realizadas,Errores parada por tiempo excedido,Num errores por tiempo excedido
24,3,3,3,15:47:51.755,Tiempo final,Tiempo duracion,Completado,Reglas planificacion cumplidas,%Reglas respetadas ejecucion,Pasos planificados,Pasos ejecutados,Errores ejecucion,Num dormir planificado,Correctos dormir,Errores dormir,Num ubicacion planificado,Correctos ubicacion,Errores ubicacion,Paradas posibles,Paradas realizadas,Errores parada por tiempo excedido,Num errores por tiempo excedido
25,1,1,1,14:56:23.695,Tiempo final,Tiempo duracion,Completado,Reglas planificacion cumplidas,%Reglas respetadas ejecucion,Pasos planificados,Pasos ejecutados,Errores ejecucion,Num dormir planificado,Correctos dormir,Errores dormir,Num ubicacion planificado,Correctos ubicacion,Errores ubicacion,Paradas posibles,Paradas realizadas,Errores parada por tiempo excedido,Num errores por tiempo excedido
25,1,1,2,15:00:51.855,Tiempo final,Tiempo duracion,Completado,Reglas planificacion cumplidas,%Reglas respetadas ejecucion,Pasos planificados,Pasos ejecutados,Errores ejecucion,Num dormir planificado,Correctos dormir,Errores dormir,Num ubicacion planificado,Correctos ubicacion,Errores ubicacion,Paradas posibles,Paradas realizadas,Errores parada por tiempo excedido,Num errores por tiempo excedido
25,1,1,3,15:03:23.660,Tiempo final,Tiempo duracion,Completado,Reglas planificacion cumplidas,%Reglas respetadas ejecucion,Pasos planificados,Pasos ejecutados,Errores ejecucion,Num dormir planificado,Correctos dormir,Errores dormir,Num ubicacion planificado,Correctos ubicacion,Errores ubicacion,Paradas posibles,Paradas realizadas,Errores parada por tiempo excedido,Num errores por tiempo excedido
25,1,1,4,15:06:06.619,Tiempo final,Tiempo duracion,Completado,Reglas planificacion cumplidas,%Reglas respetadas ejecucion,Pasos planificados,Pasos ejecutados,Errores ejecucion,Num dormir planificado,Correctos dormir,Errores dormir,Num ubicacion planificado,Correctos ubicacion,Errores ubicacion,Paradas posibles,Paradas realizadas,Errores parada por tiempo excedido,Num errores por tiempo excedido
25,1,1,5,15:09:18.008,Tiempo final,Tiempo duracion,Completado,Reglas planificacion cumplidas,%Reglas respetadas ejecucion,Pasos planificados,Pasos ejecutados,Errores ejecucion,Num dormir planificado,Correctos dormir,Errores dormir,Num ubicacion planificado,Correctos ubicacion,Errores ubicacion,Paradas posibles,Paradas realizadas,Errores parada por tiempo excedido,Num errores por tiempo excedido
25,1,1,6,15:11:31.344,Tiempo final,Tiempo duracion,Completado,Reglas planificacion cumplidas,%Reglas respetadas ejecucion,Pasos planificados,Pasos ejecutados,Errores ejecucion,Num dormir planificado,Correctos dormir,Errores dormir,Num ubicacion planificado,Correctos ubicacion,Errores ubicacion,Paradas posibles,Paradas realizadas,Errores parada por tiempo excedido,Num errores por tiempo excedido
25,1,2,1,15:13:30.278,Tiempo final,Tiempo duracion,Completado,Reglas planificacion cumplidas,%Reglas respetadas ejecucion,Pasos planificados,Pasos ejecutados,Errores ejecucion,Num dormir planificado,Correctos dormir,Errores dormir,Num ubicacion planificado,Correctos ubicacion,Errores ubicacion,Paradas posibles,Paradas realizadas,Errores parada por tiempo excedido,Num errores por tiempo excedido
25,1,2,2,15:16:53.385,Tiempo final,Tiempo duracion,Completado,Reglas planificacion cumplidas,%Reglas respetadas ejecucion,Pasos planificados,Pasos ejecutados,Errores ejecucion,Num dormir planificado,Correctos dormir,Errores dormir,Num ubicacion planificado,Correctos ubicacion,Errores ubicacion,Paradas posibles,Paradas realizadas,Errores parada por tiempo excedido,Num errores por tiempo excedido
25,1,3,1,15:21:05.316,Tiempo final,Tiempo duracion,Completado,Reglas planificacion cumplidas,%Reglas respetadas ejecucion,Pasos planificados,Pasos ejecutados,Errores ejecucion,Num dormir planificado,Correctos dormir,Errores dormir,Num ubicacion planificado,Correctos ubicacion,Errores ubicacion,Paradas posibles,Paradas realizadas,Errores parada por tiempo excedido,Num errores por tiempo excedido
25,3,1,1,14:57:25.697,Tiempo final,Tiempo duracion,Completado,Reglas planificacion cumplidas,%Reglas respetadas ejecucion,Pasos planificados,Pasos ejecutados,Errores ejecucion,Num dormir planificado,Correctos dormir,Errores dormir,Num ubicacion planificado,Correctos ubicacion,Errores ubicacion,Paradas posibles,Paradas realizadas,Errores parada por tiempo excedido,Num errores por tiempo excedido
25,3,1,2,15:00:33.665,Tiempo final,Tiempo duracion,Completado,Reglas planificacion cumplidas,%Reglas respetadas ejecucion,Pasos planificados,Pasos ejecutados,Errores ejecucion,Num dormir planificado,Correctos dormir,Errores dormir,Num ubicacion planificado,Correctos ubicacion,Errores ubicacion,Paradas posibles,Paradas realizadas,Errores parada por tiempo excedido,Num errores por tiempo excedido
25,3,2,1,15:03:06.598,Tiempo final,Tiempo duracion,Completado,Reglas planificacion cumplidas,%Reglas respetadas ejecucion,Pasos planificados,Pasos ejecutados,Errores ejecucion,Num dormir planificado,Correctos dormir,Errores dormir,Num ubicacion planificado,Correctos ubicacion,Errores ubicacion,Paradas posibles,Paradas realizadas,Errores parada por tiempo excedido,Num errores por tiempo excedido
25,3,2,2,15:06:43.946,Tiempo final,Tiempo duracion,Completado,Reglas planificacion cumplidas,%Reglas respetadas ejecucion,Pasos planificados,Pasos ejecutados,Errores ejecucion,Num dormir planificado,Correctos dormir,Errores dormir,Num ubicacion planificado,Correctos ubicacion,Errores ubicacion,Paradas posibles,Paradas realizadas,Errores parada por tiempo excedido,Num errores por tiempo excedido
25,3,2,3,15:10:41.431,Tiempo final,Tiempo duracion,Completado,Reglas planificacion cumplidas,%Reglas respetadas ejecucion,Pasos planificados,Pasos ejecutados,Errores ejecucion,Num dormir planificado,Correctos dormir,Errores dormir,Num ubicacion planificado,Correctos ubicacion,Errores ubicacion,Paradas posibles,Paradas realizadas,Errores parada por tiempo excedido,Num errores por tiempo excedido
25,3,2,4,15:14:01.041,Tiempo final,Tiempo duracion,Completado,Reglas planificacion cumplidas,%Reglas respetadas ejecucion,Pasos planificados,Pasos ejecutados,Errores ejecucion,Num dormir planificado,Correctos dormir,Errores dormir,Num ubicacion planificado,Correctos ubicacion,Errores ubicacion,Paradas posibles,Paradas realizadas,Errores parada por tiempo excedido,Num errores por tiempo excedido
25,3,2,5,15:17:47.741,Tiempo final,Tiempo duracion,Completado,Reglas planificacion cumplidas,%Reglas respetadas ejecucion,Pasos planificados,Pasos ejecutados,Errores ejecucion,Num dormir planificado,Correctos dormir,Errores dormir,Num ubicacion planificado,Correctos ubicacion,Errores ubicacion,Paradas posibles,Paradas realizadas,Errores parada por tiempo excedido,Num errores por tiempo excedido
25,3,2,6,15:21:52.108,Tiempo final,Tiempo duracion,Completado,Reglas planificacion cumplidas,%Reglas respetadas ejecucion,Pasos planificados,Pasos ejecutados,Errores ejecucion,Num dormir planificado,Correctos dormir,Errores dormir,Num ubicacion planificado,Correctos ubicacion,Errores ubicacion,Paradas posibles,Paradas realizadas,Errores parada por tiempo excedido,Num errores por tiempo excedido
25,3,3,1,15:25:52.239,Tiempo final,Tiempo duracion,Completado,Reglas planificacion cumplidas,%Reglas respetadas ejecucion,Pasos planificados,Pasos ejecutados,Errores ejecucion,Num dormir planificado,Correctos dormir,Errores dormir,Num ubicacion planificado,Correctos ubicacion,Errores ubicacion,Paradas posibles,Paradas realizadas,Errores parada por tiempo excedido,Num errores por tiempo excedido
25,3,3,2,15:28:24.485,Tiempo final,Tiempo duracion,Completado,Reglas planificacion cumplidas,%Reglas respetadas ejecucion,Pasos planificados,Pasos ejecutados,Errores ejecucion,Num dormir planificado,Correctos dormir,Errores dormir,Num ubicacion planificado,Correctos ubicacion,Errores ubicacion,Paradas posibles,Paradas realizadas,Errores parada por tiempo excedido,Num errores por tiempo excedido
25,3,3,3,15:30:28.542,Tiempo final,Tiempo duracion,Completado,Reglas planificacion cumplidas,%Reglas respetadas ejecucion,Pasos planificados,Pasos ejecutados,Errores ejecucion,Num dormir planificado,Correctos dormir,Errores dormir,Num ubicacion planificado,Correctos ubicacion,Errores ubicacion,Paradas posibles,Paradas realizadas,Errores parada por tiempo excedido,Num errores por tiempo excedido
25,3,3,4,15:33:12.752,Tiempo final,Tiempo duracion,Completado,Reglas planificacion cumplidas,%Reglas respetadas ejecucion,Pasos planificados,Pasos ejecutados,Errores ejecucion,Num dormir planificado,Correctos dormir,Errores dormir,Num ubicacion planificado,Correctos ubicacion,Errores ubicacion,Paradas posibles,Paradas realizadas,Errores parada por tiempo excedido,Num errores por tiempo excedido
25,3,3,5,15:36:05.479,Tiempo final,Tiempo duracion,Completado,Reglas planificacion cumplidas,%Reglas respetadas ejecucion,Pasos planificados,Pasos ejecutados,Errores ejecucion,Num dormir planificado,Correctos dormir,Errores dormir,Num ubicacion planificado,Correctos ubicacion,Errores ubicacion,Paradas posibles,Paradas realizadas,Errores parada por tiempo excedido,Num errores por tiempo excedido
25,3,3,6,15:38:28.291,Tiempo final,Tiempo duracion,Completado,Reglas planificacion cumplidas,%Reglas respetadas ejecucion,Pasos planificados,Pasos ejecutados,Errores ejecucion,Num dormir planificado,Correctos dormir,Errores dormir,Num ubicacion planificado,Correctos ubicacion,Errores ubicacion,Paradas posibles,Paradas realizadas,Errores parada por tiempo excedido,Num errores por tiempo excedido
25,3,3,7,15:40:44.887,Tiempo final,Tiempo duracion,Completado,Reglas planificacion cumplidas,%Reglas respetadas ejecucion,Pasos planificados,Pasos ejecutados,Errores ejecucion,Num dormir planificado,Correctos dormir,Errores dormir,Num ubicacion planificado,Correctos ubicacion,Errores ubicacion,Paradas posibles,Paradas realizadas,Errores parada por tiempo excedido,Num errores por tiempo excedido
25,3,3,8,10:55:38.317,Tiempo final,Tiempo duracion,Completado,Reglas planificacion cumplidas,%Reglas respetadas ejecucion,Pasos planificados,Pasos ejecutados,Errores ejecucion,Num dormir planificado,Correctos dormir,Errores dormir,Num ubicacion planificado,Correctos ubicacion,Errores ubicacion,Paradas posibles,Paradas realizadas,Errores parada por tiempo excedido,Num errores por tiempo excedido
26,1,1,1,14:57:14.600,Tiempo final,Tiempo duracion,Completado,Reglas planificacion cumplidas,%Reglas respetadas ejecucion,Pasos planificados,Pasos ejecutados,Errores ejecucion,Num dormir planificado,Correctos dormir,Errores dormir,Num ubicacion planificado,Correctos ubicacion,Errores ubicacion,Paradas posibles,Paradas realizadas,Errores parada por tiempo excedido,Num errores por tiempo excedido
26,1,1,2,15:00:39.416,Tiempo final,Tiempo duracion,Completado,Reglas planificacion cumplidas,%Reglas respetadas ejecucion,Pasos planificados,Pasos ejecutados,Errores ejecucion,Num dormir planificado,Correctos dormir,Errores dormir,Num ubicacion planificado,Correctos ubicacion,Errores ubicacion,Paradas posibles,Paradas realizadas,Errores parada por tiempo excedido,Num errores por tiempo excedido
26,1,1,3,15:06:21.431,Tiempo final,Tiempo duracion,Completado,Reglas planificacion cumplidas,%Reglas respetadas ejecucion,Pasos planificados,Pasos ejecutados,Errores ejecucion,Num dormir planificado,Correctos dormir,Errores dormir,Num ubicacion planificado,Correctos ubicacion,Errores ubicacion,Paradas posibles,Paradas realizadas,Errores parada por tiempo excedido,Num errores por tiempo excedido
26,1,1,4,15:12:58.551,Tiempo final,Tiempo duracion,Completado,Reglas planificacion cumplidas,%Reglas respetadas ejecucion,Pasos planificados,Pasos ejecutados,Errores ejecucion,Num dormir planificado,Correctos dormir,Errores dormir,Num ubicacion planificado,Correctos ubicacion,Errores ubicacion,Paradas posibles,Paradas realizadas,Errores parada por tiempo excedido,Num errores por tiempo excedido
26,1,1,5,15:16:17.434,Tiempo final,Tiempo duracion,Completado,Reglas planificacion cumplidas,%Reglas respetadas ejecucion,Pasos planificados,Pasos ejecutados,Errores ejecucion,Num dormir planificado,Correctos dormir,Errores dormir,Num ubicacion planificado,Correctos ubicacion,Errores ubicacion,Paradas posibles,Paradas realizadas,Errores parada por tiempo excedido,Num errores por tiempo excedido
26,1,1,6,15:19:40.268,Tiempo final,Tiempo duracion,Completado,Reglas planificacion cumplidas,%Reglas respetadas ejecucion,Pasos planificados,Pasos ejecutados,Errores ejecucion,Num dormir planificado,Correctos dormir,Errores dormir,Num ubicacion planificado,Correctos ubicacion,Errores ubicacion,Paradas posibles,Paradas realizadas,Errores parada por tiempo excedido,Num errores por tiempo excedido
26,1,2,1,15:22:54.073,Tiempo final,Tiempo duracion,Completado,Reglas planificacion cumplidas,%Reglas respetadas ejecucion,Pasos planificados,Pasos ejecutados,Errores ejecucion,Num dormir planificado,Correctos dormir,Errores dormir,Num ubicacion planificado,Correctos ubicacion,Errores ubicacion,Paradas posibles,Paradas realizadas,Errores parada por tiempo excedido,Num errores por tiempo excedido
26,3,1,1,14:58:10.940,Tiempo final,Tiempo duracion,Completado,Reglas planificacion cumplidas,%Reglas respetadas ejecucion,Pasos planificados,Pasos ejecutados,Errores ejecucion,Num dormir planificado,Correctos dormir,Errores dormir,Num ubicacion planificado,Correctos ubicacion,Errores ubicacion,Paradas posibles,Paradas realizadas,Errores parada por tiempo excedido,Num errores por tiempo excedido
26,3,1,2,15:01:42.458,Tiempo final,Tiempo duracion,Completado,Reglas planificacion cumplidas,%Reglas respetadas ejecucion,Pasos planificados,Pasos ejecutados,Errores ejecucion,Num dormir planificado,Correctos dormir,Errores dormir,Num ubicacion planificado,Correctos ubicacion,Errores ubicacion,Paradas posibles,Paradas realizadas,Errores parada por tiempo excedido,Num errores por tiempo excedido
26,3,1,3,15:05:06.090,Tiempo final,Tiempo duracion,Completado,Reglas planificacion cumplidas,%Reglas respetadas ejecucion,Pasos planificados,Pasos ejecutados,Errores ejecucion,Num dormir planificado,Correctos dormir,Errores dormir,Num ubicacion planificado,Correctos ubicacion,Errores ubicacion,Paradas posibles,Paradas realizadas,Errores parada por tiempo excedido,Num errores por tiempo excedido
26,3,2,1,15:07:48.682,Tiempo final,Tiempo duracion,Completado,Reglas planificacion cumplidas,%Reglas respetadas ejecucion,Pasos planificados,Pasos ejecutados,Errores ejecucion,Num dormir planificado,Correctos dormir,Errores dormir,Num ubicacion planificado,Correctos ubicacion,Errores ubicacion,Paradas posibles,Paradas realizadas,Errores parada por tiempo excedido,Num errores por tiempo excedido
26,3,2,2,15:09:24.126,Tiempo final,Tiempo duracion,Completado,Reglas planificacion cumplidas,%Reglas respetadas ejecucion,Pasos planificados,Pasos ejecutados,Errores ejecucion,Num dormir planificado,Correctos dormir,Errores dormir,Num ubicacion planificado,Correctos ubicacion,Errores ubicacion,Paradas posibles,Paradas realizadas,Errores parada por tiempo excedido,Num errores por tiempo excedido
26,3,2,3,15:12:05.282,Tiempo final,Tiempo duracion,Completado,Reglas planificacion cumplidas,%Reglas respetadas ejecucion,Pasos planificados,Pasos ejecutados,Errores ejecucion,Num dormir planificado,Correctos dormir,Errores dormir,Num ubicacion planificado,Correctos ubicacion,Errores ubicacion,Paradas posibles,Paradas realizadas,Errores parada por tiempo excedido,Num errores por tiempo excedido
26,3,2,4,15:13:37.051,Tiempo final,Tiempo duracion,Completado,Reglas planificacion cumplidas,%Reglas respetadas ejecucion,Pasos planificados,Pasos ejecutados,Errores ejecucion,Num dormir planificado,Correctos dormir,Errores dormir,Num ubicacion planificado,Correctos ubicacion,Errores ubicacion,Paradas posibles,Paradas realizadas,Errores parada por tiempo excedido,Num errores por tiempo excedido
26,3,2,5,15:17:53.787,Tiempo final,Tiempo duracion,Completado,Reglas planificacion cumplidas,%Reglas respetadas ejecucion,Pasos planificados,Pasos ejecutados,Errores ejecucion,Num dormir planificado,Correctos dormir,Errores dormir,Num ubicacion planificado,Correctos ubicacion,Errores ubicacion,Paradas posibles,Paradas realizadas,Errores parada por tiempo excedido,Num errores por tiempo excedido
26,3,2,6,15:22:18.422,Tiempo final,Tiempo duracion,Completado,Reglas planificacion cumplidas,%Reglas respetadas ejecucion,Pasos planificados,Pasos ejecutados,Errores ejecucion,Num dormir planificado,Correctos dormir,Errores dormir,Num ubicacion planificado,Correctos ubicacion,Errores ubicacion,Paradas posibles,Paradas realizadas,Errores parada por tiempo excedido,Num errores por tiempo excedido
26,3,2,7,15:26:20.905,Tiempo final,Tiempo duracion,Completado,Reglas planificacion cumplidas,%Reglas respetadas ejecucion,Pasos planificados,Pasos ejecutados,Errores ejecucion,Num dormir planificado,Correctos dormir,Errores dormir,Num ubicacion planificado,Correctos ubicacion,Errores ubicacion,Paradas posibles,Paradas realizadas,Errores parada por tiempo excedido,Num errores por tiempo excedido
26,3,2,8,15:30:28.303,Tiempo final,Tiempo duracion,Completado,Reglas planificacion cumplidas,%Reglas respetadas ejecucion,Pasos planificados,Pasos ejecutados,Errores ejecucion,Num dormir planificado,Correctos dormir,Errores dormir,Num ubicacion planificado,Correctos ubicacion,Errores ubicacion,Paradas posibles,Paradas realizadas,Errores parada por tiempo excedido,Num errores por tiempo excedido
26,3,2,9,15:32:51.314,Tiempo final,Tiempo duracion,Completado,Reglas planificacion cumplidas,%Reglas respetadas ejecucion,Pasos planificados,Pasos ejecutados,Errores ejecucion,Num dormir planificado,Correctos dormir,Errores dormir,Num ubicacion planificado,Correctos ubicacion,Errores ubicacion,Paradas posibles,Paradas realizadas,Errores parada por tiempo excedido,Num errores por tiempo excedido
26,3,2,10,15:35:58.257,Tiempo final,Tiempo duracion,Completado,Reglas planificacion cumplidas,%Reglas respetadas ejecucion,Pasos planificados,Pasos ejecutados,Errores ejecucion,Num dormir planificado,Correctos dormir,Errores dormir,Num ubicacion planificado,Correctos ubicacion,Errores ubicacion,Paradas posibles,Paradas realizadas,Errores parada por tiempo excedido,Num errores por tiempo excedido
26,3,2,11,15:36:43.497,Tiempo final,Tiempo duracion,Completado,Reglas planificacion cumplidas,%Reglas respetadas ejecucion,Pasos planificados,Pasos ejecutados,Errores ejecucion,Num dormir planificado,Correctos dormir,Errores dormir,Num ubicacion planificado,Correctos ubicacion,Errores ubicacion,Paradas posibles,Paradas realizadas,Errores parada por tiempo excedido,Num errores por tiempo excedido
26,3,3,1,15:37:20.923,Tiempo final,Tiempo duracion,Completado,Reglas planificacion cumplidas,%Reglas respetadas ejecucion,Pasos planificados,Pasos ejecutados,Errores ejecucion,Num dormir planificado,Correctos dormir,Errores dormir,Num ubicacion planificado,Correctos ubicacion,Errores ubicacion,Paradas posibles,Paradas realizadas,Errores parada por tiempo excedido,Num errores por tiempo excedido
26,3,3,2,15:40:57.790,Tiempo final,Tiempo duracion,Completado,Reglas planificacion cumplidas,%Reglas respetadas ejecucion,Pasos planificados,Pasos ejecutados,Errores ejecucion,Num dormir planificado,Correctos dormir,Errores dormir,Num ubicacion planificado,Correctos ubicacion,Errores ubicacion,Paradas posibles,Paradas realizadas,Errores parada por tiempo excedido,Num errores por tiempo excedido
27,1,1,1,15:04:46.232,Tiempo final,Tiempo duracion,Completado,Reglas planificacion cumplidas,%Reglas respetadas ejecucion,Pasos planificados,Pasos ejecutados,Errores ejecucion,Num dormir planificado,Correctos dormir,Errores dormir,Num ubicacion planificado,Correctos ubicacion,Errores ubicacion,Paradas posibles,Paradas realizadas,Errores parada por tiempo excedido,Num errores por tiempo excedido
27,1,1,2,15:06:53.139,Tiempo final,Tiempo duracion,Completado,Reglas planificacion cumplidas,%Reglas respetadas ejecucion,Pasos planificados,Pasos ejecutados,Errores ejecucion,Num dormir planificado,Correctos dormir,Errores dormir,Num ubicacion planificado,Correctos ubicacion,Errores ubicacion,Paradas posibles,Paradas realizadas,Errores parada por tiempo excedido,Num errores por tiempo excedido
27,1,1,3,15:10:25.925,Tiempo final,Tiempo duracion,Completado,Reglas planificacion cumplidas,%Reglas respetadas ejecucion,Pasos planificados,Pasos ejecutados,Errores ejecucion,Num dormir planificado,Correctos dormir,Errores dormir,Num ubicacion planificado,Correctos ubicacion,Errores ubicacion,Paradas posibles,Paradas realizadas,Errores parada por tiempo excedido,Num errores por tiempo excedido
27,1,1,4,15:13:16.921,Tiempo final,Tiempo duracion,Completado,Reglas planificacion cumplidas,%Reglas respetadas ejecucion,Pasos planificados,Pasos ejecutados,Errores ejecucion,Num dormir planificado,Correctos dormir,Errores dormir,Num ubicacion planificado,Correctos ubicacion,Errores ubicacion,Paradas posibles,Paradas realizadas,Errores parada por tiempo excedido,Num errores por tiempo excedido
27,1,1,5,15:15:56.242,Tiempo final,Tiempo duracion,Completado,Reglas planificacion cumplidas,%Reglas respetadas ejecucion,Pasos planificados,Pasos ejecutados,Errores ejecucion,Num dormir planificado,Correctos dormir,Errores dormir,Num ubicacion planificado,Correctos ubicacion,Errores ubicacion,Paradas posibles,Paradas realizadas,Errores parada por tiempo excedido,Num errores por tiempo excedido
27,1,2,1,15:18:54.053,Tiempo final,Tiempo duracion,Completado,Reglas planificacion cumplidas,%Reglas respetadas ejecucion,Pasos planificados,Pasos ejecutados,Errores ejecucion,Num dormir planificado,Correctos dormir,Errores dormir,Num ubicacion planificado,Correctos ubicacion,Errores ubicacion,Paradas posibles,Paradas realizadas,Errores parada por tiempo excedido,Num errores por tiempo excedido
27,3,1,1,15:07:30.039,Tiempo final,Tiempo duracion,Completado,Reglas planificacion cumplidas,%Reglas respetadas ejecucion,Pasos planificados,Pasos ejecutados,Errores ejecucion,Num dormir planificado,Correctos dormir,Errores dormir,Num ubicacion planificado,Correctos ubicacion,Errores ubicacion,Paradas posibles,Paradas realizadas,Errores parada por tiempo excedido,Num errores por tiempo excedido
27,3,1,2,15:09:53.521,Tiempo final,Tiempo duracion,Completado,Reglas planificacion cumplidas,%Reglas respetadas ejecucion,Pasos planificados,Pasos ejecutados,Errores ejecucion,Num dormir planificado,Correctos dormir,Errores dormir,Num ubicacion planificado,Correctos ubicacion,Errores ubicacion,Paradas posibles,Paradas realizadas,Errores parada por tiempo excedido,Num errores por tiempo excedido
27,3,2,1,15:12:23.722,Tiempo final,Tiempo duracion,Completado,Reglas planificacion cumplidas,%Reglas respetadas ejecucion,Pasos planificados,Pasos ejecutados,Errores ejecucion,Num dormir planificado,Correctos dormir,Errores dormir,Num ubicacion planificado,Correctos ubicacion,Errores ubicacion,Paradas posibles,Paradas realizadas,Errores parada por tiempo excedido,Num errores por tiempo excedido
27,3,2,2,15:15:45.220,Tiempo final,Tiempo duracion,Completado,Reglas planificacion cumplidas,%Reglas respetadas ejecucion,Pasos planificados,Pasos ejecutados,Errores ejecucion,Num dormir planificado,Correctos dormir,Errores dormir,Num ubicacion planificado,Correctos ubicacion,Errores ubicacion,Paradas posibles,Paradas realizadas,Errores parada por tiempo excedido,Num errores por tiempo excedido
27,3,2,3,15:16:59.669,Tiempo final,Tiempo duracion,Completado,Reglas planificacion cumplidas,%Reglas respetadas ejecucion,Pasos planificados,Pasos ejecutados,Errores ejecucion,Num dormir planificado,Correctos dormir,Errores dormir,Num ubicacion planificado,Correctos ubicacion,Errores ubicacion,Paradas posibles,Paradas realizadas,Errores parada por tiempo excedido,Num errores por tiempo excedido
27,3,2,4,15:18:03.721,Tiempo final,Tiempo duracion,Completado,Reglas planificacion cumplidas,%Reglas respetadas ejecucion,Pasos planificados,Pasos ejecutados,Errores ejecucion,Num dormir planificado,Correctos dormir,Errores dormir,Num ubicacion planificado,Correctos ubicacion,Errores ubicacion,Paradas posibles,Paradas realizadas,Errores parada por tiempo excedido,Num errores por tiempo excedido
27,3,2,5,15:20:53.907,Tiempo final,Tiempo duracion,Completado,Reglas planificacion cumplidas,%Reglas respetadas ejecucion,Pasos planificados,Pasos ejecutados,Errores ejecucion,Num dormir planificado,Correctos dormir,Errores dormir,Num ubicacion planificado,Correctos ubicacion,Errores ubicacion,Paradas posibles,Paradas realizadas,Errores parada por tiempo excedido,Num errores por tiempo excedido
27,3,2,6,15:24:14.449,Tiempo final,Tiempo duracion,Completado,Reglas planificacion cumplidas,%Reglas respetadas ejecucion,Pasos planificados,Pasos ejecutados,Errores ejecucion,Num dormir planificado,Correctos dormir,Errores dormir,Num ubicacion planificado,Correctos ubicacion,Errores ubicacion,Paradas posibles,Paradas realizadas,Errores parada por tiempo excedido,Num errores por tiempo excedido
27,3,2,7,15:25:15.328,Tiempo final,Tiempo duracion,Completado,Reglas planificacion cumplidas,%Reglas respetadas ejecucion,Pasos planificados,Pasos ejecutados,Errores ejecucion,Num dormir planificado,Correctos dormir,Errores dormir,Num ubicacion planificado,Correctos ubicacion,Errores ubicacion,Paradas posibles,Paradas realizadas,Errores parada por tiempo excedido,Num errores por tiempo excedido
27,3,2,8,15:27:48.047,Tiempo final,Tiempo duracion,Completado,Reglas planificacion cumplidas,%Reglas respetadas ejecucion,Pasos planificados,Pasos ejecutados,Errores ejecucion,Num dormir planificado,Correctos dormir,Errores dormir,Num ubicacion planificado,Correctos ubicacion,Errores ubicacion,Paradas posibles,Paradas realizadas,Errores parada por tiempo excedido,Num errores por tiempo excedido
27,3,2,9,15:29:56.906,Tiempo final,Tiempo duracion,Completado,Reglas planificacion cumplidas,%Reglas respetadas ejecucion,Pasos planificados,Pasos ejecutados,Errores ejecucion,Num dormir planificado,Correctos dormir,Errores dormir,Num ubicacion planificado,Correctos ubicacion,Errores ubicacion,Paradas posibles,Paradas realizadas,Errores parada por tiempo excedido,Num errores por tiempo excedido
27,3,2,10,15:33:21.064,Tiempo final,Tiempo duracion,Completado,Reglas planificacion cumplidas,%Reglas respetadas ejecucion,Pasos planificados,Pasos ejecutados,Errores ejecucion,Num dormir planificado,Correctos dormir,Errores dormir,Num ubicacion planificado,Correctos ubicacion,Errores ubicacion,Paradas posibles,Paradas realizadas,Errores parada por tiempo excedido,Num errores por tiempo excedido
27,3,2,11,15:33:55.720,Tiempo final,Tiempo duracion,Completado,Reglas planificacion cumplidas,%Reglas respetadas ejecucion,Pasos planificados,Pasos ejecutados,Errores ejecucion,Num dormir planificado,Correctos dormir,Errores dormir,Num ubicacion planificado,Correctos ubicacion,Errores ubicacion,Paradas posibles,Paradas realizadas,Errores parada por tiempo excedido,Num errores por tiempo excedido
27,3,1,1,15:38:52.809,Tiempo final,Tiempo duracion,Completado,Reglas planificacion cumplidas,%Reglas respetadas ejecucion,Pasos planificados,Pasos ejecutados,Errores ejecucion,Num dormir planificado,Correctos dormir,Errores dormir,Num ubicacion planificado,Correctos ubicacion,Errores ubicacion,Paradas posibles,Paradas realizadas,Errores parada por tiempo excedido,Num errores por tiempo excedido
27,3,2,1,15:42:01.441,Tiempo final,Tiempo duracion,Completado,Reglas planificacion cumplidas,%Reglas respetadas ejecucion,Pasos planificados,Pasos ejecutados,Errores ejecucion,Num dormir planificado,Correctos dormir,Errores dormir,Num ubicacion planificado,Correctos ubicacion,Errores ubicacion,Paradas posibles,Paradas realizadas,Errores parada por tiempo excedido,Num errores por tiempo excedido
27,3,2,2,15:43:59.450,Tiempo final,Tiempo duracion,Completado,Reglas planificacion cumplidas,%Reglas respetadas ejecucion,Pasos planificados,Pasos ejecutados,Errores ejecucion,Num dormir planificado,Correctos dormir,Errores dormir,Num ubicacion planificado,Correctos ubicacion,Errores ubicacion,Paradas posibles,Paradas realizadas,Errores parada por tiempo excedido,Num errores por tiempo excedido
27,3,3,1,15:44:04.289,Tiempo final,Tiempo duracion,Completado,Reglas planificacion cumplidas,%Reglas respetadas ejecucion,Pasos planificados,Pasos ejecutados,Errores ejecucion,Num dormir planificado,Correctos dormir,Errores dormir,Num ubicacion planificado,Correctos ubicacion,Errores ubicacion,Paradas posibles,Paradas realizadas,Errores parada por tiempo excedido,Num errores por tiempo excedido
27,3,3,2,15:46:25.403,Tiempo final,Tiempo duracion,Completado,Reglas planificacion cumplidas,%Reglas respetadas ejecucion,Pasos planificados,Pasos ejecutados,Errores ejecucion,Num dormir planificado,Correctos dormir,Errores dormir,Num ubicacion planificado,Correctos ubicacion,Errores ubicacion,Paradas posibles,Paradas realizadas,Errores parada por tiempo excedido,Num errores por tiempo excedido
27,3,3,3,15:50:53.087,Tiempo final,Tiempo duracion,Completado,Reglas planificacion cumplidas,%Reglas respetadas ejecucion,Pasos planificados,Pasos ejecutados,Errores ejecucion,Num dormir planificado,Correctos dormir,Errores dormir,Num ubicacion planificado,Correctos ubicacion,Errores ubicacion,Paradas posibles,Paradas realizadas,Errores parada por tiempo excedido,Num errores por tiempo excedido
2,1,1,1,14:19:54.532,Tiempo final,Tiempo duracion,Completado,Reglas planificacion cumplidas,%Reglas respetadas ejecucion,Pasos planificados,Pasos ejecutados,Errores ejecucion,Num dormir planificado,Correctos dormir,Errores dormir,Num ubicacion planificado,Correctos ubicacion,Errores ubicacion,Paradas posibles,Paradas realizadas,Errores parada por tiempo excedido,Num errores por tiempo excedido
2,1,1,2,14:23:13.551,Tiempo final,Tiempo duracion,Completado,Reglas planificacion cumplidas,%Reglas respetadas ejecucion,Pasos planificados,Pasos ejecutados,Errores ejecucion,Num dormir planificado,Correctos dormir,Errores dormir,Num ubicacion planificado,Correctos ubicacion,Errores ubicacion,Paradas posibles,Paradas realizadas,Errores parada por tiempo excedido,Num errores por tiempo excedido
2,1,1,3,14:26:38.160,Tiempo final,Tiempo duracion,Completado,Reglas planificacion cumplidas,%Reglas respetadas ejecucion,Pasos planificados,Pasos ejecutados,Errores ejecucion,Num dormir planificado,Correctos dormir,Errores dormir,Num ubicacion planificado,Correctos ubicacion,Errores ubicacion,Paradas posibles,Paradas realizadas,Errores parada por tiempo excedido,Num errores por tiempo excedido
2,1,1,4,14:29:38.041,Tiempo final,Tiempo duracion,Completado,Reglas planificacion cumplidas,%Reglas respetadas ejecucion,Pasos planificados,Pasos ejecutados,Errores ejecucion,Num dormir planificado,Correctos dormir,Errores dormir,Num ubicacion planificado,Correctos ubicacion,Errores ubicacion,Paradas posibles,Paradas realizadas,Errores parada por tiempo excedido,Num errores por tiempo excedido
2,1,1,5,14:32:12.452,Tiempo final,Tiempo duracion,Completado,Reglas planificacion cumplidas,%Reglas respetadas ejecucion,Pasos planificados,Pasos ejecutados,Errores ejecucion,Num dormir planificado,Correctos dormir,Errores dormir,Num ubicacion planificado,Correctos ubicacion,Errores ubicacion,Paradas posibles,Paradas realizadas,Errores parada por tiempo excedido,Num errores por tiempo excedido
2,1,1,6,14:34:40.469,Tiempo final,Tiempo duracion,Completado,Reglas planificacion cumplidas,%Reglas respetadas ejecucion,Pasos planificados,Pasos ejecutados,Errores ejecucion,Num dormir planificado,Correctos dormir,Errores dormir,Num ubicacion planificado,Correctos ubicacion,Errores ubicacion,Paradas posibles,Paradas realizadas,Errores parada por tiempo excedido,Num errores por tiempo excedido
2,1,1,7,14:39:49.074,Tiempo final,Tiempo duracion,Completado,Reglas planificacion cumplidas,%Reglas respetadas ejecucion,Pasos planificados,Pasos ejecutados,Errores ejecucion,Num dormir planificado,Correctos dormir,Errores dormir,Num ubicacion planificado,Correctos ubicacion,Errores ubicacion,Paradas posibles,Paradas realizadas,Errores parada por tiempo excedido,Num errores por tiempo excedido
2,1,1,8,14:43:00.169,Tiempo final,Tiempo duracion,Completado,Reglas planificacion cumplidas,%Reglas respetadas ejecucion,Pasos planificados,Pasos ejecutados,Errores ejecucion,Num dormir planificado,Correctos dormir,Errores dormir,Num ubicacion planificado,Correctos ubicacion,Errores ubicacion,Paradas posibles,Paradas realizadas,Errores parada por tiempo excedido,Num errores por tiempo excedido
2,1,1,9,14:46:14.704,Tiempo final,Tiempo duracion,Completado,Reglas planificacion cumplidas,%Reglas respetadas ejecucion,Pasos planificados,Pasos ejecutados,Errores ejecucion,Num dormir planificado,Correctos dormir,Errores dormir,Num ubicacion planificado,Correctos ubicacion,Errores ubicacion,Paradas posibles,Paradas realizadas,Errores parada por tiempo excedido,Num errores por tiempo excedido
2,1,2,1,14:50:35.180,Tiempo final,Tiempo duracion,Completado,Reglas planificacion cumplidas,%Reglas respetadas ejecucion,Pasos planificados,Pasos ejecutados,Errores ejecucion,Num dormir planificado,Correctos dormir,Errores dormir,Num ubicacion planificado,Correctos ubicacion,Errores ubicacion,Paradas posibles,Paradas realizadas,Errores parada por tiempo excedido,Num errores por tiempo excedido
2,1,2,2,14:53:26.155,Tiempo final,Tiempo duracion,Completado,Reglas planificacion cumplidas,%Reglas respetadas ejecucion,Pasos planificados,Pasos ejecutados,Errores ejecucion,Num dormir planificado,Correctos dormir,Errores dormir,Num ubicacion planificado,Correctos ubicacion,Errores ubicacion,Paradas posibles,Paradas realizadas,Errores parada por tiempo excedido,Num errores por tiempo excedido
30,1,1,1,14:59:28.344,Tiempo final,Tiempo duracion,Completado,Reglas planificacion cumplidas,%Reglas respetadas ejecucion,Pasos planificados,Pasos ejecutados,Errores ejecucion,Num dormir planificado,Correctos dormir,Errores dormir,Num ubicacion planificado,Correctos ubicacion,Errores ubicacion,Paradas posibles,Paradas realizadas,Errores parada por tiempo excedido,Num errores por tiempo excedido
30,1,1,2,15:02:18.425,Tiempo final,Tiempo duracion,Completado,Reglas planificacion cumplidas,%Reglas respetadas ejecucion,Pasos planificados,Pasos ejecutados,Errores ejecucion,Num dormir planificado,Correctos dormir,Errores dormir,Num ubicacion planificado,Correctos ubicacion,Errores ubicacion,Paradas posibles,Paradas realizadas,Errores parada por tiempo excedido,Num errores por tiempo excedido
30,1,2,1,15:05:56.110,Tiempo final,Tiempo duracion,Completado,Reglas planificacion cumplidas,%Reglas respetadas ejecucion,Pasos planificados,Pasos ejecutados,Errores ejecucion,Num dormir planificado,Correctos dormir,Errores dormir,Num ubicacion planificado,Correctos ubicacion,Errores ubicacion,Paradas posibles,Paradas realizadas,Errores parada por tiempo excedido,Num errores por tiempo excedido
30,1,3,1,15:10:25.433,Tiempo final,Tiempo duracion,Completado,Reglas planificacion cumplidas,%Reglas respetadas ejecucion,Pasos planificados,Pasos ejecutados,Errores ejecucion,Num dormir planificado,Correctos dormir,Errores dormir,Num ubicacion planificado,Correctos ubicacion,Errores ubicacion,Paradas posibles,Paradas realizadas,Errores parada por tiempo excedido,Num errores por tiempo excedido
30,1,3,2,15:13:40.313,Tiempo final,Tiempo duracion,Completado,Reglas planificacion cumplidas,%Reglas respetadas ejecucion,Pasos planificados,Pasos ejecutados,Errores ejecucion,Num dormir planificado,Correctos dormir,Errores dormir,Num ubicacion planificado,Correctos ubicacion,Errores ubicacion,Paradas posibles,Paradas realizadas,Errores parada por tiempo excedido,Num errores por tiempo excedido
30,1,3,3,15:16:32.550,Tiempo final,Tiempo duracion,Completado,Reglas planificacion cumplidas,%Reglas respetadas ejecucion,Pasos planificados,Pasos ejecutados,Errores ejecucion,Num dormir planificado,Correctos dormir,Errores dormir,Num ubicacion planificado,Correctos ubicacion,Errores ubicacion,Paradas posibles,Paradas realizadas,Errores parada por tiempo excedido,Num errores por tiempo excedido
30,1,3,4,15:19:35.232,Tiempo final,Tiempo duracion,Completado,Reglas planificacion cumplidas,%Reglas respetadas ejecucion,Pasos planificados,Pasos ejecutados,Errores ejecucion,Num dormir planificado,Correctos dormir,Errores dormir,Num ubicacion planificado,Correctos ubicacion,Errores ubicacion,Paradas posibles,Paradas realizadas,Errores parada por tiempo excedido,Num errores por tiempo excedido
30,1,3,5,15:23:29.960,Tiempo final,Tiempo duracion,Completado,Reglas planificacion cumplidas,%Reglas respetadas ejecucion,Pasos planificados,Pasos ejecutados,Errores ejecucion,Num dormir planificado,Correctos dormir,Errores dormir,Num ubicacion planificado,Correctos ubicacion,Errores ubicacion,Paradas posibles,Paradas realizadas,Errores parada por tiempo excedido,Num errores por tiempo excedido
30,1,3,6,15:24:16.774,Tiempo final,Tiempo duracion,Completado,Reglas planificacion cumplidas,%Reglas respetadas ejecucion,Pasos planificados,Pasos ejecutados,Errores ejecucion,Num dormir planificado,Correctos dormir,Errores dormir,Num ubicacion planificado,Correctos ubicacion,Errores ubicacion,Paradas posibles,Paradas realizadas,Errores parada por tiempo excedido,Num errores por tiempo excedido
30,3,1,1,15:01:05.154,Tiempo final,Tiempo duracion,Completado,Reglas planificacion cumplidas,%Reglas respetadas ejecucion,Pasos planificados,Pasos ejecutados,Errores ejecucion,Num dormir planificado,Correctos dormir,Errores dormir,Num ubicacion planificado,Correctos ubicacion,Errores ubicacion,Paradas posibles,Paradas realizadas,Errores parada por tiempo excedido,Num errores por tiempo excedido
30,3,1,2,15:04:27.907,Tiempo final,Tiempo duracion,Completado,Reglas planificacion cumplidas,%Reglas respetadas ejecucion,Pasos planificados,Pasos ejecutados,Errores ejecucion,Num dormir planificado,Correctos dormir,Errores dormir,Num ubicacion planificado,Correctos ubicacion,Errores ubicacion,Paradas posibles,Paradas realizadas,Errores parada por tiempo excedido,Num errores por tiempo excedido
30,3,2,1,15:06:32.230,Tiempo final,Tiempo duracion,Completado,Reglas planificacion cumplidas,%Reglas respetadas ejecucion,Pasos planificados,Pasos ejecutados,Errores ejecucion,Num dormir planificado,Correctos dormir,Errores dormir,Num ubicacion planificado,Correctos ubicacion,Errores ubicacion,Paradas posibles,Paradas realizadas,Errores parada por tiempo excedido,Num errores por tiempo excedido
30,3,3,1,15:10:35.900,Tiempo final,Tiempo duracion,Completado,Reglas planificacion cumplidas,%Reglas respetadas ejecucion,Pasos planificados,Pasos ejecutados,Errores ejecucion,Num dormir planificado,Correctos dormir,Errores dormir,Num ubicacion planificado,Correctos ubicacion,Errores ubicacion,Paradas posibles,Paradas realizadas,Errores parada por tiempo excedido,Num errores por tiempo excedido
30,3,3,2,15:14:10.181,Tiempo final,Tiempo duracion,Completado,Reglas planificacion cumplidas,%Reglas respetadas ejecucion,Pasos planificados,Pasos ejecutados,Errores ejecucion,Num dormir planificado,Correctos dormir,Errores dormir,Num ubicacion planificado,Correctos ubicacion,Errores ubicacion,Paradas posibles,Paradas realizadas,Errores parada por tiempo excedido,Num errores por tiempo excedido
30,3,3,3,15:17:26.730,Tiempo final,Tiempo duracion,Completado,Reglas planificacion cumplidas,%Reglas respetadas ejecucion,Pasos planificados,Pasos ejecutados,Errores ejecucion,Num dormir planificado,Correctos dormir,Errores dormir,Num ubicacion planificado,Correctos ubicacion,Errores ubicacion,Paradas posibles,Paradas realizadas,Errores parada por tiempo excedido,Num errores por tiempo excedido
30,3,3,4,15:20:45.106,Tiempo final,Tiempo duracion,Completado,Reglas planificacion cumplidas,%Reglas respetadas ejecucion,Pasos planificados,Pasos ejecutados,Errores ejecucion,Num dormir planificado,Correctos dormir,Errores dormir,Num ubicacion planificado,Correctos ubicacion,Errores ubicacion,Paradas posibles,Paradas realizadas,Errores parada por tiempo excedido,Num errores por tiempo excedido
30,3,3,5,15:22:19.911,Tiempo final,Tiempo duracion,Completado,Reglas planificacion cumplidas,%Reglas respetadas ejecucion,Pasos planificados,Pasos ejecutados,Errores ejecucion,Num dormir planificado,Correctos dormir,Errores dormir,Num ubicacion planificado,Correctos ubicacion,Errores ubicacion,Paradas posibles,Paradas realizadas,Errores parada por tiempo excedido,Num errores por tiempo excedido
30,3,3,6,15:26:44.048,Tiempo final,Tiempo duracion,Completado,Reglas planificacion cumplidas,%Reglas respetadas ejecucion,Pasos planificados,Pasos ejecutados,Errores ejecucion,Num dormir planificado,Correctos dormir,Errores dormir,Num ubicacion planificado,Correctos ubicacion,Errores ubicacion,Paradas posibles,Paradas realizadas,Errores parada por tiempo excedido,Num errores por tiempo excedido
30,3,3,7,15:33:35.140,Tiempo final,Tiempo duracion,Completado,Reglas planificacion cumplidas,%Reglas respetadas ejecucion,Pasos planificados,Pasos ejecutados,Errores ejecucion,Num dormir planificado,Correctos dormir,Errores dormir,Num ubicacion planificado,Correctos ubicacion,Errores ubicacion,Paradas posibles,Paradas realizadas,Errores parada por tiempo excedido,Num errores por tiempo excedido
30,3,1,1,15:35:37.780,Tiempo final,Tiempo duracion,Completado,Reglas planificacion cumplidas,%Reglas respetadas ejecucion,Pasos planificados,Pasos ejecutados,Errores ejecucion,Num dormir planificado,Correctos dormir,Errores dormir,Num ubicacion planificado,Correctos ubicacion,Errores ubicacion,Paradas posibles,Paradas realizadas,Errores parada por tiempo excedido,Num errores por tiempo excedido
30,3,3,1,15:37:20.925,Tiempo final,Tiempo duracion,Completado,Reglas planificacion cumplidas,%Reglas respetadas ejecucion,Pasos planificados,Pasos ejecutados,Errores ejecucion,Num dormir planificado,Correctos dormir,Errores dormir,Num ubicacion planificado,Correctos ubicacion,Errores ubicacion,Paradas posibles,Paradas realizadas,Errores parada por tiempo excedido,Num errores por tiempo excedido
30,3,3,2,15:41:01.961,Tiempo final,Tiempo duracion,Completado,Reglas planificacion cumplidas,%Reglas respetadas ejecucion,Pasos planificados,Pasos ejecutados,Errores ejecucion,Num dormir planificado,Correctos dormir,Errores dormir,Num ubicacion planificado,Correctos ubicacion,Errores ubicacion,Paradas posibles,Paradas realizadas,Errores parada por tiempo excedido,Num errores por tiempo excedido
31,1,1,1,14:41:32.880,Tiempo final,Tiempo duracion,Completado,Reglas planificacion cumplidas,%Reglas respetadas ejecucion,Pasos planificados,Pasos ejecutados,Errores ejecucion,Num dormir planificado,Correctos dormir,Errores dormir,Num ubicacion planificado,Correctos ubicacion,Errores ubicacion,Paradas posibles,Paradas realizadas,Errores parada por tiempo excedido,Num errores por tiempo excedido
31,1,1,2,14:44:36.906,Tiempo final,Tiempo duracion,Completado,Reglas planificacion cumplidas,%Reglas respetadas ejecucion,Pasos planificados,Pasos ejecutados,Errores ejecucion,Num dormir planificado,Correctos dormir,Errores dormir,Num ubicacion planificado,Correctos ubicacion,Errores ubicacion,Paradas posibles,Paradas realizadas,Errores parada por tiempo excedido,Num errores por tiempo excedido
31,1,1,3,14:46:41.897,Tiempo final,Tiempo duracion,Completado,Reglas planificacion cumplidas,%Reglas respetadas ejecucion,Pasos planificados,Pasos ejecutados,Errores ejecucion,Num dormir planificado,Correctos dormir,Errores dormir,Num ubicacion planificado,Correctos ubicacion,Errores ubicacion,Paradas posibles,Paradas realizadas,Errores parada por tiempo excedido,Num errores por tiempo excedido
31,1,1,4,14:49:12.873,Tiempo final,Tiempo duracion,Completado,Reglas planificacion cumplidas,%Reglas respetadas ejecucion,Pasos planificados,Pasos ejecutados,Errores ejecucion,Num dormir planificado,Correctos dormir,Errores dormir,Num ubicacion planificado,Correctos ubicacion,Errores ubicacion,Paradas posibles,Paradas realizadas,Errores parada por tiempo excedido,Num errores por tiempo excedido
31,1,2,1,14:51:59.233,Tiempo final,Tiempo duracion,Completado,Reglas planificacion cumplidas,%Reglas respetadas ejecucion,Pasos planificados,Pasos ejecutados,Errores ejecucion,Num dormir planificado,Correctos dormir,Errores dormir,Num ubicacion planificado,Correctos ubicacion,Errores ubicacion,Paradas posibles,Paradas realizadas,Errores parada por tiempo excedido,Num errores por tiempo excedido
31,1,2,2,14:56:35.400,Tiempo final,Tiempo duracion,Completado,Reglas planificacion cumplidas,%Reglas respetadas ejecucion,Pasos planificados,Pasos ejecutados,Errores ejecucion,Num dormir planificado,Correctos dormir,Errores dormir,Num ubicacion planificado,Correctos ubicacion,Errores ubicacion,Paradas posibles,Paradas realizadas,Errores parada por tiempo excedido,Num errores por tiempo excedido
31,1,2,3,14:57:34.697,Tiempo final,Tiempo duracion,Completado,Reglas planificacion cumplidas,%Reglas respetadas ejecucion,Pasos planificados,Pasos ejecutados,Errores ejecucion,Num dormir planificado,Correctos dormir,Errores dormir,Num ubicacion planificado,Correctos ubicacion,Errores ubicacion,Paradas posibles,Paradas realizadas,Errores parada por tiempo excedido,Num errores por tiempo excedido
31,1,2,4,15:01:06.236,Tiempo final,Tiempo duracion,Completado,Reglas planificacion cumplidas,%Reglas respetadas ejecucion,Pasos planificados,Pasos ejecutados,Errores ejecucion,Num dormir planificado,Correctos dormir,Errores dormir,Num ubicacion planificado,Correctos ubicacion,Errores ubicacion,Paradas posibles,Paradas realizadas,Errores parada por tiempo excedido,Num errores por tiempo excedido
31,1,2,5,15:05:04.622,Tiempo final,Tiempo duracion,Completado,Reglas planificacion cumplidas,%Reglas respetadas ejecucion,Pasos planificados,Pasos ejecutados,Errores ejecucion,Num dormir planificado,Correctos dormir,Errores dormir,Num ubicacion planificado,Correctos ubicacion,Errores ubicacion,Paradas posibles,Paradas realizadas,Errores parada por tiempo excedido,Num errores por tiempo excedido
31,1,2,6,15:09:12.768,Tiempo final,Tiempo duracion,Completado,Reglas planificacion cumplidas,%Reglas respetadas ejecucion,Pasos planificados,Pasos ejecutados,Errores ejecucion,Num dormir planificado,Correctos dormir,Errores dormir,Num ubicacion planificado,Correctos ubicacion,Errores ubicacion,Paradas posibles,Paradas realizadas,Errores parada por tiempo excedido,Num errores por tiempo excedido
31,1,2,7,15:10:11.915,Tiempo final,Tiempo duracion,Completado,Reglas planificacion cumplidas,%Reglas respetadas ejecucion,Pasos planificados,Pasos ejecutados,Errores ejecucion,Num dormir planificado,Correctos dormir,Errores dormir,Num ubicacion planificado,Correctos ubicacion,Errores ubicacion,Paradas posibles,Paradas realizadas,Errores parada por tiempo excedido,Num errores por tiempo excedido
31,3,1,1,14:59:05.674,Tiempo final,Tiempo duracion,Completado,Reglas planificacion cumplidas,%Reglas respetadas ejecucion,Pasos planificados,Pasos ejecutados,Errores ejecucion,Num dormir planificado,Correctos dormir,Errores dormir,Num ubicacion planificado,Correctos ubicacion,Errores ubicacion,Paradas posibles,Paradas realizadas,Errores parada por tiempo excedido,Num errores por tiempo excedido
31,3,1,2,15:02:10.107,Tiempo final,Tiempo duracion,Completado,Reglas planificacion cumplidas,%Reglas respetadas ejecucion,Pasos planificados,Pasos ejecutados,Errores ejecucion,Num dormir planificado,Correctos dormir,Errores dormir,Num ubicacion planificado,Correctos ubicacion,Errores ubicacion,Paradas posibles,Paradas realizadas,Errores parada por tiempo excedido,Num errores por tiempo excedido
31,3,2,1,15:04:55.399,Tiempo final,Tiempo duracion,Completado,Reglas planificacion cumplidas,%Reglas respetadas ejecucion,Pasos planificados,Pasos ejecutados,Errores ejecucion,Num dormir planificado,Correctos dormir,Errores dormir,Num ubicacion planificado,Correctos ubicacion,Errores ubicacion,Paradas posibles,Paradas realizadas,Errores parada por tiempo excedido,Num errores por tiempo excedido
31,3,2,2,15:10:35.698,Tiempo final,Tiempo duracion,Completado,Reglas planificacion cumplidas,%Reglas respetadas ejecucion,Pasos planificados,Pasos ejecutados,Errores ejecucion,Num dormir planificado,Correctos dormir,Errores dormir,Num ubicacion planificado,Correctos ubicacion,Errores ubicacion,Paradas posibles,Paradas realizadas,Errores parada por tiempo excedido,Num errores por tiempo excedido
31,3,2,3,15:14:35.262,Tiempo final,Tiempo duracion,Completado,Reglas planificacion cumplidas,%Reglas respetadas ejecucion,Pasos planificados,Pasos ejecutados,Errores ejecucion,Num dormir planificado,Correctos dormir,Errores dormir,Num ubicacion planificado,Correctos ubicacion,Errores ubicacion,Paradas posibles,Paradas realizadas,Errores parada por tiempo excedido,Num errores por tiempo excedido
31,3,2,4,15:17:00.533,Tiempo final,Tiempo duracion,Completado,Reglas planificacion cumplidas,%Reglas respetadas ejecucion,Pasos planificados,Pasos ejecutados,Errores ejecucion,Num dormir planificado,Correctos dormir,Errores dormir,Num ubicacion planificado,Correctos ubicacion,Errores ubicacion,Paradas posibles,Paradas realizadas,Errores parada por tiempo excedido,Num errores por tiempo excedido
31,3,2,5,15:18:47.405,Tiempo final,Tiempo duracion,Completado,Reglas planificacion cumplidas,%Reglas respetadas ejecucion,Pasos planificados,Pasos ejecutados,Errores ejecucion,Num dormir planificado,Correctos dormir,Errores dormir,Num ubicacion planificado,Correctos ubicacion,Errores ubicacion,Paradas posibles,Paradas realizadas,Errores parada por tiempo excedido,Num errores por tiempo excedido
31,3,2,6,15:22:21.071,Tiempo final,Tiempo duracion,Completado,Reglas planificacion cumplidas,%Reglas respetadas ejecucion,Pasos planificados,Pasos ejecutados,Errores ejecucion,Num dormir planificado,Correctos dormir,Errores dormir,Num ubicacion planificado,Correctos ubicacion,Errores ubicacion,Paradas posibles,Paradas realizadas,Errores parada por tiempo excedido,Num errores por tiempo excedido
31,3,2,7,15:23:44.102,Tiempo final,Tiempo duracion,Completado,Reglas planificacion cumplidas,%Reglas respetadas ejecucion,Pasos planificados,Pasos ejecutados,Errores ejecucion,Num dormir planificado,Correctos dormir,Errores dormir,Num ubicacion planificado,Correctos ubicacion,Errores ubicacion,Paradas posibles,Paradas realizadas,Errores parada por tiempo excedido,Num errores por tiempo excedido
31,3,2,8,15:25:02.261,Tiempo final,Tiempo duracion,Completado,Reglas planificacion cumplidas,%Reglas respetadas ejecucion,Pasos planificados,Pasos ejecutados,Errores ejecucion,Num dormir planificado,Correctos dormir,Errores dormir,Num ubicacion planificado,Correctos ubicacion,Errores ubicacion,Paradas posibles,Paradas realizadas,Errores parada por tiempo excedido,Num errores por tiempo excedido
31,3,2,9,15:26:03.898,Tiempo final,Tiempo duracion,Completado,Reglas planificacion cumplidas,%Reglas respetadas ejecucion,Pasos planificados,Pasos ejecutados,Errores ejecucion,Num dormir planificado,Correctos dormir,Errores dormir,Num ubicacion planificado,Correctos ubicacion,Errores ubicacion,Paradas posibles,Paradas realizadas,Errores parada por tiempo excedido,Num errores por tiempo excedido
31,3,2,10,15:27:19.265,Tiempo final,Tiempo duracion,Completado,Reglas planificacion cumplidas,%Reglas respetadas ejecucion,Pasos planificados,Pasos ejecutados,Errores ejecucion,Num dormir planificado,Correctos dormir,Errores dormir,Num ubicacion planificado,Correctos ubicacion,Errores ubicacion,Paradas posibles,Paradas realizadas,Errores parada por tiempo excedido,Num errores por tiempo excedido
31,3,2,11,15:30:58.125,Tiempo final,Tiempo duracion,Completado,Reglas planificacion cumplidas,%Reglas respetadas ejecucion,Pasos planificados,Pasos ejecutados,Errores ejecucion,Num dormir planificado,Correctos dormir,Errores dormir,Num ubicacion planificado,Correctos ubicacion,Errores ubicacion,Paradas posibles,Paradas realizadas,Errores parada por tiempo excedido,Num errores por tiempo excedido
31,3,2,12,15:32:08.945,Tiempo final,Tiempo duracion,Completado,Reglas planificacion cumplidas,%Reglas respetadas ejecucion,Pasos planificados,Pasos ejecutados,Errores ejecucion,Num dormir planificado,Correctos dormir,Errores dormir,Num ubicacion planificado,Correctos ubicacion,Errores ubicacion,Paradas posibles,Paradas realizadas,Errores parada por tiempo excedido,Num errores por tiempo excedido
31,3,2,13,15:33:18.461,Tiempo final,Tiempo duracion,Completado,Reglas planificacion cumplidas,%Reglas respetadas ejecucion,Pasos planificados,Pasos ejecutados,Errores ejecucion,Num dormir planificado,Correctos dormir,Errores dormir,Num ubicacion planificado,Correctos ubicacion,Errores ubicacion,Paradas posibles,Paradas realizadas,Errores parada por tiempo excedido,Num errores por tiempo excedido
31,3,2,14,15:33:47.980,Tiempo final,Tiempo duracion,Completado,Reglas planificacion cumplidas,%Reglas respetadas ejecucion,Pasos planificados,Pasos ejecutados,Errores ejecucion,Num dormir planificado,Correctos dormir,Errores dormir,Num ubicacion planificado,Correctos ubicacion,Errores ubicacion,Paradas posibles,Paradas realizadas,Errores parada por tiempo excedido,Num errores por tiempo excedido
31,3,2,15,15:35:12.952,Tiempo final,Tiempo duracion,Completado,Reglas planificacion cumplidas,%Reglas respetadas ejecucion,Pasos planificados,Pasos ejecutados,Errores ejecucion,Num dormir planificado,Correctos dormir,Errores dormir,Num ubicacion planificado,Correctos ubicacion,Errores ubicacion,Paradas posibles,Paradas realizadas,Errores parada por tiempo excedido,Num errores por tiempo excedido
31,3,2,16,15:38:34.133,Tiempo final,Tiempo duracion,Completado,Reglas planificacion cumplidas,%Reglas respetadas ejecucion,Pasos planificados,Pasos ejecutados,Errores ejecucion,Num dormir planificado,Correctos dormir,Errores dormir,Num ubicacion planificado,Correctos ubicacion,Errores ubicacion,Paradas posibles,Paradas realizadas,Errores parada por tiempo excedido,Num errores por tiempo excedido
31,3,2,17,15:42:15.769,Tiempo final,Tiempo duracion,Completado,Reglas planificacion cumplidas,%Reglas respetadas ejecucion,Pasos planificados,Pasos ejecutados,Errores ejecucion,Num dormir planificado,Correctos dormir,Errores dormir,Num ubicacion planificado,Correctos ubicacion,Errores ubicacion,Paradas posibles,Paradas realizadas,Errores parada por tiempo excedido,Num errores por tiempo excedido
31,3,2,18,15:43:29.484,Tiempo final,Tiempo duracion,Completado,Reglas planificacion cumplidas,%Reglas respetadas ejecucion,Pasos planificados,Pasos ejecutados,Errores ejecucion,Num dormir planificado,Correctos dormir,Errores dormir,Num ubicacion planificado,Correctos ubicacion,Errores ubicacion,Paradas posibles,Paradas realizadas,Errores parada por tiempo excedido,Num errores por tiempo excedido
31,3,2,19,15:44:29.426,Tiempo final,Tiempo duracion,Completado,Reglas planificacion cumplidas,%Reglas respetadas ejecucion,Pasos planificados,Pasos ejecutados,Errores ejecucion,Num dormir planificado,Correctos dormir,Errores dormir,Num ubicacion planificado,Correctos ubicacion,Errores ubicacion,Paradas posibles,Paradas realizadas,Errores parada por tiempo excedido,Num errores por tiempo excedido
31,3,2,20,15:46:46.218,Tiempo final,Tiempo duracion,Completado,Reglas planificacion cumplidas,%Reglas respetadas ejecucion,Pasos planificados,Pasos ejecutados,Errores ejecucion,Num dormir planificado,Correctos dormir,Errores dormir,Num ubicacion planificado,Correctos ubicacion,Errores ubicacion,Paradas posibles,Paradas realizadas,Errores parada por tiempo excedido,Num errores por tiempo excedido
31,3,2,21,15:49:33.842,Tiempo final,Tiempo duracion,Completado,Reglas planificacion cumplidas,%Reglas respetadas ejecucion,Pasos planificados,Pasos ejecutados,Errores ejecucion,Num dormir planificado,Correctos dormir,Errores dormir,Num ubicacion planificado,Correctos ubicacion,Errores ubicacion,Paradas posibles,Paradas realizadas,Errores parada por tiempo excedido,Num errores por tiempo excedido
32,1,1,1,14:21:40.892,Tiempo final,Tiempo duracion,Completado,Reglas planificacion cumplidas,%Reglas respetadas ejecucion,Pasos planificados,Pasos ejecutados,Errores ejecucion,Num dormir planificado,Correctos dormir,Errores dormir,Num ubicacion planificado,Correctos ubicacion,Errores ubicacion,Paradas posibles,Paradas realizadas,Errores parada por tiempo excedido,Num errores por tiempo excedido
32,1,1,2,14:23:47.679,Tiempo final,Tiempo duracion,Completado,Reglas planificacion cumplidas,%Reglas respetadas ejecucion,Pasos planificados,Pasos ejecutados,Errores ejecucion,Num dormir planificado,Correctos dormir,Errores dormir,Num ubicacion planificado,Correctos ubicacion,Errores ubicacion,Paradas posibles,Paradas realizadas,Errores parada por tiempo excedido,Num errores por tiempo excedido
32,1,1,3,14:26:29.841,Tiempo final,Tiempo duracion,Completado,Reglas planificacion cumplidas,%Reglas respetadas ejecucion,Pasos planificados,Pasos ejecutados,Errores ejecucion,Num dormir planificado,Correctos dormir,Errores dormir,Num ubicacion planificado,Correctos ubicacion,Errores ubicacion,Paradas posibles,Paradas realizadas,Errores parada por tiempo excedido,Num errores por tiempo excedido
32,1,1,4,14:29:21.068,Tiempo final,Tiempo duracion,Completado,Reglas planificacion cumplidas,%Reglas respetadas ejecucion,Pasos planificados,Pasos ejecutados,Errores ejecucion,Num dormir planificado,Correctos dormir,Errores dormir,Num ubicacion planificado,Correctos ubicacion,Errores ubicacion,Paradas posibles,Paradas realizadas,Errores parada por tiempo excedido,Num errores por tiempo excedido
32,1,1,5,14:31:28.273,Tiempo final,Tiempo duracion,Completado,Reglas planificacion cumplidas,%Reglas respetadas ejecucion,Pasos planificados,Pasos ejecutados,Errores ejecucion,Num dormir planificado,Correctos dormir,Errores dormir,Num ubicacion planificado,Correctos ubicacion,Errores ubicacion,Paradas posibles,Paradas realizadas,Errores parada por tiempo excedido,Num errores por tiempo excedido
32,1,1,6,14:33:46.895,Tiempo final,Tiempo duracion,Completado,Reglas planificacion cumplidas,%Reglas respetadas ejecucion,Pasos planificados,Pasos ejecutados,Errores ejecucion,Num dormir planificado,Correctos dormir,Errores dormir,Num ubicacion planificado,Correctos ubicacion,Errores ubicacion,Paradas posibles,Paradas realizadas,Errores parada por tiempo excedido,Num errores por tiempo excedido
32,1,1,7,14:35:51.039,Tiempo final,Tiempo duracion,Completado,Reglas planificacion cumplidas,%Reglas respetadas ejecucion,Pasos planificados,Pasos ejecutados,Errores ejecucion,Num dormir planificado,Correctos dormir,Errores dormir,Num ubicacion planificado,Correctos ubicacion,Errores ubicacion,Paradas posibles,Paradas realizadas,Errores parada por tiempo excedido,Num errores por tiempo excedido
32,1,1,8,14:37:16.095,Tiempo final,Tiempo duracion,Completado,Reglas planificacion cumplidas,%Reglas respetadas ejecucion,Pasos planificados,Pasos ejecutados,Errores ejecucion,Num dormir planificado,Correctos dormir,Errores dormir,Num ubicacion planificado,Correctos ubicacion,Errores ubicacion,Paradas posibles,Paradas realizadas,Errores parada por tiempo excedido,Num errores por tiempo excedido
32,1,1,9,14:38:56.737,Tiempo final,Tiempo duracion,Completado,Reglas planificacion cumplidas,%Reglas respetadas ejecucion,Pasos planificados,Pasos ejecutados,Errores ejecucion,Num dormir planificado,Correctos dormir,Errores dormir,Num ubicacion planificado,Correctos ubicacion,Errores ubicacion,Paradas posibles,Paradas realizadas,Errores parada por tiempo excedido,Num errores por tiempo excedido
32,1,1,10,14:41:46.960,Tiempo final,Tiempo duracion,Completado,Reglas planificacion cumplidas,%Reglas respetadas ejecucion,Pasos planificados,Pasos ejecutados,Errores ejecucion,Num dormir planificado,Correctos dormir,Errores dormir,Num ubicacion planificado,Correctos ubicacion,Errores ubicacion,Paradas posibles,Paradas realizadas,Errores parada por tiempo excedido,Num errores por tiempo excedido
32,1,2,1,14:44:31.489,Tiempo final,Tiempo duracion,Completado,Reglas planificacion cumplidas,%Reglas respetadas ejecucion,Pasos planificados,Pasos ejecutados,Errores ejecucion,Num dormir planificado,Correctos dormir,Errores dormir,Num ubicacion planificado,Correctos ubicacion,Errores ubicacion,Paradas posibles,Paradas realizadas,Errores parada por tiempo excedido,Num errores por tiempo excedido
32,1,2,2,14:47:00.116,Tiempo final,Tiempo duracion,Completado,Reglas planificacion cumplidas,%Reglas respetadas ejecucion,Pasos planificados,Pasos ejecutados,Errores ejecucion,Num dormir planificado,Correctos dormir,Errores dormir,Num ubicacion planificado,Correctos ubicacion,Errores ubicacion,Paradas posibles,Paradas realizadas,Errores parada por tiempo excedido,Num errores por tiempo excedido
32,1,2,3,14:50:32.655,Tiempo final,Tiempo duracion,Completado,Reglas planificacion cumplidas,%Reglas respetadas ejecucion,Pasos planificados,Pasos ejecutados,Errores ejecucion,Num dormir planificado,Correctos dormir,Errores dormir,Num ubicacion planificado,Correctos ubicacion,Errores ubicacion,Paradas posibles,Paradas realizadas,Errores parada por tiempo excedido,Num errores por tiempo excedido
32,1,2,4,14:52:08.199,Tiempo final,Tiempo duracion,Completado,Reglas planificacion cumplidas,%Reglas respetadas ejecucion,Pasos planificados,Pasos ejecutados,Errores ejecucion,Num dormir planificado,Correctos dormir,Errores dormir,Num ubicacion planificado,Correctos ubicacion,Errores ubicacion,Paradas posibles,Paradas realizadas,Errores parada por tiempo excedido,Num errores por tiempo excedido
32,3,1,1,14:13:26.721,Tiempo final,Tiempo duracion,Completado,Reglas planificacion cumplidas,%Reglas respetadas ejecucion,Pasos planificados,Pasos ejecutados,Errores ejecucion,Num dormir planificado,Correctos dormir,Errores dormir,Num ubicacion planificado,Correctos ubicacion,Errores ubicacion,Paradas posibles,Paradas realizadas,Errores parada por tiempo excedido,Num errores por tiempo excedido
32,3,1,2,14:15:59.905,Tiempo final,Tiempo duracion,Completado,Reglas planificacion cumplidas,%Reglas respetadas ejecucion,Pasos planificados,Pasos ejecutados,Errores ejecucion,Num dormir planificado,Correctos dormir,Errores dormir,Num ubicacion planificado,Correctos ubicacion,Errores ubicacion,Paradas posibles,Paradas realizadas,Errores parada por tiempo excedido,Num errores por tiempo excedido
32,3,2,1,14:19:13.156,Tiempo final,Tiempo duracion,Completado,Reglas planificacion cumplidas,%Reglas respetadas ejecucion,Pasos planificados,Pasos ejecutados,Errores ejecucion,Num dormir planificado,Correctos dormir,Errores dormir,Num ubicacion planificado,Correctos ubicacion,Errores ubicacion,Paradas posibles,Paradas realizadas,Errores parada por tiempo excedido,Num errores por tiempo excedido
32,3,2,2,14:21:04.742,Tiempo final,Tiempo duracion,Completado,Reglas planificacion cumplidas,%Reglas respetadas ejecucion,Pasos planificados,Pasos ejecutados,Errores ejecucion,Num dormir planificado,Correctos dormir,Errores dormir,Num ubicacion planificado,Correctos ubicacion,Errores ubicacion,Paradas posibles,Paradas realizadas,Errores parada por tiempo excedido,Num errores por tiempo excedido
32,3,3,1,14:24:31.487,Tiempo final,Tiempo duracion,Completado,Reglas planificacion cumplidas,%Reglas respetadas ejecucion,Pasos planificados,Pasos ejecutados,Errores ejecucion,Num dormir planificado,Correctos dormir,Errores dormir,Num ubicacion planificado,Correctos ubicacion,Errores ubicacion,Paradas posibles,Paradas realizadas,Errores parada por tiempo excedido,Num errores por tiempo excedido
33,1,1,1,16:03:16.528,Tiempo final,Tiempo duracion,Completado,Reglas planificacion cumplidas,%Reglas respetadas ejecucion,Pasos planificados,Pasos ejecutados,Errores ejecucion,Num dormir planificado,Correctos dormir,Errores dormir,Num ubicacion planificado,Correctos ubicacion,Errores ubicacion,Paradas posibles,Paradas realizadas,Errores parada por tiempo excedido,Num errores por tiempo excedido
33,1,1,2,16:16:29.656,Tiempo final,Tiempo duracion,Completado,Reglas planificacion cumplidas,%Reglas respetadas ejecucion,Pasos planificados,Pasos ejecutados,Errores ejecucion,Num dormir planificado,Correctos dormir,Errores dormir,Num ubicacion planificado,Correctos ubicacion,Errores ubicacion,Paradas posibles,Paradas realizadas,Errores parada por tiempo excedido,Num errores por tiempo excedido
33,1,1,3,16:18:42.111,Tiempo final,Tiempo duracion,Completado,Reglas planificacion cumplidas,%Reglas respetadas ejecucion,Pasos planificados,Pasos ejecutados,Errores ejecucion,Num dormir planificado,Correctos dormir,Errores dormir,Num ubicacion planificado,Correctos ubicacion,Errores ubicacion,Paradas posibles,Paradas realizadas,Errores parada por tiempo excedido,Num errores por tiempo excedido
33,1,1,4,16:21:20.072,Tiempo final,Tiempo duracion,Completado,Reglas planificacion cumplidas,%Reglas respetadas ejecucion,Pasos planificados,Pasos ejecutados,Errores ejecucion,Num dormir planificado,Correctos dormir,Errores dormir,Num ubicacion planificado,Correctos ubicacion,Errores ubicacion,Paradas posibles,Paradas realizadas,Errores parada por tiempo excedido,Num errores por tiempo excedido
33,1,1,5,16:23:24.414,Tiempo final,Tiempo duracion,Completado,Reglas planificacion cumplidas,%Reglas respetadas ejecucion,Pasos planificados,Pasos ejecutados,Errores ejecucion,Num dormir planificado,Correctos dormir,Errores dormir,Num ubicacion planificado,Correctos ubicacion,Errores ubicacion,Paradas posibles,Paradas realizadas,Errores parada por tiempo excedido,Num errores por tiempo excedido
33,1,1,6,16:27:08.561,Tiempo final,Tiempo duracion,Completado,Reglas planificacion cumplidas,%Reglas respetadas ejecucion,Pasos planificados,Pasos ejecutados,Errores ejecucion,Num dormir planificado,Correctos dormir,Errores dormir,Num ubicacion planificado,Correctos ubicacion,Errores ubicacion,Paradas posibles,Paradas realizadas,Errores parada por tiempo excedido,Num errores por tiempo excedido
34,1,1,1,14:42:08.696,Tiempo final,Tiempo duracion,Completado,Reglas planificacion cumplidas,%Reglas respetadas ejecucion,Pasos planificados,Pasos ejecutados,Errores ejecucion,Num dormir planificado,Correctos dormir,Errores dormir,Num ubicacion planificado,Correctos ubicacion,Errores ubicacion,Paradas posibles,Paradas realizadas,Errores parada por tiempo excedido,Num errores por tiempo excedido
34,1,1,2,14:44:37.109,Tiempo final,Tiempo duracion,Completado,Reglas planificacion cumplidas,%Reglas respetadas ejecucion,Pasos planificados,Pasos ejecutados,Errores ejecucion,Num dormir planificado,Correctos dormir,Errores dormir,Num ubicacion planificado,Correctos ubicacion,Errores ubicacion,Paradas posibles,Paradas realizadas,Errores parada por tiempo excedido,Num errores por tiempo excedido
34,1,2,1,14:46:23.542,Tiempo final,Tiempo duracion,Completado,Reglas planificacion cumplidas,%Reglas respetadas ejecucion,Pasos planificados,Pasos ejecutados,Errores ejecucion,Num dormir planificado,Correctos dormir,Errores dormir,Num ubicacion planificado,Correctos ubicacion,Errores ubicacion,Paradas posibles,Paradas realizadas,Errores parada por tiempo excedido,Num errores por tiempo excedido
34,1,2,2,14:47:26.167,Tiempo final,Tiempo duracion,Completado,Reglas planificacion cumplidas,%Reglas respetadas ejecucion,Pasos planificados,Pasos ejecutados,Errores ejecucion,Num dormir planificado,Correctos dormir,Errores dormir,Num ubicacion planificado,Correctos ubicacion,Errores ubicacion,Paradas posibles,Paradas realizadas,Errores parada por tiempo excedido,Num errores por tiempo excedido
34,1,2,3,14:49:05.327,Tiempo final,Tiempo duracion,Completado,Reglas planificacion cumplidas,%Reglas respetadas ejecucion,Pasos planificados,Pasos ejecutados,Errores ejecucion,Num dormir planificado,Correctos dormir,Errores dormir,Num ubicacion planificado,Correctos ubicacion,Errores ubicacion,Paradas posibles,Paradas realizadas,Errores parada por tiempo excedido,Num errores por tiempo excedido
34,1,2,4,14:50:06.893,Tiempo final,Tiempo duracion,Completado,Reglas planificacion cumplidas,%Reglas respetadas ejecucion,Pasos planificados,Pasos ejecutados,Errores ejecucion,Num dormir planificado,Correctos dormir,Errores dormir,Num ubicacion planificado,Correctos ubicacion,Errores ubicacion,Paradas posibles,Paradas realizadas,Errores parada por tiempo excedido,Num errores por tiempo excedido
34,1,2,5,14:50:43.507,Tiempo final,Tiempo duracion,Completado,Reglas planificacion cumplidas,%Reglas respetadas ejecucion,Pasos planificados,Pasos ejecutados,Errores ejecucion,Num dormir planificado,Correctos dormir,Errores dormir,Num ubicacion planificado,Correctos ubicacion,Errores ubicacion,Paradas posibles,Paradas realizadas,Errores parada por tiempo excedido,Num errores por tiempo excedido
34,1,2,6,14:54:07.662,Tiempo final,Tiempo duracion,Completado,Reglas planificacion cumplidas,%Reglas respetadas ejecucion,Pasos planificados,Pasos ejecutados,Errores ejecucion,Num dormir planificado,Correctos dormir,Errores dormir,Num ubicacion planificado,Correctos ubicacion,Errores ubicacion,Paradas posibles,Paradas realizadas,Errores parada por tiempo excedido,Num errores por tiempo excedido
34,1,2,7,14:54:48.749,Tiempo final,Tiempo duracion,Completado,Reglas planificacion cumplidas,%Reglas respetadas ejecucion,Pasos planificados,Pasos ejecutados,Errores ejecucion,Num dormir planificado,Correctos dormir,Errores dormir,Num ubicacion planificado,Correctos ubicacion,Errores ubicacion,Paradas posibles,Paradas realizadas,Errores parada por tiempo excedido,Num errores por tiempo excedido
34,1,2,8,14:57:46.969,Tiempo final,Tiempo duracion,Completado,Reglas planificacion cumplidas,%Reglas respetadas ejecucion,Pasos planificados,Pasos ejecutados,Errores ejecucion,Num dormir planificado,Correctos dormir,Errores dormir,Num ubicacion planificado,Correctos ubicacion,Errores ubicacion,Paradas posibles,Paradas realizadas,Errores parada por tiempo excedido,Num errores por tiempo excedido
34,1,2,9,15:01:26.292,Tiempo final,Tiempo duracion,Completado,Reglas planificacion cumplidas,%Reglas respetadas ejecucion,Pasos planificados,Pasos ejecutados,Errores ejecucion,Num dormir planificado,Correctos dormir,Errores dormir,Num ubicacion planificado,Correctos ubicacion,Errores ubicacion,Paradas posibles,Paradas realizadas,Errores parada por tiempo excedido,Num errores por tiempo excedido
34,1,3,1,15:01:47.913,Tiempo final,Tiempo duracion,Completado,Reglas planificacion cumplidas,%Reglas respetadas ejecucion,Pasos planificados,Pasos ejecutados,Errores ejecucion,Num dormir planificado,Correctos dormir,Errores dormir,Num ubicacion planificado,Correctos ubicacion,Errores ubicacion,Paradas posibles,Paradas realizadas,Errores parada por tiempo excedido,Num errores por tiempo excedido
34,1,3,2,15:02:15.678,Tiempo final,Tiempo duracion,Completado,Reglas planificacion cumplidas,%Reglas respetadas ejecucion,Pasos planificados,Pasos ejecutados,Errores ejecucion,Num dormir planificado,Correctos dormir,Errores dormir,Num ubicacion planificado,Correctos ubicacion,Errores ubicacion,Paradas posibles,Paradas realizadas,Errores parada por tiempo excedido,Num errores por tiempo excedido
34,1,3,3,15:02:37.938,Tiempo final,Tiempo duracion,Completado,Reglas planificacion cumplidas,%Reglas respetadas ejecucion,Pasos planificados,Pasos ejecutados,Errores ejecucion,Num dormir planificado,Correctos dormir,Errores dormir,Num ubicacion planificado,Correctos ubicacion,Errores ubicacion,Paradas posibles,Paradas realizadas,Errores parada por tiempo excedido,Num errores por tiempo excedido
35,1,1,1,15:57:13.889,Tiempo final,Tiempo duracion,Completado,Reglas planificacion cumplidas,%Reglas respetadas ejecucion,Pasos planificados,Pasos ejecutados,Errores ejecucion,Num dormir planificado,Correctos dormir,Errores dormir,Num ubicacion planificado,Correctos ubicacion,Errores ubicacion,Paradas posibles,Paradas realizadas,Errores parada por tiempo excedido,Num errores por tiempo excedido
35,1,2,1,16:01:19.170,Tiempo final,Tiempo duracion,Completado,Reglas planificacion cumplidas,%Reglas respetadas ejecucion,Pasos planificados,Pasos ejecutados,Errores ejecucion,Num dormir planificado,Correctos dormir,Errores dormir,Num ubicacion planificado,Correctos ubicacion,Errores ubicacion,Paradas posibles,Paradas realizadas,Errores parada por tiempo excedido,Num errores por tiempo excedido
35,1,3,1,16:05:13.392,Tiempo final,Tiempo duracion,Completado,Reglas planificacion cumplidas,%Reglas respetadas ejecucion,Pasos planificados,Pasos ejecutados,Errores ejecucion,Num dormir planificado,Correctos dormir,Errores dormir,Num ubicacion planificado,Correctos ubicacion,Errores ubicacion,Paradas posibles,Paradas realizadas,Errores parada por tiempo excedido,Num errores por tiempo excedido
35,1,3,2,16:08:25.006,Tiempo final,Tiempo duracion,Completado,Reglas planificacion cumplidas,%Reglas respetadas ejecucion,Pasos planificados,Pasos ejecutados,Errores ejecucion,Num dormir planificado,Correctos dormir,Errores dormir,Num ubicacion planificado,Correctos ubicacion,Errores ubicacion,Paradas posibles,Paradas realizadas,Errores parada por tiempo excedido,Num errores por tiempo excedido
35,1,2,1,16:08:50.754,Tiempo final,Tiempo duracion,Completado,Reglas planificacion cumplidas,%Reglas respetadas ejecucion,Pasos planificados,Pasos ejecutados,Errores ejecucion,Num dormir planificado,Correctos dormir,Errores dormir,Num ubicacion planificado,Correctos ubicacion,Errores ubicacion,Paradas posibles,Paradas realizadas,Errores parada por tiempo excedido,Num errores por tiempo excedido
35,1,2,2,16:13:17.798,Tiempo final,Tiempo duracion,Completado,Reglas planificacion cumplidas,%Reglas respetadas ejecucion,Pasos planificados,Pasos ejecutados,Errores ejecucion,Num dormir planificado,Correctos dormir,Errores dormir,Num ubicacion planificado,Correctos ubicacion,Errores ubicacion,Paradas posibles,Paradas realizadas,Errores parada por tiempo excedido,Num errores por tiempo excedido
35,1,2,3,16:17:11.271,Tiempo final,Tiempo duracion,Completado,Reglas planificacion cumplidas,%Reglas respetadas ejecucion,Pasos planificados,Pasos ejecutados,Errores ejecucion,Num dormir planificado,Correctos dormir,Errores dormir,Num ubicacion planificado,Correctos ubicacion,Errores ubicacion,Paradas posibles,Paradas realizadas,Errores parada por tiempo excedido,Num errores por tiempo excedido
35,1,2,4,16:21:20.856,Tiempo final,Tiempo duracion,Completado,Reglas planificacion cumplidas,%Reglas respetadas ejecucion,Pasos planificados,Pasos ejecutados,Errores ejecucion,Num dormir planificado,Correctos dormir,Errores dormir,Num ubicacion planificado,Correctos ubicacion,Errores ubicacion,Paradas posibles,Paradas realizadas,Errores parada por tiempo excedido,Num errores por tiempo excedido
35,1,2,5,16:25:24.810,Tiempo final,Tiempo duracion,Completado,Reglas planificacion cumplidas,%Reglas respetadas ejecucion,Pasos planificados,Pasos ejecutados,Errores ejecucion,Num dormir planificado,Correctos dormir,Errores dormir,Num ubicacion planificado,Correctos ubicacion,Errores ubicacion,Paradas posibles,Paradas realizadas,Errores parada por tiempo excedido,Num errores por tiempo excedido
35,1,2,6,16:28:39.032,Tiempo final,Tiempo duracion,Completado,Reglas planificacion cumplidas,%Reglas respetadas ejecucion,Pasos planificados,Pasos ejecutados,Errores ejecucion,Num dormir planificado,Correctos dormir,Errores dormir,Num ubicacion planificado,Correctos ubicacion,Errores ubicacion,Paradas posibles,Paradas realizadas,Errores parada por tiempo excedido,Num errores por tiempo excedido
35,3,1,1,15:52:12.861,Tiempo final,Tiempo duracion,Completado,Reglas planificacion cumplidas,%Reglas respetadas ejecucion,Pasos planificados,Pasos ejecutados,Errores ejecucion,Num dormir planificado,Correctos dormir,Errores dormir,Num ubicacion planificado,Correctos ubicacion,Errores ubicacion,Paradas posibles,Paradas realizadas,Errores parada por tiempo excedido,Num errores por tiempo excedido
35,3,1,2,15:55:14.707,Tiempo final,Tiempo duracion,Completado,Reglas planificacion cumplidas,%Reglas respetadas ejecucion,Pasos planificados,Pasos ejecutados,Errores ejecucion,Num dormir planificado,Correctos dormir,Errores dormir,Num ubicacion planificado,Correctos ubicacion,Errores ubicacion,Paradas posibles,Paradas realizadas,Errores parada por tiempo excedido,Num errores por tiempo excedido
35,3,1,3,15:58:05.215,Tiempo final,Tiempo duracion,Completado,Reglas planificacion cumplidas,%Reglas respetadas ejecucion,Pasos planificados,Pasos ejecutados,Errores ejecucion,Num dormir planificado,Correctos dormir,Errores dormir,Num ubicacion planificado,Correctos ubicacion,Errores ubicacion,Paradas posibles,Paradas realizadas,Errores parada por tiempo excedido,Num errores por tiempo excedido
35,3,1,4,16:01:48.921,Tiempo final,Tiempo duracion,Completado,Reglas planificacion cumplidas,%Reglas respetadas ejecucion,Pasos planificados,Pasos ejecutados,Errores ejecucion,Num dormir planificado,Correctos dormir,Errores dormir,Num ubicacion planificado,Correctos ubicacion,Errores ubicacion,Paradas posibles,Paradas realizadas,Errores parada por tiempo excedido,Num errores por tiempo excedido
35,3,1,5,16:05:13.003,Tiempo final,Tiempo duracion,Completado,Reglas planificacion cumplidas,%Reglas respetadas ejecucion,Pasos planificados,Pasos ejecutados,Errores ejecucion,Num dormir planificado,Correctos dormir,Errores dormir,Num ubicacion planificado,Correctos ubicacion,Errores ubicacion,Paradas posibles,Paradas realizadas,Errores parada por tiempo excedido,Num errores por tiempo excedido
35,3,2,1,16:08:27.307,Tiempo final,Tiempo duracion,Completado,Reglas planificacion cumplidas,%Reglas respetadas ejecucion,Pasos planificados,Pasos ejecutados,Errores ejecucion,Num dormir planificado,Correctos dormir,Errores dormir,Num ubicacion planificado,Correctos ubicacion,Errores ubicacion,Paradas posibles,Paradas realizadas,Errores parada por tiempo excedido,Num errores por tiempo excedido
35,3,2,2,16:12:21.577,Tiempo final,Tiempo duracion,Completado,Reglas planificacion cumplidas,%Reglas respetadas ejecucion,Pasos planificados,Pasos ejecutados,Errores ejecucion,Num dormir planificado,Correctos dormir,Errores dormir,Num ubicacion planificado,Correctos ubicacion,Errores ubicacion,Paradas posibles,Paradas realizadas,Errores parada por tiempo excedido,Num errores por tiempo excedido
35,3,2,3,16:16:33.251,Tiempo final,Tiempo duracion,Completado,Reglas planificacion cumplidas,%Reglas respetadas ejecucion,Pasos planificados,Pasos ejecutados,Errores ejecucion,Num dormir planificado,Correctos dormir,Errores dormir,Num ubicacion planificado,Correctos ubicacion,Errores ubicacion,Paradas posibles,Paradas realizadas,Errores parada por tiempo excedido,Num errores por tiempo excedido
35,3,2,4,16:20:16.656,Tiempo final,Tiempo duracion,Completado,Reglas planificacion cumplidas,%Reglas respetadas ejecucion,Pasos planificados,Pasos ejecutados,Errores ejecucion,Num dormir planificado,Correctos dormir,Errores dormir,Num ubicacion planificado,Correctos ubicacion,Errores ubicacion,Paradas posibles,Paradas realizadas,Errores parada por tiempo excedido,Num errores por tiempo excedido
35,3,3,1,16:24:01.573,Tiempo final,Tiempo duracion,Completado,Reglas planificacion cumplidas,%Reglas respetadas ejecucion,Pasos planificados,Pasos ejecutados,Errores ejecucion,Num dormir planificado,Correctos dormir,Errores dormir,Num ubicacion planificado,Correctos ubicacion,Errores ubicacion,Paradas posibles,Paradas realizadas,Errores parada por tiempo excedido,Num errores por tiempo excedido
35,3,3,2,16:26:38.973,Tiempo final,Tiempo duracion,Completado,Reglas planificacion cumplidas,%Reglas respetadas ejecucion,Pasos planificados,Pasos ejecutados,Errores ejecucion,Num dormir planificado,Correctos dormir,Errores dormir,Num ubicacion planificado,Correctos ubicacion,Errores ubicacion,Paradas posibles,Paradas realizadas,Errores parada por tiempo excedido,Num errores por tiempo excedido
35,3,3,3,16:29:41.688,Tiempo final,Tiempo duracion,Completado,Reglas planificacion cumplidas,%Reglas respetadas ejecucion,Pasos planificados,Pasos ejecutados,Errores ejecucion,Num dormir planificado,Correctos dormir,Errores dormir,Num ubicacion planificado,Correctos ubicacion,Errores ubicacion,Paradas posibles,Paradas realizadas,Errores parada por tiempo excedido,Num errores por tiempo excedido
35,3,1,1,16:32:40.948,Tiempo final,Tiempo duracion,Completado,Reglas planificacion cumplidas,%Reglas respetadas ejecucion,Pasos planificados,Pasos ejecutados,Errores ejecucion,Num dormir planificado,Correctos dormir,Errores dormir,Num ubicacion planificado,Correctos ubicacion,Errores ubicacion,Paradas posibles,Paradas realizadas,Errores parada por tiempo excedido,Num errores por tiempo excedido
35,3,2,1,16:37:27.987,Tiempo final,Tiempo duracion,Completado,Reglas planificacion cumplidas,%Reglas respetadas ejecucion,Pasos planificados,Pasos ejecutados,Errores ejecucion,Num dormir planificado,Correctos dormir,Errores dormir,Num ubicacion planificado,Correctos ubicacion,Errores ubicacion,Paradas posibles,Paradas realizadas,Errores parada por tiempo excedido,Num errores por tiempo excedido
35,3,1,1,16:41:42.621,Tiempo final,Tiempo duracion,Completado,Reglas planificacion cumplidas,%Reglas respetadas ejecucion,Pasos planificados,Pasos ejecutados,Errores ejecucion,Num dormir planificado,Correctos dormir,Errores dormir,Num ubicacion planificado,Correctos ubicacion,Errores ubicacion,Paradas posibles,Paradas realizadas,Errores parada por tiempo excedido,Num errores por tiempo excedido
37,1,1,1,15:55:15.139,Tiempo final,Tiempo duracion,Completado,Reglas planificacion cumplidas,%Reglas respetadas ejecucion,Pasos planificados,Pasos ejecutados,Errores ejecucion,Num dormir planificado,Correctos dormir,Errores dormir,Num ubicacion planificado,Correctos ubicacion,Errores ubicacion,Paradas posibles,Paradas realizadas,Errores parada por tiempo excedido,Num errores por tiempo excedido
37,1,1,2,15:58:37.751,Tiempo final,Tiempo duracion,Completado,Reglas planificacion cumplidas,%Reglas respetadas ejecucion,Pasos planificados,Pasos ejecutados,Errores ejecucion,Num dormir planificado,Correctos dormir,Errores dormir,Num ubicacion planificado,Correctos ubicacion,Errores ubicacion,Paradas posibles,Paradas realizadas,Errores parada por tiempo excedido,Num errores por tiempo excedido
37,1,1,3,16:01:36.050,Tiempo final,Tiempo duracion,Completado,Reglas planificacion cumplidas,%Reglas respetadas ejecucion,Pasos planificados,Pasos ejecutados,Errores ejecucion,Num dormir planificado,Correctos dormir,Errores dormir,Num ubicacion planificado,Correctos ubicacion,Errores ubicacion,Paradas posibles,Paradas realizadas,Errores parada por tiempo excedido,Num errores por tiempo excedido
37,1,1,4,16:04:27.053,Tiempo final,Tiempo duracion,Completado,Reglas planificacion cumplidas,%Reglas respetadas ejecucion,Pasos planificados,Pasos ejecutados,Errores ejecucion,Num dormir planificado,Correctos dormir,Errores dormir,Num ubicacion planificado,Correctos ubicacion,Errores ubicacion,Paradas posibles,Paradas realizadas,Errores parada por tiempo excedido,Num errores por tiempo excedido
37,1,2,1,16:08:37.180,Tiempo final,Tiempo duracion,Completado,Reglas planificacion cumplidas,%Reglas respetadas ejecucion,Pasos planificados,Pasos ejecutados,Errores ejecucion,Num dormir planificado,Correctos dormir,Errores dormir,Num ubicacion planificado,Correctos ubicacion,Errores ubicacion,Paradas posibles,Paradas realizadas,Errores parada por tiempo excedido,Num errores por tiempo excedido
37,1,3,1,16:12:52.336,Tiempo final,Tiempo duracion,Completado,Reglas planificacion cumplidas,%Reglas respetadas ejecucion,Pasos planificados,Pasos ejecutados,Errores ejecucion,Num dormir planificado,Correctos dormir,Errores dormir,Num ubicacion planificado,Correctos ubicacion,Errores ubicacion,Paradas posibles,Paradas realizadas,Errores parada por tiempo excedido,Num errores por tiempo excedido
37,1,2,1,16:15:30.335,Tiempo final,Tiempo duracion,Completado,Reglas planificacion cumplidas,%Reglas respetadas ejecucion,Pasos planificados,Pasos ejecutados,Errores ejecucion,Num dormir planificado,Correctos dormir,Errores dormir,Num ubicacion planificado,Correctos ubicacion,Errores ubicacion,Paradas posibles,Paradas realizadas,Errores parada por tiempo excedido,Num errores por tiempo excedido
37,1,2,2,16:19:09.447,Tiempo final,Tiempo duracion,Completado,Reglas planificacion cumplidas,%Reglas respetadas ejecucion,Pasos planificados,Pasos ejecutados,Errores ejecucion,Num dormir planificado,Correctos dormir,Errores dormir,Num ubicacion planificado,Correctos ubicacion,Errores ubicacion,Paradas posibles,Paradas realizadas,Errores parada por tiempo excedido,Num errores por tiempo excedido
37,1,3,1,16:22:20.979,Tiempo final,Tiempo duracion,Completado,Reglas planificacion cumplidas,%Reglas respetadas ejecucion,Pasos planificados,Pasos ejecutados,Errores ejecucion,Num dormir planificado,Correctos dormir,Errores dormir,Num ubicacion planificado,Correctos ubicacion,Errores ubicacion,Paradas posibles,Paradas realizadas,Errores parada por tiempo excedido,Num errores por tiempo excedido
37,1,2,1,16:25:36.572,Tiempo final,Tiempo duracion,Completado,Reglas planificacion cumplidas,%Reglas respetadas ejecucion,Pasos planificados,Pasos ejecutados,Errores ejecucion,Num dormir planificado,Correctos dormir,Errores dormir,Num ubicacion planificado,Correctos ubicacion,Errores ubicacion,Paradas posibles,Paradas realizadas,Errores parada por tiempo excedido,Num errores por tiempo excedido
37,3,1,1,15:54:22.013,Tiempo final,Tiempo duracion,Completado,Reglas planificacion cumplidas,%Reglas respetadas ejecucion,Pasos planificados,Pasos ejecutados,Errores ejecucion,Num dormir planificado,Correctos dormir,Errores dormir,Num ubicacion planificado,Correctos ubicacion,Errores ubicacion,Paradas posibles,Paradas realizadas,Errores parada por tiempo excedido,Num errores por tiempo excedido
37,3,1,2,15:57:37.255,Tiempo final,Tiempo duracion,Completado,Reglas planificacion cumplidas,%Reglas respetadas ejecucion,Pasos planificados,Pasos ejecutados,Errores ejecucion,Num dormir planificado,Correctos dormir,Errores dormir,Num ubicacion planificado,Correctos ubicacion,Errores ubicacion,Paradas posibles,Paradas realizadas,Errores parada por tiempo excedido,Num errores por tiempo excedido
37,3,2,1,16:01:18.875,Tiempo final,Tiempo duracion,Completado,Reglas planificacion cumplidas,%Reglas respetadas ejecucion,Pasos planificados,Pasos ejecutados,Errores ejecucion,Num dormir planificado,Correctos dormir,Errores dormir,Num ubicacion planificado,Correctos ubicacion,Errores ubicacion,Paradas posibles,Paradas realizadas,Errores parada por tiempo excedido,Num errores por tiempo excedido
37,3,1,1,16:05:59.983,Tiempo final,Tiempo duracion,Completado,Reglas planificacion cumplidas,%Reglas respetadas ejecucion,Pasos planificados,Pasos ejecutados,Errores ejecucion,Num dormir planificado,Correctos dormir,Errores dormir,Num ubicacion planificado,Correctos ubicacion,Errores ubicacion,Paradas posibles,Paradas realizadas,Errores parada por tiempo excedido,Num errores por tiempo excedido
37,3,3,1,16:09:42.515,Tiempo final,Tiempo duracion,Completado,Reglas planificacion cumplidas,%Reglas respetadas ejecucion,Pasos planificados,Pasos ejecutados,Errores ejecucion,Num dormir planificado,Correctos dormir,Errores dormir,Num ubicacion planificado,Correctos ubicacion,Errores ubicacion,Paradas posibles,Paradas realizadas,Errores parada por tiempo excedido,Num errores por tiempo excedido
37,3,1,1,16:13:10.433,Tiempo final,Tiempo duracion,Completado,Reglas planificacion cumplidas,%Reglas respetadas ejecucion,Pasos planificados,Pasos ejecutados,Errores ejecucion,Num dormir planificado,Correctos dormir,Errores dormir,Num ubicacion planificado,Correctos ubicacion,Errores ubicacion,Paradas posibles,Paradas realizadas,Errores parada por tiempo excedido,Num errores por tiempo excedido
37,3,1,2,16:17:01.350,Tiempo final,Tiempo duracion,Completado,Reglas planificacion cumplidas,%Reglas respetadas ejecucion,Pasos planificados,Pasos ejecutados,Errores ejecucion,Num dormir planificado,Correctos dormir,Errores dormir,Num ubicacion planificado,Correctos ubicacion,Errores ubicacion,Paradas posibles,Paradas realizadas,Errores parada por tiempo excedido,Num errores por tiempo excedido
3,1,1,1,15:03:42.632,Tiempo final,Tiempo duracion,Completado,Reglas planificacion cumplidas,%Reglas respetadas ejecucion,Pasos planificados,Pasos ejecutados,Errores ejecucion,Num dormir planificado,Correctos dormir,Errores dormir,Num ubicacion planificado,Correctos ubicacion,Errores ubicacion,Paradas posibles,Paradas realizadas,Errores parada por tiempo excedido,Num errores por tiempo excedido
3,1,1,1,15:04:22.854,Tiempo final,Tiempo duracion,Completado,Reglas planificacion cumplidas,%Reglas respetadas ejecucion,Pasos planificados,Pasos ejecutados,Errores ejecucion,Num dormir planificado,Correctos dormir,Errores dormir,Num ubicacion planificado,Correctos ubicacion,Errores ubicacion,Paradas posibles,Paradas realizadas,Errores parada por tiempo excedido,Num errores por tiempo excedido
3,1,1,2,15:06:45.527,Tiempo final,Tiempo duracion,Completado,Reglas planificacion cumplidas,%Reglas respetadas ejecucion,Pasos planificados,Pasos ejecutados,Errores ejecucion,Num dormir planificado,Correctos dormir,Errores dormir,Num ubicacion planificado,Correctos ubicacion,Errores ubicacion,Paradas posibles,Paradas realizadas,Errores parada por tiempo excedido,Num errores por tiempo excedido
3,1,1,3,15:10:42.426,Tiempo final,Tiempo duracion,Completado,Reglas planificacion cumplidas,%Reglas respetadas ejecucion,Pasos planificados,Pasos ejecutados,Errores ejecucion,Num dormir planificado,Correctos dormir,Errores dormir,Num ubicacion planificado,Correctos ubicacion,Errores ubicacion,Paradas posibles,Paradas realizadas,Errores parada por tiempo excedido,Num errores por tiempo excedido
41,1,1,1,16:46:40.382,Tiempo final,Tiempo duracion,Completado,Reglas planificacion cumplidas,%Reglas respetadas ejecucion,Pasos planificados,Pasos ejecutados,Errores ejecucion,Num dormir planificado,Correctos dormir,Errores dormir,Num ubicacion planificado,Correctos ubicacion,Errores ubicacion,Paradas posibles,Paradas realizadas,Errores parada por tiempo excedido,Num errores por tiempo excedido
41,1,1,2,16:49:33.281,Tiempo final,Tiempo duracion,Completado,Reglas planificacion cumplidas,%Reglas respetadas ejecucion,Pasos planificados,Pasos ejecutados,Errores ejecucion,Num dormir planificado,Correctos dormir,Errores dormir,Num ubicacion planificado,Correctos ubicacion,Errores ubicacion,Paradas posibles,Paradas realizadas,Errores parada por tiempo excedido,Num errores por tiempo excedido
41,1,2,1,16:52:42.370,Tiempo final,Tiempo duracion,Completado,Reglas planificacion cumplidas,%Reglas respetadas ejecucion,Pasos planificados,Pasos ejecutados,Errores ejecucion,Num dormir planificado,Correctos dormir,Errores dormir,Num ubicacion planificado,Correctos ubicacion,Errores ubicacion,Paradas posibles,Paradas realizadas,Errores parada por tiempo excedido,Num errores por tiempo excedido
41,1,3,1,16:57:35.476,Tiempo final,Tiempo duracion,Completado,Reglas planificacion cumplidas,%Reglas respetadas ejecucion,Pasos planificados,Pasos ejecutados,Errores ejecucion,Num dormir planificado,Correctos dormir,Errores dormir,Num ubicacion planificado,Correctos ubicacion,Errores ubicacion,Paradas posibles,Paradas realizadas,Errores parada por tiempo excedido,Num errores por tiempo excedido
41,1,3,2,16:59:36.141,Tiempo final,Tiempo duracion,Completado,Reglas planificacion cumplidas,%Reglas respetadas ejecucion,Pasos planificados,Pasos ejecutados,Errores ejecucion,Num dormir planificado,Correctos dormir,Errores dormir,Num ubicacion planificado,Correctos ubicacion,Errores ubicacion,Paradas posibles,Paradas realizadas,Errores parada por tiempo excedido,Num errores por tiempo excedido
41,1,3,3,17:02:11.366,Tiempo final,Tiempo duracion,Completado,Reglas planificacion cumplidas,%Reglas respetadas ejecucion,Pasos planificados,Pasos ejecutados,Errores ejecucion,Num dormir planificado,Correctos dormir,Errores dormir,Num ubicacion planificado,Correctos ubicacion,Errores ubicacion,Paradas posibles,Paradas realizadas,Errores parada por tiempo excedido,Num errores por tiempo excedido
41,1,3,4,17:04:11.430,Tiempo final,Tiempo duracion,Completado,Reglas planificacion cumplidas,%Reglas respetadas ejecucion,Pasos planificados,Pasos ejecutados,Errores ejecucion,Num dormir planificado,Correctos dormir,Errores dormir,Num ubicacion planificado,Correctos ubicacion,Errores ubicacion,Paradas posibles,Paradas realizadas,Errores parada por tiempo excedido,Num errores por tiempo excedido
41,1,2,1,17:06:26.436,Tiempo final,Tiempo duracion,Completado,Reglas planificacion cumplidas,%Reglas respetadas ejecucion,Pasos planificados,Pasos ejecutados,Errores ejecucion,Num dormir planificado,Correctos dormir,Errores dormir,Num ubicacion planificado,Correctos ubicacion,Errores ubicacion,Paradas posibles,Paradas realizadas,Errores parada por tiempo excedido,Num errores por tiempo excedido
42,1,1,1,15:04:10.152,Tiempo final,Tiempo duracion,Completado,Reglas planificacion cumplidas,%Reglas respetadas ejecucion,Pasos planificados,Pasos ejecutados,Errores ejecucion,Num dormir planificado,Correctos dormir,Errores dormir,Num ubicacion planificado,Correctos ubicacion,Errores ubicacion,Paradas posibles,Paradas realizadas,Errores parada por tiempo excedido,Num errores por tiempo excedido
42,1,1,2,15:06:50.881,Tiempo final,Tiempo duracion,Completado,Reglas planificacion cumplidas,%Reglas respetadas ejecucion,Pasos planificados,Pasos ejecutados,Errores ejecucion,Num dormir planificado,Correctos dormir,Errores dormir,Num ubicacion planificado,Correctos ubicacion,Errores ubicacion,Paradas posibles,Paradas realizadas,Errores parada por tiempo excedido,Num errores por tiempo excedido
42,1,2,1,15:09:36.193,Tiempo final,Tiempo duracion,Completado,Reglas planificacion cumplidas,%Reglas respetadas ejecucion,Pasos planificados,Pasos ejecutados,Errores ejecucion,Num dormir planificado,Correctos dormir,Errores dormir,Num ubicacion planificado,Correctos ubicacion,Errores ubicacion,Paradas posibles,Paradas realizadas,Errores parada por tiempo excedido,Num errores por tiempo excedido
42,1,2,2,15:13:27.673,Tiempo final,Tiempo duracion,Completado,Reglas planificacion cumplidas,%Reglas respetadas ejecucion,Pasos planificados,Pasos ejecutados,Errores ejecucion,Num dormir planificado,Correctos dormir,Errores dormir,Num ubicacion planificado,Correctos ubicacion,Errores ubicacion,Paradas posibles,Paradas realizadas,Errores parada por tiempo excedido,Num errores por tiempo excedido
42,1,2,3,15:16:59.151,Tiempo final,Tiempo duracion,Completado,Reglas planificacion cumplidas,%Reglas respetadas ejecucion,Pasos planificados,Pasos ejecutados,Errores ejecucion,Num dormir planificado,Correctos dormir,Errores dormir,Num ubicacion planificado,Correctos ubicacion,Errores ubicacion,Paradas posibles,Paradas realizadas,Errores parada por tiempo excedido,Num errores por tiempo excedido
42,1,1,1,15:22:58.870,Tiempo final,Tiempo duracion,Completado,Reglas planificacion cumplidas,%Reglas respetadas ejecucion,Pasos planificados,Pasos ejecutados,Errores ejecucion,Num dormir planificado,Correctos dormir,Errores dormir,Num ubicacion planificado,Correctos ubicacion,Errores ubicacion,Paradas posibles,Paradas realizadas,Errores parada por tiempo excedido,Num errores por tiempo excedido
43,1,1,1,15:49:17.343,Tiempo final,Tiempo duracion,Completado,Reglas planificacion cumplidas,%Reglas respetadas ejecucion,Pasos planificados,Pasos ejecutados,Errores ejecucion,Num dormir planificado,Correctos dormir,Errores dormir,Num ubicacion planificado,Correctos ubicacion,Errores ubicacion,Paradas posibles,Paradas realizadas,Errores parada por tiempo excedido,Num errores por tiempo excedido
43,1,1,2,15:52:52.421,Tiempo final,Tiempo duracion,Completado,Reglas planificacion cumplidas,%Reglas respetadas ejecucion,Pasos planificados,Pasos ejecutados,Errores ejecucion,Num dormir planificado,Correctos dormir,Errores dormir,Num ubicacion planificado,Correctos ubicacion,Errores ubicacion,Paradas posibles,Paradas realizadas,Errores parada por tiempo excedido,Num errores por tiempo excedido
43,1,1,3,15:55:30.108,Tiempo final,Tiempo duracion,Completado,Reglas planificacion cumplidas,%Reglas respetadas ejecucion,Pasos planificados,Pasos ejecutados,Errores ejecucion,Num dormir planificado,Correctos dormir,Errores dormir,Num ubicacion planificado,Correctos ubicacion,Errores ubicacion,Paradas posibles,Paradas realizadas,Errores parada por tiempo excedido,Num errores por tiempo excedido
43,1,1,4,15:57:52.567,Tiempo final,Tiempo duracion,Completado,Reglas planificacion cumplidas,%Reglas respetadas ejecucion,Pasos planificados,Pasos ejecutados,Errores ejecucion,Num dormir planificado,Correctos dormir,Errores dormir,Num ubicacion planificado,Correctos ubicacion,Errores ubicacion,Paradas posibles,Paradas realizadas,Errores parada por tiempo excedido,Num errores por tiempo excedido
43,1,1,5,15:59:13.034,Tiempo final,Tiempo duracion,Completado,Reglas planificacion cumplidas,%Reglas respetadas ejecucion,Pasos planificados,Pasos ejecutados,Errores ejecucion,Num dormir planificado,Correctos dormir,Errores dormir,Num ubicacion planificado,Correctos ubicacion,Errores ubicacion,Paradas posibles,Paradas realizadas,Errores parada por tiempo excedido,Num errores por tiempo excedido
43,1,1,6,16:00:18.734,Tiempo final,Tiempo duracion,Completado,Reglas planificacion cumplidas,%Reglas respetadas ejecucion,Pasos planificados,Pasos ejecutados,Errores ejecucion,Num dormir planificado,Correctos dormir,Errores dormir,Num ubicacion planificado,Correctos ubicacion,Errores ubicacion,Paradas posibles,Paradas realizadas,Errores parada por tiempo excedido,Num errores por tiempo excedido
43,1,1,7,16:03:02.271,Tiempo final,Tiempo duracion,Completado,Reglas planificacion cumplidas,%Reglas respetadas ejecucion,Pasos planificados,Pasos ejecutados,Errores ejecucion,Num dormir planificado,Correctos dormir,Errores dormir,Num ubicacion planificado,Correctos ubicacion,Errores ubicacion,Paradas posibles,Paradas realizadas,Errores parada por tiempo excedido,Num errores por tiempo excedido
43,1,1,8,16:05:25.434,Tiempo final,Tiempo duracion,Completado,Reglas planificacion cumplidas,%Reglas respetadas ejecucion,Pasos planificados,Pasos ejecutados,Errores ejecucion,Num dormir planificado,Correctos dormir,Errores dormir,Num ubicacion planificado,Correctos ubicacion,Errores ubicacion,Paradas posibles,Paradas realizadas,Errores parada por tiempo excedido,Num errores por tiempo excedido
43,1,1,9,16:07:37.300,Tiempo final,Tiempo duracion,Completado,Reglas planificacion cumplidas,%Reglas respetadas ejecucion,Pasos planificados,Pasos ejecutados,Errores ejecucion,Num dormir planificado,Correctos dormir,Errores dormir,Num ubicacion planificado,Correctos ubicacion,Errores ubicacion,Paradas posibles,Paradas realizadas,Errores parada por tiempo excedido,Num errores por tiempo excedido
43,1,1,10,16:10:22.503,Tiempo final,Tiempo duracion,Completado,Reglas planificacion cumplidas,%Reglas respetadas ejecucion,Pasos planificados,Pasos ejecutados,Errores ejecucion,Num dormir planificado,Correctos dormir,Errores dormir,Num ubicacion planificado,Correctos ubicacion,Errores ubicacion,Paradas posibles,Paradas realizadas,Errores parada por tiempo excedido,Num errores por tiempo excedido
43,5,1,1,15:27:15.739,Tiempo final,Tiempo duracion,Completado,Reglas planificacion cumplidas,%Reglas respetadas ejecucion,Pasos planificados,Pasos ejecutados,Errores ejecucion,Num dormir planificado,Correctos dormir,Errores dormir,Num ubicacion planificado,Correctos ubicacion,Errores ubicacion,Paradas posibles,Paradas realizadas,Errores parada por tiempo excedido,Num errores por tiempo excedido
43,5,1,2,15:31:27.968,Tiempo final,Tiempo duracion,Completado,Reglas planificacion cumplidas,%Reglas respetadas ejecucion,Pasos planificados,Pasos ejecutados,Errores ejecucion,Num dormir planificado,Correctos dormir,Errores dormir,Num ubicacion planificado,Correctos ubicacion,Errores ubicacion,Paradas posibles,Paradas realizadas,Errores parada por tiempo excedido,Num errores por tiempo excedido
43,5,1,3,15:33:30.773,Tiempo final,Tiempo duracion,Completado,Reglas planificacion cumplidas,%Reglas respetadas ejecucion,Pasos planificados,Pasos ejecutados,Errores ejecucion,Num dormir planificado,Correctos dormir,Errores dormir,Num ubicacion planificado,Correctos ubicacion,Errores ubicacion,Paradas posibles,Paradas realizadas,Errores parada por tiempo excedido,Num errores por tiempo excedido
43,5,1,4,15:36:22.031,Tiempo final,Tiempo duracion,Completado,Reglas planificacion cumplidas,%Reglas respetadas ejecucion,Pasos planificados,Pasos ejecutados,Errores ejecucion,Num dormir planificado,Correctos dormir,Errores dormir,Num ubicacion planificado,Correctos ubicacion,Errores ubicacion,Paradas posibles,Paradas realizadas,Errores parada por tiempo excedido,Num errores por tiempo excedido
43,5,2,1,15:39:14.252,Tiempo final,Tiempo duracion,Completado,Reglas planificacion cumplidas,%Reglas respetadas ejecucion,Pasos planificados,Pasos ejecutados,Errores ejecucion,Num dormir planificado,Correctos dormir,Errores dormir,Num ubicacion planificado,Correctos ubicacion,Errores ubicacion,Paradas posibles,Paradas realizadas,Errores parada por tiempo excedido,Num errores por tiempo excedido
43,5,3,1,15:43:24.946,Tiempo final,Tiempo duracion,Completado,Reglas planificacion cumplidas,%Reglas respetadas ejecucion,Pasos planificados,Pasos ejecutados,Errores ejecucion,Num dormir planificado,Correctos dormir,Errores dormir,Num ubicacion planificado,Correctos ubicacion,Errores ubicacion,Paradas posibles,Paradas realizadas,Errores parada por tiempo excedido,Num errores por tiempo excedido
43,5,3,2,15:46:12.219,Tiempo final,Tiempo duracion,Completado,Reglas planificacion cumplidas,%Reglas respetadas ejecucion,Pasos planificados,Pasos ejecutados,Errores ejecucion,Num dormir planificado,Correctos dormir,Errores dormir,Num ubicacion planificado,Correctos ubicacion,Errores ubicacion,Paradas posibles,Paradas realizadas,Errores parada por tiempo excedido,Num errores por tiempo excedido
44,1,1,1,15:41:43.128,Tiempo final,Tiempo duracion,Completado,Reglas planificacion cumplidas,%Reglas respetadas ejecucion,Pasos planificados,Pasos ejecutados,Errores ejecucion,Num dormir planificado,Correctos dormir,Errores dormir,Num ubicacion planificado,Correctos ubicacion,Errores ubicacion,Paradas posibles,Paradas realizadas,Errores parada por tiempo excedido,Num errores por tiempo excedido
44,1,2,1,15:45:16.287,Tiempo final,Tiempo duracion,Completado,Reglas planificacion cumplidas,%Reglas respetadas ejecucion,Pasos planificados,Pasos ejecutados,Errores ejecucion,Num dormir planificado,Correctos dormir,Errores dormir,Num ubicacion planificado,Correctos ubicacion,Errores ubicacion,Paradas posibles,Paradas realizadas,Errores parada por tiempo excedido,Num errores por tiempo excedido
44,1,2,2,15:49:43.091,Tiempo final,Tiempo duracion,Completado,Reglas planificacion cumplidas,%Reglas respetadas ejecucion,Pasos planificados,Pasos ejecutados,Errores ejecucion,Num dormir planificado,Correctos dormir,Errores dormir,Num ubicacion planificado,Correctos ubicacion,Errores ubicacion,Paradas posibles,Paradas realizadas,Errores parada por tiempo excedido,Num errores por tiempo excedido
44,1,2,3,15:53:43.646,Tiempo final,Tiempo duracion,Completado,Reglas planificacion cumplidas,%Reglas respetadas ejecucion,Pasos planificados,Pasos ejecutados,Errores ejecucion,Num dormir planificado,Correctos dormir,Errores dormir,Num ubicacion planificado,Correctos ubicacion,Errores ubicacion,Paradas posibles,Paradas realizadas,Errores parada por tiempo excedido,Num errores por tiempo excedido
45,1,1,1,15:03:20.338,Tiempo final,Tiempo duracion,Completado,Reglas planificacion cumplidas,%Reglas respetadas ejecucion,Pasos planificados,Pasos ejecutados,Errores ejecucion,Num dormir planificado,Correctos dormir,Errores dormir,Num ubicacion planificado,Correctos ubicacion,Errores ubicacion,Paradas posibles,Paradas realizadas,Errores parada por tiempo excedido,Num errores por tiempo excedido
45,1,1,2,15:06:54.139,Tiempo final,Tiempo duracion,Completado,Reglas planificacion cumplidas,%Reglas respetadas ejecucion,Pasos planificados,Pasos ejecutados,Errores ejecucion,Num dormir planificado,Correctos dormir,Errores dormir,Num ubicacion planificado,Correctos ubicacion,Errores ubicacion,Paradas posibles,Paradas realizadas,Errores parada por tiempo excedido,Num errores por tiempo excedido
45,1,1,3,15:09:08.334,Tiempo final,Tiempo duracion,Completado,Reglas planificacion cumplidas,%Reglas respetadas ejecucion,Pasos planificados,Pasos ejecutados,Errores ejecucion,Num dormir planificado,Correctos dormir,Errores dormir,Num ubicacion planificado,Correctos ubicacion,Errores ubicacion,Paradas posibles,Paradas realizadas,Errores parada por tiempo excedido,Num errores por tiempo excedido
45,1,1,4,15:11:06.377,Tiempo final,Tiempo duracion,Completado,Reglas planificacion cumplidas,%Reglas respetadas ejecucion,Pasos planificados,Pasos ejecutados,Errores ejecucion,Num dormir planificado,Correctos dormir,Errores dormir,Num ubicacion planificado,Correctos ubicacion,Errores ubicacion,Paradas posibles,Paradas realizadas,Errores parada por tiempo excedido,Num errores por tiempo excedido
45,1,2,1,15:14:48.851,Tiempo final,Tiempo duracion,Completado,Reglas planificacion cumplidas,%Reglas respetadas ejecucion,Pasos planificados,Pasos ejecutados,Errores ejecucion,Num dormir planificado,Correctos dormir,Errores dormir,Num ubicacion planificado,Correctos ubicacion,Errores ubicacion,Paradas posibles,Paradas realizadas,Errores parada por tiempo excedido,Num errores por tiempo excedido
45,3,1,1,14:53:45.380,Tiempo final,Tiempo duracion,Completado,Reglas planificacion cumplidas,%Reglas respetadas ejecucion,Pasos planificados,Pasos ejecutados,Errores ejecucion,Num dormir planificado,Correctos dormir,Errores dormir,Num ubicacion planificado,Correctos ubicacion,Errores ubicacion,Paradas posibles,Paradas realizadas,Errores parada por tiempo excedido,Num errores por tiempo excedido
45,3,1,2,14:59:45.802,Tiempo final,Tiempo duracion,Completado,Reglas planificacion cumplidas,%Reglas respetadas ejecucion,Pasos planificados,Pasos ejecutados,Errores ejecucion,Num dormir planificado,Correctos dormir,Errores dormir,Num ubicacion planificado,Correctos ubicacion,Errores ubicacion,Paradas posibles,Paradas realizadas,Errores parada por tiempo excedido,Num errores por tiempo excedido
45,3,2,1,15:04:52.141,Tiempo final,Tiempo duracion,Completado,Reglas planificacion cumplidas,%Reglas respetadas ejecucion,Pasos planificados,Pasos ejecutados,Errores ejecucion,Num dormir planificado,Correctos dormir,Errores dormir,Num ubicacion planificado,Correctos ubicacion,Errores ubicacion,Paradas posibles,Paradas realizadas,Errores parada por tiempo excedido,Num errores por tiempo excedido
45,3,2,2,15:10:53.348,Tiempo final,Tiempo duracion,Completado,Reglas planificacion cumplidas,%Reglas respetadas ejecucion,Pasos planificados,Pasos ejecutados,Errores ejecucion,Num dormir planificado,Correctos dormir,Errores dormir,Num ubicacion planificado,Correctos ubicacion,Errores ubicacion,Paradas posibles,Paradas realizadas,Errores parada por tiempo excedido,Num errores por tiempo excedido
45,3,2,3,15:19:03.070,Tiempo final,Tiempo duracion,Completado,Reglas planificacion cumplidas,%Reglas respetadas ejecucion,Pasos planificados,Pasos ejecutados,Errores ejecucion,Num dormir planificado,Correctos dormir,Errores dormir,Num ubicacion planificado,Correctos ubicacion,Errores ubicacion,Paradas posibles,Paradas realizadas,Errores parada por tiempo excedido,Num errores por tiempo excedido
45,3,2,4,15:27:04.895,Tiempo final,Tiempo duracion,Completado,Reglas planificacion cumplidas,%Reglas respetadas ejecucion,Pasos planificados,Pasos ejecutados,Errores ejecucion,Num dormir planificado,Correctos dormir,Errores dormir,Num ubicacion planificado,Correctos ubicacion,Errores ubicacion,Paradas posibles,Paradas realizadas,Errores parada por tiempo excedido,Num errores por tiempo excedido
45,3,3,1,15:32:58.880,Tiempo final,Tiempo duracion,Completado,Reglas planificacion cumplidas,%Reglas respetadas ejecucion,Pasos planificados,Pasos ejecutados,Errores ejecucion,Num dormir planificado,Correctos dormir,Errores dormir,Num ubicacion planificado,Correctos ubicacion,Errores ubicacion,Paradas posibles,Paradas realizadas,Errores parada por tiempo excedido,Num errores por tiempo excedido
45,3,3,2,15:40:06.795,Tiempo final,Tiempo duracion,Completado,Reglas planificacion cumplidas,%Reglas respetadas ejecucion,Pasos planificados,Pasos ejecutados,Errores ejecucion,Num dormir planificado,Correctos dormir,Errores dormir,Num ubicacion planificado,Correctos ubicacion,Errores ubicacion,Paradas posibles,Paradas realizadas,Errores parada por tiempo excedido,Num errores por tiempo excedido
46,1,1,1,15:22:11.115,Tiempo final,Tiempo duracion,Completado,Reglas planificacion cumplidas,%Reglas respetadas ejecucion,Pasos planificados,Pasos ejecutados,Errores ejecucion,Num dormir planificado,Correctos dormir,Errores dormir,Num ubicacion planificado,Correctos ubicacion,Errores ubicacion,Paradas posibles,Paradas realizadas,Errores parada por tiempo excedido,Num errores por tiempo excedido
46,1,1,2,15:23:51.156,Tiempo final,Tiempo duracion,Completado,Reglas planificacion cumplidas,%Reglas respetadas ejecucion,Pasos planificados,Pasos ejecutados,Errores ejecucion,Num dormir planificado,Correctos dormir,Errores dormir,Num ubicacion planificado,Correctos ubicacion,Errores ubicacion,Paradas posibles,Paradas realizadas,Errores parada por tiempo excedido,Num errores por tiempo excedido
46,1,1,3,15:26:26.771,Tiempo final,Tiempo duracion,Completado,Reglas planificacion cumplidas,%Reglas respetadas ejecucion,Pasos planificados,Pasos ejecutados,Errores ejecucion,Num dormir planificado,Correctos dormir,Errores dormir,Num ubicacion planificado,Correctos ubicacion,Errores ubicacion,Paradas posibles,Paradas realizadas,Errores parada por tiempo excedido,Num errores por tiempo excedido
46,1,3,1,15:29:07.278,Tiempo final,Tiempo duracion,Completado,Reglas planificacion cumplidas,%Reglas respetadas ejecucion,Pasos planificados,Pasos ejecutados,Errores ejecucion,Num dormir planificado,Correctos dormir,Errores dormir,Num ubicacion planificado,Correctos ubicacion,Errores ubicacion,Paradas posibles,Paradas realizadas,Errores parada por tiempo excedido,Num errores por tiempo excedido
46,1,1,1,15:30:50.876,Tiempo final,Tiempo duracion,Completado,Reglas planificacion cumplidas,%Reglas respetadas ejecucion,Pasos planificados,Pasos ejecutados,Errores ejecucion,Num dormir planificado,Correctos dormir,Errores dormir,Num ubicacion planificado,Correctos ubicacion,Errores ubicacion,Paradas posibles,Paradas realizadas,Errores parada por tiempo excedido,Num errores por tiempo excedido
47,1,1,1,15:48:24.729,Tiempo final,Tiempo duracion,Completado,Reglas planificacion cumplidas,%Reglas respetadas ejecucion,Pasos planificados,Pasos ejecutados,Errores ejecucion,Num dormir planificado,Correctos dormir,Errores dormir,Num ubicacion planificado,Correctos ubicacion,Errores ubicacion,Paradas posibles,Paradas realizadas,Errores parada por tiempo excedido,Num errores por tiempo excedido
47,1,1,2,15:51:36.519,Tiempo final,Tiempo duracion,Completado,Reglas planificacion cumplidas,%Reglas respetadas ejecucion,Pasos planificados,Pasos ejecutados,Errores ejecucion,Num dormir planificado,Correctos dormir,Errores dormir,Num ubicacion planificado,Correctos ubicacion,Errores ubicacion,Paradas posibles,Paradas realizadas,Errores parada por tiempo excedido,Num errores por tiempo excedido
47,1,1,3,15:52:22.356,Tiempo final,Tiempo duracion,Completado,Reglas planificacion cumplidas,%Reglas respetadas ejecucion,Pasos planificados,Pasos ejecutados,Errores ejecucion,Num dormir planificado,Correctos dormir,Errores dormir,Num ubicacion planificado,Correctos ubicacion,Errores ubicacion,Paradas posibles,Paradas realizadas,Errores parada por tiempo excedido,Num errores por tiempo excedido
47,3,1,1,14:57:49.153,Tiempo final,Tiempo duracion,Completado,Reglas planificacion cumplidas,%Reglas respetadas ejecucion,Pasos planificados,Pasos ejecutados,Errores ejecucion,Num dormir planificado,Correctos dormir,Errores dormir,Num ubicacion planificado,Correctos ubicacion,Errores ubicacion,Paradas posibles,Paradas realizadas,Errores parada por tiempo excedido,Num errores por tiempo excedido
47,3,1,2,15:00:02.335,Tiempo final,Tiempo duracion,Completado,Reglas planificacion cumplidas,%Reglas respetadas ejecucion,Pasos planificados,Pasos ejecutados,Errores ejecucion,Num dormir planificado,Correctos dormir,Errores dormir,Num ubicacion planificado,Correctos ubicacion,Errores ubicacion,Paradas posibles,Paradas realizadas,Errores parada por tiempo excedido,Num errores por tiempo excedido
47,3,1,3,15:01:59.825,Tiempo final,Tiempo duracion,Completado,Reglas planificacion cumplidas,%Reglas respetadas ejecucion,Pasos planificados,Pasos ejecutados,Errores ejecucion,Num dormir planificado,Correctos dormir,Errores dormir,Num ubicacion planificado,Correctos ubicacion,Errores ubicacion,Paradas posibles,Paradas realizadas,Errores parada por tiempo excedido,Num errores por tiempo excedido
47,3,1,4,15:04:15.192,Tiempo final,Tiempo duracion,Completado,Reglas planificacion cumplidas,%Reglas respetadas ejecucion,Pasos planificados,Pasos ejecutados,Errores ejecucion,Num dormir planificado,Correctos dormir,Errores dormir,Num ubicacion planificado,Correctos ubicacion,Errores ubicacion,Paradas posibles,Paradas realizadas,Errores parada por tiempo excedido,Num errores por tiempo excedido
47,3,1,5,15:04:25.788,Tiempo final,Tiempo duracion,Completado,Reglas planificacion cumplidas,%Reglas respetadas ejecucion,Pasos planificados,Pasos ejecutados,Errores ejecucion,Num dormir planificado,Correctos dormir,Errores dormir,Num ubicacion planificado,Correctos ubicacion,Errores ubicacion,Paradas posibles,Paradas realizadas,Errores parada por tiempo excedido,Num errores por tiempo excedido
47,3,2,1,15:05:24.859,Tiempo final,Tiempo duracion,Completado,Reglas planificacion cumplidas,%Reglas respetadas ejecucion,Pasos planificados,Pasos ejecutados,Errores ejecucion,Num dormir planificado,Correctos dormir,Errores dormir,Num ubicacion planificado,Correctos ubicacion,Errores ubicacion,Paradas posibles,Paradas realizadas,Errores parada por tiempo excedido,Num errores por tiempo excedido
47,3,2,2,15:09:15.709,Tiempo final,Tiempo duracion,Completado,Reglas planificacion cumplidas,%Reglas respetadas ejecucion,Pasos planificados,Pasos ejecutados,Errores ejecucion,Num dormir planificado,Correctos dormir,Errores dormir,Num ubicacion planificado,Correctos ubicacion,Errores ubicacion,Paradas posibles,Paradas realizadas,Errores parada por tiempo excedido,Num errores por tiempo excedido
47,3,2,3,15:12:58.580,Tiempo final,Tiempo duracion,Completado,Reglas planificacion cumplidas,%Reglas respetadas ejecucion,Pasos planificados,Pasos ejecutados,Errores ejecucion,Num dormir planificado,Correctos dormir,Errores dormir,Num ubicacion planificado,Correctos ubicacion,Errores ubicacion,Paradas posibles,Paradas realizadas,Errores parada por tiempo excedido,Num errores por tiempo excedido
47,3,2,4,15:13:21.027,Tiempo final,Tiempo duracion,Completado,Reglas planificacion cumplidas,%Reglas respetadas ejecucion,Pasos planificados,Pasos ejecutados,Errores ejecucion,Num dormir planificado,Correctos dormir,Errores dormir,Num ubicacion planificado,Correctos ubicacion,Errores ubicacion,Paradas posibles,Paradas realizadas,Errores parada por tiempo excedido,Num errores por tiempo excedido
47,3,2,5,15:14:44.760,Tiempo final,Tiempo duracion,Completado,Reglas planificacion cumplidas,%Reglas respetadas ejecucion,Pasos planificados,Pasos ejecutados,Errores ejecucion,Num dormir planificado,Correctos dormir,Errores dormir,Num ubicacion planificado,Correctos ubicacion,Errores ubicacion,Paradas posibles,Paradas realizadas,Errores parada por tiempo excedido,Num errores por tiempo excedido
47,3,2,6,15:17:35.844,Tiempo final,Tiempo duracion,Completado,Reglas planificacion cumplidas,%Reglas respetadas ejecucion,Pasos planificados,Pasos ejecutados,Errores ejecucion,Num dormir planificado,Correctos dormir,Errores dormir,Num ubicacion planificado,Correctos ubicacion,Errores ubicacion,Paradas posibles,Paradas realizadas,Errores parada por tiempo excedido,Num errores por tiempo excedido
47,3,2,7,15:21:07.953,Tiempo final,Tiempo duracion,Completado,Reglas planificacion cumplidas,%Reglas respetadas ejecucion,Pasos planificados,Pasos ejecutados,Errores ejecucion,Num dormir planificado,Correctos dormir,Errores dormir,Num ubicacion planificado,Correctos ubicacion,Errores ubicacion,Paradas posibles,Paradas realizadas,Errores parada por tiempo excedido,Num errores por tiempo excedido
47,3,2,8,15:23:56.436,Tiempo final,Tiempo duracion,Completado,Reglas planificacion cumplidas,%Reglas respetadas ejecucion,Pasos planificados,Pasos ejecutados,Errores ejecucion,Num dormir planificado,Correctos dormir,Errores dormir,Num ubicacion planificado,Correctos ubicacion,Errores ubicacion,Paradas posibles,Paradas realizadas,Errores parada por tiempo excedido,Num errores por tiempo excedido
47,3,2,9,15:25:04.432,Tiempo final,Tiempo duracion,Completado,Reglas planificacion cumplidas,%Reglas respetadas ejecucion,Pasos planificados,Pasos ejecutados,Errores ejecucion,Num dormir planificado,Correctos dormir,Errores dormir,Num ubicacion planificado,Correctos ubicacion,Errores ubicacion,Paradas posibles,Paradas realizadas,Errores parada por tiempo excedido,Num errores por tiempo excedido
47,3,2,10,15:26:33.459,Tiempo final,Tiempo duracion,Completado,Reglas planificacion cumplidas,%Reglas respetadas ejecucion,Pasos planificados,Pasos ejecutados,Errores ejecucion,Num dormir planificado,Correctos dormir,Errores dormir,Num ubicacion planificado,Correctos ubicacion,Errores ubicacion,Paradas posibles,Paradas realizadas,Errores parada por tiempo excedido,Num errores por tiempo excedido
47,3,2,11,15:29:52.796,Tiempo final,Tiempo duracion,Completado,Reglas planificacion cumplidas,%Reglas respetadas ejecucion,Pasos planificados,Pasos ejecutados,Errores ejecucion,Num dormir planificado,Correctos dormir,Errores dormir,Num ubicacion planificado,Correctos ubicacion,Errores ubicacion,Paradas posibles,Paradas realizadas,Errores parada por tiempo excedido,Num errores por tiempo excedido
47,3,2,12,15:31:38.702,Tiempo final,Tiempo duracion,Completado,Reglas planificacion cumplidas,%Reglas respetadas ejecucion,Pasos planificados,Pasos ejecutados,Errores ejecucion,Num dormir planificado,Correctos dormir,Errores dormir,Num ubicacion planificado,Correctos ubicacion,Errores ubicacion,Paradas posibles,Paradas realizadas,Errores parada por tiempo excedido,Num errores por tiempo excedido
47,3,2,13,15:32:08.044,Tiempo final,Tiempo duracion,Completado,Reglas planificacion cumplidas,%Reglas respetadas ejecucion,Pasos planificados,Pasos ejecutados,Errores ejecucion,Num dormir planificado,Correctos dormir,Errores dormir,Num ubicacion planificado,Correctos ubicacion,Errores ubicacion,Paradas posibles,Paradas realizadas,Errores parada por tiempo excedido,Num errores por tiempo excedido
47,3,2,14,15:33:04.059,Tiempo final,Tiempo duracion,Completado,Reglas planificacion cumplidas,%Reglas respetadas ejecucion,Pasos planificados,Pasos ejecutados,Errores ejecucion,Num dormir planificado,Correctos dormir,Errores dormir,Num ubicacion planificado,Correctos ubicacion,Errores ubicacion,Paradas posibles,Paradas realizadas,Errores parada por tiempo excedido,Num errores por tiempo excedido
47,3,2,15,15:35:38.738,Tiempo final,Tiempo duracion,Completado,Reglas planificacion cumplidas,%Reglas respetadas ejecucion,Pasos planificados,Pasos ejecutados,Errores ejecucion,Num dormir planificado,Correctos dormir,Errores dormir,Num ubicacion planificado,Correctos ubicacion,Errores ubicacion,Paradas posibles,Paradas realizadas,Errores parada por tiempo excedido,Num errores por tiempo excedido
47,3,3,1,15:36:54.356,Tiempo final,Tiempo duracion,Completado,Reglas planificacion cumplidas,%Reglas respetadas ejecucion,Pasos planificados,Pasos ejecutados,Errores ejecucion,Num dormir planificado,Correctos dormir,Errores dormir,Num ubicacion planificado,Correctos ubicacion,Errores ubicacion,Paradas posibles,Paradas realizadas,Errores parada por tiempo excedido,Num errores por tiempo excedido
47,3,3,2,15:37:41.473,Tiempo final,Tiempo duracion,Completado,Reglas planificacion cumplidas,%Reglas respetadas ejecucion,Pasos planificados,Pasos ejecutados,Errores ejecucion,Num dormir planificado,Correctos dormir,Errores dormir,Num ubicacion planificado,Correctos ubicacion,Errores ubicacion,Paradas posibles,Paradas realizadas,Errores parada por tiempo excedido,Num errores por tiempo excedido
47,3,3,3,15:38:03.719,Tiempo final,Tiempo duracion,Completado,Reglas planificacion cumplidas,%Reglas respetadas ejecucion,Pasos planificados,Pasos ejecutados,Errores ejecucion,Num dormir planificado,Correctos dormir,Errores dormir,Num ubicacion planificado,Correctos ubicacion,Errores ubicacion,Paradas posibles,Paradas realizadas,Errores parada por tiempo excedido,Num errores por tiempo excedido
47,3,3,4,15:38:19.556,Tiempo final,Tiempo duracion,Completado,Reglas planificacion cumplidas,%Reglas respetadas ejecucion,Pasos planificados,Pasos ejecutados,Errores ejecucion,Num dormir planificado,Correctos dormir,Errores dormir,Num ubicacion planificado,Correctos ubicacion,Errores ubicacion,Paradas posibles,Paradas realizadas,Errores parada por tiempo excedido,Num errores por tiempo excedido
47,3,3,5,15:40:48.694,Tiempo final,Tiempo duracion,Completado,Reglas planificacion cumplidas,%Reglas respetadas ejecucion,Pasos planificados,Pasos ejecutados,Errores ejecucion,Num dormir planificado,Correctos dormir,Errores dormir,Num ubicacion planificado,Correctos ubicacion,Errores ubicacion,Paradas posibles,Paradas realizadas,Errores parada por tiempo excedido,Num errores por tiempo excedido
47,3,3,6,16:00:54.511,Tiempo final,Tiempo duracion,Completado,Reglas planificacion cumplidas,%Reglas respetadas ejecucion,Pasos planificados,Pasos ejecutados,Errores ejecucion,Num dormir planificado,Correctos dormir,Errores dormir,Num ubicacion planificado,Correctos ubicacion,Errores ubicacion,Paradas posibles,Paradas realizadas,Errores parada por tiempo excedido,Num errores por tiempo excedido
48,1,1,1,16:28:05.381,Tiempo final,Tiempo duracion,Completado,Reglas planificacion cumplidas,%Reglas respetadas ejecucion,Pasos planificados,Pasos ejecutados,Errores ejecucion,Num dormir planificado,Correctos dormir,Errores dormir,Num ubicacion planificado,Correctos ubicacion,Errores ubicacion,Paradas posibles,Paradas realizadas,Errores parada por tiempo excedido,Num errores por tiempo excedido
48,1,1,2,16:31:11.560,Tiempo final,Tiempo duracion,Completado,Reglas planificacion cumplidas,%Reglas respetadas ejecucion,Pasos planificados,Pasos ejecutados,Errores ejecucion,Num dormir planificado,Correctos dormir,Errores dormir,Num ubicacion planificado,Correctos ubicacion,Errores ubicacion,Paradas posibles,Paradas realizadas,Errores parada por tiempo excedido,Num errores por tiempo excedido
48,1,1,3,16:31:27.294,Tiempo final,Tiempo duracion,Completado,Reglas planificacion cumplidas,%Reglas respetadas ejecucion,Pasos planificados,Pasos ejecutados,Errores ejecucion,Num dormir planificado,Correctos dormir,Errores dormir,Num ubicacion planificado,Correctos ubicacion,Errores ubicacion,Paradas posibles,Paradas realizadas,Errores parada por tiempo excedido,Num errores por tiempo excedido
48,1,2,1,16:33:11.228,Tiempo final,Tiempo duracion,Completado,Reglas planificacion cumplidas,%Reglas respetadas ejecucion,Pasos planificados,Pasos ejecutados,Errores ejecucion,Num dormir planificado,Correctos dormir,Errores dormir,Num ubicacion planificado,Correctos ubicacion,Errores ubicacion,Paradas posibles,Paradas realizadas,Errores parada por tiempo excedido,Num errores por tiempo excedido
48,1,2,2,16:37:29.646,Tiempo final,Tiempo duracion,Completado,Reglas planificacion cumplidas,%Reglas respetadas ejecucion,Pasos planificados,Pasos ejecutados,Errores ejecucion,Num dormir planificado,Correctos dormir,Errores dormir,Num ubicacion planificado,Correctos ubicacion,Errores ubicacion,Paradas posibles,Paradas realizadas,Errores parada por tiempo excedido,Num errores por tiempo excedido
48,1,3,1,16:37:52.924,Tiempo final,Tiempo duracion,Completado,Reglas planificacion cumplidas,%Reglas respetadas ejecucion,Pasos planificados,Pasos ejecutados,Errores ejecucion,Num dormir planificado,Correctos dormir,Errores dormir,Num ubicacion planificado,Correctos ubicacion,Errores ubicacion,Paradas posibles,Paradas realizadas,Errores parada por tiempo excedido,Num errores por tiempo excedido
48,1,3,2,16:40:43.606,Tiempo final,Tiempo duracion,Completado,Reglas planificacion cumplidas,%Reglas respetadas ejecucion,Pasos planificados,Pasos ejecutados,Errores ejecucion,Num dormir planificado,Correctos dormir,Errores dormir,Num ubicacion planificado,Correctos ubicacion,Errores ubicacion,Paradas posibles,Paradas realizadas,Errores parada por tiempo excedido,Num errores por tiempo excedido
48,1,1,1,16:43:24.924,Tiempo final,Tiempo duracion,Completado,Reglas planificacion cumplidas,%Reglas respetadas ejecucion,Pasos planificados,Pasos ejecutados,Errores ejecucion,Num dormir planificado,Correctos dormir,Errores dormir,Num ubicacion planificado,Correctos ubicacion,Errores ubicacion,Paradas posibles,Paradas realizadas,Errores parada por tiempo excedido,Num errores por tiempo excedido
48,1,2,1,16:47:27.069,Tiempo final,Tiempo duracion,Completado,Reglas planificacion cumplidas,%Reglas respetadas ejecucion,Pasos planificados,Pasos ejecutados,Errores ejecucion,Num dormir planificado,Correctos dormir,Errores dormir,Num ubicacion planificado,Correctos ubicacion,Errores ubicacion,Paradas posibles,Paradas realizadas,Errores parada por tiempo excedido,Num errores por tiempo excedido
48,1,2,2,16:52:37.603,Tiempo final,Tiempo duracion,Completado,Reglas planificacion cumplidas,%Reglas respetadas ejecucion,Pasos planificados,Pasos ejecutados,Errores ejecucion,Num dormir planificado,Correctos dormir,Errores dormir,Num ubicacion planificado,Correctos ubicacion,Errores ubicacion,Paradas posibles,Paradas realizadas,Errores parada por tiempo excedido,Num errores por tiempo excedido
48,1,3,1,16:56:47.287,Tiempo final,Tiempo duracion,Completado,Reglas planificacion cumplidas,%Reglas respetadas ejecucion,Pasos planificados,Pasos ejecutados,Errores ejecucion,Num dormir planificado,Correctos dormir,Errores dormir,Num ubicacion planificado,Correctos ubicacion,Errores ubicacion,Paradas posibles,Paradas realizadas,Errores parada por tiempo excedido,Num errores por tiempo excedido
48,1,3,2,17:00:40.908,Tiempo final,Tiempo duracion,Completado,Reglas planificacion cumplidas,%Reglas respetadas ejecucion,Pasos planificados,Pasos ejecutados,Errores ejecucion,Num dormir planificado,Correctos dormir,Errores dormir,Num ubicacion planificado,Correctos ubicacion,Errores ubicacion,Paradas posibles,Paradas realizadas,Errores parada por tiempo excedido,Num errores por tiempo excedido
4,3,1,1,14:14:16.150,Tiempo final,Tiempo duracion,Completado,Reglas planificacion cumplidas,%Reglas respetadas ejecucion,Pasos planificados,Pasos ejecutados,Errores ejecucion,Num dormir planificado,Correctos dormir,Errores dormir,Num ubicacion planificado,Correctos ubicacion,Errores ubicacion,Paradas posibles,Paradas realizadas,Errores parada por tiempo excedido,Num errores por tiempo excedido
4,3,1,2,14:17:20.350,Tiempo final,Tiempo duracion,Completado,Reglas planificacion cumplidas,%Reglas respetadas ejecucion,Pasos planificados,Pasos ejecutados,Errores ejecucion,Num dormir planificado,Correctos dormir,Errores dormir,Num ubicacion planificado,Correctos ubicacion,Errores ubicacion,Paradas posibles,Paradas realizadas,Errores parada por tiempo excedido,Num errores por tiempo excedido
4,3,1,3,14:20:04.415,Tiempo final,Tiempo duracion,Completado,Reglas planificacion cumplidas,%Reglas respetadas ejecucion,Pasos planificados,Pasos ejecutados,Errores ejecucion,Num dormir planificado,Correctos dormir,Errores dormir,Num ubicacion planificado,Correctos ubicacion,Errores ubicacion,Paradas posibles,Paradas realizadas,Errores parada por tiempo excedido,Num errores por tiempo excedido
4,3,1,4,14:22:57.722,Tiempo final,Tiempo duracion,Completado,Reglas planificacion cumplidas,%Reglas respetadas ejecucion,Pasos planificados,Pasos ejecutados,Errores ejecucion,Num dormir planificado,Correctos dormir,Errores dormir,Num ubicacion planificado,Correctos ubicacion,Errores ubicacion,Paradas posibles,Paradas realizadas,Errores parada por tiempo excedido,Num errores por tiempo excedido
4,3,1,5,14:26:23.560,Tiempo final,Tiempo duracion,Completado,Reglas planificacion cumplidas,%Reglas respetadas ejecucion,Pasos planificados,Pasos ejecutados,Errores ejecucion,Num dormir planificado,Correctos dormir,Errores dormir,Num ubicacion planificado,Correctos ubicacion,Errores ubicacion,Paradas posibles,Paradas realizadas,Errores parada por tiempo excedido,Num errores por tiempo excedido
4,3,1,6,14:30:07.057,Tiempo final,Tiempo duracion,Completado,Reglas planificacion cumplidas,%Reglas respetadas ejecucion,Pasos planificados,Pasos ejecutados,Errores ejecucion,Num dormir planificado,Correctos dormir,Errores dormir,Num ubicacion planificado,Correctos ubicacion,Errores ubicacion,Paradas posibles,Paradas realizadas,Errores parada por tiempo excedido,Num errores por tiempo excedido
4,3,1,7,14:33:44.625,Tiempo final,Tiempo duracion,Completado,Reglas planificacion cumplidas,%Reglas respetadas ejecucion,Pasos planificados,Pasos ejecutados,Errores ejecucion,Num dormir planificado,Correctos dormir,Errores dormir,Num ubicacion planificado,Correctos ubicacion,Errores ubicacion,Paradas posibles,Paradas realizadas,Errores parada por tiempo excedido,Num errores por tiempo excedido
4,3,1,8,14:40:58.175,Tiempo final,Tiempo duracion,Completado,Reglas planificacion cumplidas,%Reglas respetadas ejecucion,Pasos planificados,Pasos ejecutados,Errores ejecucion,Num dormir planificado,Correctos dormir,Errores dormir,Num ubicacion planificado,Correctos ubicacion,Errores ubicacion,Paradas posibles,Paradas realizadas,Errores parada por tiempo excedido,Num errores por tiempo excedido
4,3,2,1,14:45:57.823,Tiempo final,Tiempo duracion,Completado,Reglas planificacion cumplidas,%Reglas respetadas ejecucion,Pasos planificados,Pasos ejecutados,Errores ejecucion,Num dormir planificado,Correctos dormir,Errores dormir,Num ubicacion planificado,Correctos ubicacion,Errores ubicacion,Paradas posibles,Paradas realizadas,Errores parada por tiempo excedido,Num errores por tiempo excedido
4,3,3,1,14:50:19.392,Tiempo final,Tiempo duracion,Completado,Reglas planificacion cumplidas,%Reglas respetadas ejecucion,Pasos planificados,Pasos ejecutados,Errores ejecucion,Num dormir planificado,Correctos dormir,Errores dormir,Num ubicacion planificado,Correctos ubicacion,Errores ubicacion,Paradas posibles,Paradas realizadas,Errores parada por tiempo excedido,Num errores por tiempo excedido
4,3,3,2,14:53:31.128,Tiempo final,Tiempo duracion,Completado,Reglas planificacion cumplidas,%Reglas respetadas ejecucion,Pasos planificados,Pasos ejecutados,Errores ejecucion,Num dormir planificado,Correctos dormir,Errores dormir,Num ubicacion planificado,Correctos ubicacion,Errores ubicacion,Paradas posibles,Paradas realizadas,Errores parada por tiempo excedido,Num errores por tiempo excedido
4,3,3,3,14:56:20.562,Tiempo final,Tiempo duracion,Completado,Reglas planificacion cumplidas,%Reglas respetadas ejecucion,Pasos planificados,Pasos ejecutados,Errores ejecucion,Num dormir planificado,Correctos dormir,Errores dormir,Num ubicacion planificado,Correctos ubicacion,Errores ubicacion,Paradas posibles,Paradas realizadas,Errores parada por tiempo excedido,Num errores por tiempo excedido
4,3,3,4,14:58:28.848,Tiempo final,Tiempo duracion,Completado,Reglas planificacion cumplidas,%Reglas respetadas ejecucion,Pasos planificados,Pasos ejecutados,Errores ejecucion,Num dormir planificado,Correctos dormir,Errores dormir,Num ubicacion planificado,Correctos ubicacion,Errores ubicacion,Paradas posibles,Paradas realizadas,Errores parada por tiempo excedido,Num errores por tiempo excedido
4,3,3,5,15:03:08.481,Tiempo final,Tiempo duracion,Completado,Reglas planificacion cumplidas,%Reglas respetadas ejecucion,Pasos planificados,Pasos ejecutados,Errores ejecucion,Num dormir planificado,Correctos dormir,Errores dormir,Num ubicacion planificado,Correctos ubicacion,Errores ubicacion,Paradas posibles,Paradas realizadas,Errores parada por tiempo excedido,Num errores por tiempo excedido
4,3,3,6,15:13:37.079,Tiempo final,Tiempo duracion,Completado,Reglas planificacion cumplidas,%Reglas respetadas ejecucion,Pasos planificados,Pasos ejecutados,Errores ejecucion,Num dormir planificado,Correctos dormir,Errores dormir,Num ubicacion planificado,Correctos ubicacion,Errores ubicacion,Paradas posibles,Paradas realizadas,Errores parada por tiempo excedido,Num errores por tiempo excedido
50,1,1,1,16:50:34.650,Tiempo final,Tiempo duracion,Completado,Reglas planificacion cumplidas,%Reglas respetadas ejecucion,Pasos planificados,Pasos ejecutados,Errores ejecucion,Num dormir planificado,Correctos dormir,Errores dormir,Num ubicacion planificado,Correctos ubicacion,Errores ubicacion,Paradas posibles,Paradas realizadas,Errores parada por tiempo excedido,Num errores por tiempo excedido
50,1,1,2,16:53:50.872,Tiempo final,Tiempo duracion,Completado,Reglas planificacion cumplidas,%Reglas respetadas ejecucion,Pasos planificados,Pasos ejecutados,Errores ejecucion,Num dormir planificado,Correctos dormir,Errores dormir,Num ubicacion planificado,Correctos ubicacion,Errores ubicacion,Paradas posibles,Paradas realizadas,Errores parada por tiempo excedido,Num errores por tiempo excedido
50,1,1,3,16:55:21.527,Tiempo final,Tiempo duracion,Completado,Reglas planificacion cumplidas,%Reglas respetadas ejecucion,Pasos planificados,Pasos ejecutados,Errores ejecucion,Num dormir planificado,Correctos dormir,Errores dormir,Num ubicacion planificado,Correctos ubicacion,Errores ubicacion,Paradas posibles,Paradas realizadas,Errores parada por tiempo excedido,Num errores por tiempo excedido
50,1,1,4,16:58:35.839,Tiempo final,Tiempo duracion,Completado,Reglas planificacion cumplidas,%Reglas respetadas ejecucion,Pasos planificados,Pasos ejecutados,Errores ejecucion,Num dormir planificado,Correctos dormir,Errores dormir,Num ubicacion planificado,Correctos ubicacion,Errores ubicacion,Paradas posibles,Paradas realizadas,Errores parada por tiempo excedido,Num errores por tiempo excedido
50,1,1,5,17:02:12.374,Tiempo final,Tiempo duracion,Completado,Reglas planificacion cumplidas,%Reglas respetadas ejecucion,Pasos planificados,Pasos ejecutados,Errores ejecucion,Num dormir planificado,Correctos dormir,Errores dormir,Num ubicacion planificado,Correctos ubicacion,Errores ubicacion,Paradas posibles,Paradas realizadas,Errores parada por tiempo excedido,Num errores por tiempo excedido
50,1,1,6,17:04:29.769,Tiempo final,Tiempo duracion,Completado,Reglas planificacion cumplidas,%Reglas respetadas ejecucion,Pasos planificados,Pasos ejecutados,Errores ejecucion,Num dormir planificado,Correctos dormir,Errores dormir,Num ubicacion planificado,Correctos ubicacion,Errores ubicacion,Paradas posibles,Paradas realizadas,Errores parada por tiempo excedido,Num errores por tiempo excedido
50,1,1,7,17:06:46.457,Tiempo final,Tiempo duracion,Completado,Reglas planificacion cumplidas,%Reglas respetadas ejecucion,Pasos planificados,Pasos ejecutados,Errores ejecucion,Num dormir planificado,Correctos dormir,Errores dormir,Num ubicacion planificado,Correctos ubicacion,Errores ubicacion,Paradas posibles,Paradas realizadas,Errores parada por tiempo excedido,Num errores por tiempo excedido
50,1,1,8,17:09:18.376,Tiempo final,Tiempo duracion,Completado,Reglas planificacion cumplidas,%Reglas respetadas ejecucion,Pasos planificados,Pasos ejecutados,Errores ejecucion,Num dormir planificado,Correctos dormir,Errores dormir,Num ubicacion planificado,Correctos ubicacion,Errores ubicacion,Paradas posibles,Paradas realizadas,Errores parada por tiempo excedido,Num errores por tiempo excedido
50,1,2,1,17:12:38.100,Tiempo final,Tiempo duracion,Completado,Reglas planificacion cumplidas,%Reglas respetadas ejecucion,Pasos planificados,Pasos ejecutados,Errores ejecucion,Num dormir planificado,Correctos dormir,Errores dormir,Num ubicacion planificado,Correctos ubicacion,Errores ubicacion,Paradas posibles,Paradas realizadas,Errores parada por tiempo excedido,Num errores por tiempo excedido
50,1,1,1,17:16:54.856,Tiempo final,Tiempo duracion,Completado,Reglas planificacion cumplidas,%Reglas respetadas ejecucion,Pasos planificados,Pasos ejecutados,Errores ejecucion,Num dormir planificado,Correctos dormir,Errores dormir,Num ubicacion planificado,Correctos ubicacion,Errores ubicacion,Paradas posibles,Paradas realizadas,Errores parada por tiempo excedido,Num errores por tiempo excedido
50,1,3,1,17:17:48.165,Tiempo final,Tiempo duracion,Completado,Reglas planificacion cumplidas,%Reglas respetadas ejecucion,Pasos planificados,Pasos ejecutados,Errores ejecucion,Num dormir planificado,Correctos dormir,Errores dormir,Num ubicacion planificado,Correctos ubicacion,Errores ubicacion,Paradas posibles,Paradas realizadas,Errores parada por tiempo excedido,Num errores por tiempo excedido
50,1,3,2,17:19:43.901,Tiempo final,Tiempo duracion,Completado,Reglas planificacion cumplidas,%Reglas respetadas ejecucion,Pasos planificados,Pasos ejecutados,Errores ejecucion,Num dormir planificado,Correctos dormir,Errores dormir,Num ubicacion planificado,Correctos ubicacion,Errores ubicacion,Paradas posibles,Paradas realizadas,Errores parada por tiempo excedido,Num errores por tiempo excedido
51,1,1,1,14:22:36.481,Tiempo final,Tiempo duracion,Completado,Reglas planificacion cumplidas,%Reglas respetadas ejecucion,Pasos planificados,Pasos ejecutados,Errores ejecucion,Num dormir planificado,Correctos dormir,Errores dormir,Num ubicacion planificado,Correctos ubicacion,Errores ubicacion,Paradas posibles,Paradas realizadas,Errores parada por tiempo excedido,Num errores por tiempo excedido
51,1,1,2,14:29:57.458,Tiempo final,Tiempo duracion,Completado,Reglas planificacion cumplidas,%Reglas respetadas ejecucion,Pasos planificados,Pasos ejecutados,Errores ejecucion,Num dormir planificado,Correctos dormir,Errores dormir,Num ubicacion planificado,Correctos ubicacion,Errores ubicacion,Paradas posibles,Paradas realizadas,Errores parada por tiempo excedido,Num errores por tiempo excedido
51,1,2,1,14:34:10.709,Tiempo final,Tiempo duracion,Completado,Reglas planificacion cumplidas,%Reglas respetadas ejecucion,Pasos planificados,Pasos ejecutados,Errores ejecucion,Num dormir planificado,Correctos dormir,Errores dormir,Num ubicacion planificado,Correctos ubicacion,Errores ubicacion,Paradas posibles,Paradas realizadas,Errores parada por tiempo excedido,Num errores por tiempo excedido
51,1,2,2,14:38:36.438,Tiempo final,Tiempo duracion,Completado,Reglas planificacion cumplidas,%Reglas respetadas ejecucion,Pasos planificados,Pasos ejecutados,Errores ejecucion,Num dormir planificado,Correctos dormir,Errores dormir,Num ubicacion planificado,Correctos ubicacion,Errores ubicacion,Paradas posibles,Paradas realizadas,Errores parada por tiempo excedido,Num errores por tiempo excedido
51,1,3,1,14:42:55.001,Tiempo final,Tiempo duracion,Completado,Reglas planificacion cumplidas,%Reglas respetadas ejecucion,Pasos planificados,Pasos ejecutados,Errores ejecucion,Num dormir planificado,Correctos dormir,Errores dormir,Num ubicacion planificado,Correctos ubicacion,Errores ubicacion,Paradas posibles,Paradas realizadas,Errores parada por tiempo excedido,Num errores por tiempo excedido
51,3,1,1,14:14:40.795,Tiempo final,Tiempo duracion,Completado,Reglas planificacion cumplidas,%Reglas respetadas ejecucion,Pasos planificados,Pasos ejecutados,Errores ejecucion,Num dormir planificado,Correctos dormir,Errores dormir,Num ubicacion planificado,Correctos ubicacion,Errores ubicacion,Paradas posibles,Paradas realizadas,Errores parada por tiempo excedido,Num errores por tiempo excedido
51,3,1,2,14:16:55.608,Tiempo final,Tiempo duracion,Completado,Reglas planificacion cumplidas,%Reglas respetadas ejecucion,Pasos planificados,Pasos ejecutados,Errores ejecucion,Num dormir planificado,Correctos dormir,Errores dormir,Num ubicacion planificado,Correctos ubicacion,Errores ubicacion,Paradas posibles,Paradas realizadas,Errores parada por tiempo excedido,Num errores por tiempo excedido
51,3,1,3,14:19:59.397,Tiempo final,Tiempo duracion,Completado,Reglas planificacion cumplidas,%Reglas respetadas ejecucion,Pasos planificados,Pasos ejecutados,Errores ejecucion,Num dormir planificado,Correctos dormir,Errores dormir,Num ubicacion planificado,Correctos ubicacion,Errores ubicacion,Paradas posibles,Paradas realizadas,Errores parada por tiempo excedido,Num errores por tiempo excedido
51,3,2,1,14:22:56.009,Tiempo final,Tiempo duracion,Completado,Reglas planificacion cumplidas,%Reglas respetadas ejecucion,Pasos planificados,Pasos ejecutados,Errores ejecucion,Num dormir planificado,Correctos dormir,Errores dormir,Num ubicacion planificado,Correctos ubicacion,Errores ubicacion,Paradas posibles,Paradas realizadas,Errores parada por tiempo excedido,Num errores por tiempo excedido
51,3,3,1,14:27:09.338,Tiempo final,Tiempo duracion,Completado,Reglas planificacion cumplidas,%Reglas respetadas ejecucion,Pasos planificados,Pasos ejecutados,Errores ejecucion,Num dormir planificado,Correctos dormir,Errores dormir,Num ubicacion planificado,Correctos ubicacion,Errores ubicacion,Paradas posibles,Paradas realizadas,Errores parada por tiempo excedido,Num errores por tiempo excedido
51,3,3,2,14:30:28.451,Tiempo final,Tiempo duracion,Completado,Reglas planificacion cumplidas,%Reglas respetadas ejecucion,Pasos planificados,Pasos ejecutados,Errores ejecucion,Num dormir planificado,Correctos dormir,Errores dormir,Num ubicacion planificado,Correctos ubicacion,Errores ubicacion,Paradas posibles,Paradas realizadas,Errores parada por tiempo excedido,Num errores por tiempo excedido
52,1,1,1,14:21:08.325,Tiempo final,Tiempo duracion,Completado,Reglas planificacion cumplidas,%Reglas respetadas ejecucion,Pasos planificados,Pasos ejecutados,Errores ejecucion,Num dormir planificado,Correctos dormir,Errores dormir,Num ubicacion planificado,Correctos ubicacion,Errores ubicacion,Paradas posibles,Paradas realizadas,Errores parada por tiempo excedido,Num errores por tiempo excedido
52,1,1,2,14:23:45.834,Tiempo final,Tiempo duracion,Completado,Reglas planificacion cumplidas,%Reglas respetadas ejecucion,Pasos planificados,Pasos ejecutados,Errores ejecucion,Num dormir planificado,Correctos dormir,Errores dormir,Num ubicacion planificado,Correctos ubicacion,Errores ubicacion,Paradas posibles,Paradas realizadas,Errores parada por tiempo excedido,Num errores por tiempo excedido
52,1,1,3,14:26:16.258,Tiempo final,Tiempo duracion,Completado,Reglas planificacion cumplidas,%Reglas respetadas ejecucion,Pasos planificados,Pasos ejecutados,Errores ejecucion,Num dormir planificado,Correctos dormir,Errores dormir,Num ubicacion planificado,Correctos ubicacion,Errores ubicacion,Paradas posibles,Paradas realizadas,Errores parada por tiempo excedido,Num errores por tiempo excedido
52,1,1,4,14:29:12.981,Tiempo final,Tiempo duracion,Completado,Reglas planificacion cumplidas,%Reglas respetadas ejecucion,Pasos planificados,Pasos ejecutados,Errores ejecucion,Num dormir planificado,Correctos dormir,Errores dormir,Num ubicacion planificado,Correctos ubicacion,Errores ubicacion,Paradas posibles,Paradas realizadas,Errores parada por tiempo excedido,Num errores por tiempo excedido
52,1,1,5,14:31:44.433,Tiempo final,Tiempo duracion,Completado,Reglas planificacion cumplidas,%Reglas respetadas ejecucion,Pasos planificados,Pasos ejecutados,Errores ejecucion,Num dormir planificado,Correctos dormir,Errores dormir,Num ubicacion planificado,Correctos ubicacion,Errores ubicacion,Paradas posibles,Paradas realizadas,Errores parada por tiempo excedido,Num errores por tiempo excedido
52,1,1,6,14:37:29.047,Tiempo final,Tiempo duracion,Completado,Reglas planificacion cumplidas,%Reglas respetadas ejecucion,Pasos planificados,Pasos ejecutados,Errores ejecucion,Num dormir planificado,Correctos dormir,Errores dormir,Num ubicacion planificado,Correctos ubicacion,Errores ubicacion,Paradas posibles,Paradas realizadas,Errores parada por tiempo excedido,Num errores por tiempo excedido
52,1,1,7,14:40:41.967,Tiempo final,Tiempo duracion,Completado,Reglas planificacion cumplidas,%Reglas respetadas ejecucion,Pasos planificados,Pasos ejecutados,Errores ejecucion,Num dormir planificado,Correctos dormir,Errores dormir,Num ubicacion planificado,Correctos ubicacion,Errores ubicacion,Paradas posibles,Paradas realizadas,Errores parada por tiempo excedido,Num errores por tiempo excedido
52,1,1,8,14:43:44.570,Tiempo final,Tiempo duracion,Completado,Reglas planificacion cumplidas,%Reglas respetadas ejecucion,Pasos planificados,Pasos ejecutados,Errores ejecucion,Num dormir planificado,Correctos dormir,Errores dormir,Num ubicacion planificado,Correctos ubicacion,Errores ubicacion,Paradas posibles,Paradas realizadas,Errores parada por tiempo excedido,Num errores por tiempo excedido
52,1,1,9,14:47:24.483,Tiempo final,Tiempo duracion,Completado,Reglas planificacion cumplidas,%Reglas respetadas ejecucion,Pasos planificados,Pasos ejecutados,Errores ejecucion,Num dormir planificado,Correctos dormir,Errores dormir,Num ubicacion planificado,Correctos ubicacion,Errores ubicacion,Paradas posibles,Paradas realizadas,Errores parada por tiempo excedido,Num errores por tiempo excedido
52,1,1,10,14:51:02.497,Tiempo final,Tiempo duracion,Completado,Reglas planificacion cumplidas,%Reglas respetadas ejecucion,Pasos planificados,Pasos ejecutados,Errores ejecucion,Num dormir planificado,Correctos dormir,Errores dormir,Num ubicacion planificado,Correctos ubicacion,Errores ubicacion,Paradas posibles,Paradas realizadas,Errores parada por tiempo excedido,Num errores por tiempo excedido
53,3,1,1,14:34:23.248,Tiempo final,Tiempo duracion,Completado,Reglas planificacion cumplidas,%Reglas respetadas ejecucion,Pasos planificados,Pasos ejecutados,Errores ejecucion,Num dormir planificado,Correctos dormir,Errores dormir,Num ubicacion planificado,Correctos ubicacion,Errores ubicacion,Paradas posibles,Paradas realizadas,Errores parada por tiempo excedido,Num errores por tiempo excedido
53,3,1,2,14:40:05.573,Tiempo final,Tiempo duracion,Completado,Reglas planificacion cumplidas,%Reglas respetadas ejecucion,Pasos planificados,Pasos ejecutados,Errores ejecucion,Num dormir planificado,Correctos dormir,Errores dormir,Num ubicacion planificado,Correctos ubicacion,Errores ubicacion,Paradas posibles,Paradas realizadas,Errores parada por tiempo excedido,Num errores por tiempo excedido
53,3,1,3,14:51:09.958,Tiempo final,Tiempo duracion,Completado,Reglas planificacion cumplidas,%Reglas respetadas ejecucion,Pasos planificados,Pasos ejecutados,Errores ejecucion,Num dormir planificado,Correctos dormir,Errores dormir,Num ubicacion planificado,Correctos ubicacion,Errores ubicacion,Paradas posibles,Paradas realizadas,Errores parada por tiempo excedido,Num errores por tiempo excedido
53,3,1,4,14:54:39.372,Tiempo final,Tiempo duracion,Completado,Reglas planificacion cumplidas,%Reglas respetadas ejecucion,Pasos planificados,Pasos ejecutados,Errores ejecucion,Num dormir planificado,Correctos dormir,Errores dormir,Num ubicacion planificado,Correctos ubicacion,Errores ubicacion,Paradas posibles,Paradas realizadas,Errores parada por tiempo excedido,Num errores por tiempo excedido
53,3,1,5,14:58:39.541,Tiempo final,Tiempo duracion,Completado,Reglas planificacion cumplidas,%Reglas respetadas ejecucion,Pasos planificados,Pasos ejecutados,Errores ejecucion,Num dormir planificado,Correctos dormir,Errores dormir,Num ubicacion planificado,Correctos ubicacion,Errores ubicacion,Paradas posibles,Paradas realizadas,Errores parada por tiempo excedido,Num errores por tiempo excedido
53,3,2,1,15:04:15.175,Tiempo final,Tiempo duracion,Completado,Reglas planificacion cumplidas,%Reglas respetadas ejecucion,Pasos planificados,Pasos ejecutados,Errores ejecucion,Num dormir planificado,Correctos dormir,Errores dormir,Num ubicacion planificado,Correctos ubicacion,Errores ubicacion,Paradas posibles,Paradas realizadas,Errores parada por tiempo excedido,Num errores por tiempo excedido
53,3,2,2,15:09:14.320,Tiempo final,Tiempo duracion,Completado,Reglas planificacion cumplidas,%Reglas respetadas ejecucion,Pasos planificados,Pasos ejecutados,Errores ejecucion,Num dormir planificado,Correctos dormir,Errores dormir,Num ubicacion planificado,Correctos ubicacion,Errores ubicacion,Paradas posibles,Paradas realizadas,Errores parada por tiempo excedido,Num errores por tiempo excedido
53,3,3,1,15:13:51.057,Tiempo final,Tiempo duracion,Completado,Reglas planificacion cumplidas,%Reglas respetadas ejecucion,Pasos planificados,Pasos ejecutados,Errores ejecucion,Num dormir planificado,Correctos dormir,Errores dormir,Num ubicacion planificado,Correctos ubicacion,Errores ubicacion,Paradas posibles,Paradas realizadas,Errores parada por tiempo excedido,Num errores por tiempo excedido
5,1,1,1,14:20:39.906,Tiempo final,Tiempo duracion,Completado,Reglas planificacion cumplidas,%Reglas respetadas ejecucion,Pasos planificados,Pasos ejecutados,Errores ejecucion,Num dormir planificado,Correctos dormir,Errores dormir,Num ubicacion planificado,Correctos ubicacion,Errores ubicacion,Paradas posibles,Paradas realizadas,Errores parada por tiempo excedido,Num errores por tiempo excedido
5,1,1,2,14:22:58.725,Tiempo final,Tiempo duracion,Completado,Reglas planificacion cumplidas,%Reglas respetadas ejecucion,Pasos planificados,Pasos ejecutados,Errores ejecucion,Num dormir planificado,Correctos dormir,Errores dormir,Num ubicacion planificado,Correctos ubicacion,Errores ubicacion,Paradas posibles,Paradas realizadas,Errores parada por tiempo excedido,Num errores por tiempo excedido
5,1,1,3,14:23:39.892,Tiempo final,Tiempo duracion,Completado,Reglas planificacion cumplidas,%Reglas respetadas ejecucion,Pasos planificados,Pasos ejecutados,Errores ejecucion,Num dormir planificado,Correctos dormir,Errores dormir,Num ubicacion planificado,Correctos ubicacion,Errores ubicacion,Paradas posibles,Paradas realizadas,Errores parada por tiempo excedido,Num errores por tiempo excedido
5,1,1,4,14:27:58.112,Tiempo final,Tiempo duracion,Completado,Reglas planificacion cumplidas,%Reglas respetadas ejecucion,Pasos planificados,Pasos ejecutados,Errores ejecucion,Num dormir planificado,Correctos dormir,Errores dormir,Num ubicacion planificado,Correctos ubicacion,Errores ubicacion,Paradas posibles,Paradas realizadas,Errores parada por tiempo excedido,Num errores por tiempo excedido
5,1,1,5,14:37:07.937,Tiempo final,Tiempo duracion,Completado,Reglas planificacion cumplidas,%Reglas respetadas ejecucion,Pasos planificados,Pasos ejecutados,Errores ejecucion,Num dormir planificado,Correctos dormir,Errores dormir,Num ubicacion planificado,Correctos ubicacion,Errores ubicacion,Paradas posibles,Paradas realizadas,Errores parada por tiempo excedido,Num errores por tiempo excedido
5,1,2,1,14:42:54.667,Tiempo final,Tiempo duracion,Completado,Reglas planificacion cumplidas,%Reglas respetadas ejecucion,Pasos planificados,Pasos ejecutados,Errores ejecucion,Num dormir planificado,Correctos dormir,Errores dormir,Num ubicacion planificado,Correctos ubicacion,Errores ubicacion,Paradas posibles,Paradas realizadas,Errores parada por tiempo excedido,Num errores por tiempo excedido
5,1,2,2,14:49:00.795,Tiempo final,Tiempo duracion,Completado,Reglas planificacion cumplidas,%Reglas respetadas ejecucion,Pasos planificados,Pasos ejecutados,Errores ejecucion,Num dormir planificado,Correctos dormir,Errores dormir,Num ubicacion planificado,Correctos ubicacion,Errores ubicacion,Paradas posibles,Paradas realizadas,Errores parada por tiempo excedido,Num errores por tiempo excedido
65,1,1,1,15:41:05.915,Tiempo final,Tiempo duracion,Completado,Reglas planificacion cumplidas,%Reglas respetadas ejecucion,Pasos planificados,Pasos ejecutados,Errores ejecucion,Num dormir planificado,Correctos dormir,Errores dormir,Num ubicacion planificado,Correctos ubicacion,Errores ubicacion,Paradas posibles,Paradas realizadas,Errores parada por tiempo excedido,Num errores por tiempo excedido
6,1,1,1,14:21:06.367,Tiempo final,Tiempo duracion,Completado,Reglas planificacion cumplidas,%Reglas respetadas ejecucion,Pasos planificados,Pasos ejecutados,Errores ejecucion,Num dormir planificado,Correctos dormir,Errores dormir,Num ubicacion planificado,Correctos ubicacion,Errores ubicacion,Paradas posibles,Paradas realizadas,Errores parada por tiempo excedido,Num errores por tiempo excedido
6,1,1,2,14:22:58.819,Tiempo final,Tiempo duracion,Completado,Reglas planificacion cumplidas,%Reglas respetadas ejecucion,Pasos planificados,Pasos ejecutados,Errores ejecucion,Num dormir planificado,Correctos dormir,Errores dormir,Num ubicacion planificado,Correctos ubicacion,Errores ubicacion,Paradas posibles,Paradas realizadas,Errores parada por tiempo excedido,Num errores por tiempo excedido
6,1,1,3,14:23:51.497,Tiempo final,Tiempo duracion,Completado,Reglas planificacion cumplidas,%Reglas respetadas ejecucion,Pasos planificados,Pasos ejecutados,Errores ejecucion,Num dormir planificado,Correctos dormir,Errores dormir,Num ubicacion planificado,Correctos ubicacion,Errores ubicacion,Paradas posibles,Paradas realizadas,Errores parada por tiempo excedido,Num errores por tiempo excedido
6,1,1,4,14:25:07.164,Tiempo final,Tiempo duracion,Completado,Reglas planificacion cumplidas,%Reglas respetadas ejecucion,Pasos planificados,Pasos ejecutados,Errores ejecucion,Num dormir planificado,Correctos dormir,Errores dormir,Num ubicacion planificado,Correctos ubicacion,Errores ubicacion,Paradas posibles,Paradas realizadas,Errores parada por tiempo excedido,Num errores por tiempo excedido
6,1,1,5,14:27:53.366,Tiempo final,Tiempo duracion,Completado,Reglas planificacion cumplidas,%Reglas respetadas ejecucion,Pasos planificados,Pasos ejecutados,Errores ejecucion,Num dormir planificado,Correctos dormir,Errores dormir,Num ubicacion planificado,Correctos ubicacion,Errores ubicacion,Paradas posibles,Paradas realizadas,Errores parada por tiempo excedido,Num errores por tiempo excedido
6,1,1,6,14:31:14.405,Tiempo final,Tiempo duracion,Completado,Reglas planificacion cumplidas,%Reglas respetadas ejecucion,Pasos planificados,Pasos ejecutados,Errores ejecucion,Num dormir planificado,Correctos dormir,Errores dormir,Num ubicacion planificado,Correctos ubicacion,Errores ubicacion,Paradas posibles,Paradas realizadas,Errores parada por tiempo excedido,Num errores por tiempo excedido
6,1,1,7,14:31:47.408,Tiempo final,Tiempo duracion,Completado,Reglas planificacion cumplidas,%Reglas respetadas ejecucion,Pasos planificados,Pasos ejecutados,Errores ejecucion,Num dormir planificado,Correctos dormir,Errores dormir,Num ubicacion planificado,Correctos ubicacion,Errores ubicacion,Paradas posibles,Paradas realizadas,Errores parada por tiempo excedido,Num errores por tiempo excedido
6,1,1,8,14:35:38.214,Tiempo final,Tiempo duracion,Completado,Reglas planificacion cumplidas,%Reglas respetadas ejecucion,Pasos planificados,Pasos ejecutados,Errores ejecucion,Num dormir planificado,Correctos dormir,Errores dormir,Num ubicacion planificado,Correctos ubicacion,Errores ubicacion,Paradas posibles,Paradas realizadas,Errores parada por tiempo excedido,Num errores por tiempo excedido
6,1,1,9,14:38:44.179,Tiempo final,Tiempo duracion,Completado,Reglas planificacion cumplidas,%Reglas respetadas ejecucion,Pasos planificados,Pasos ejecutados,Errores ejecucion,Num dormir planificado,Correctos dormir,Errores dormir,Num ubicacion planificado,Correctos ubicacion,Errores ubicacion,Paradas posibles,Paradas realizadas,Errores parada por tiempo excedido,Num errores por tiempo excedido
6,1,1,10,14:40:45.035,Tiempo final,Tiempo duracion,Completado,Reglas planificacion cumplidas,%Reglas respetadas ejecucion,Pasos planificados,Pasos ejecutados,Errores ejecucion,Num dormir planificado,Correctos dormir,Errores dormir,Num ubicacion planificado,Correctos ubicacion,Errores ubicacion,Paradas posibles,Paradas realizadas,Errores parada por tiempo excedido,Num errores por tiempo excedido
6,1,1,11,14:41:19.306,Tiempo final,Tiempo duracion,Completado,Reglas planificacion cumplidas,%Reglas respetadas ejecucion,Pasos planificados,Pasos ejecutados,Errores ejecucion,Num dormir planificado,Correctos dormir,Errores dormir,Num ubicacion planificado,Correctos ubicacion,Errores ubicacion,Paradas posibles,Paradas realizadas,Errores parada por tiempo excedido,Num errores por tiempo excedido
6,2,1,1,14:43:09.094,Tiempo final,Tiempo duracion,Completado,Reglas planificacion cumplidas,%Reglas respetadas ejecucion,Pasos planificados,Pasos ejecutados,Errores ejecucion,Num dormir planificado,Correctos dormir,Errores dormir,Num ubicacion planificado,Correctos ubicacion,Errores ubicacion,Paradas posibles,Paradas realizadas,Errores parada por tiempo excedido,Num errores por tiempo excedido
6,2,1,2,14:46:22.899,Tiempo final,Tiempo duracion,Completado,Reglas planificacion cumplidas,%Reglas respetadas ejecucion,Pasos planificados,Pasos ejecutados,Errores ejecucion,Num dormir planificado,Correctos dormir,Errores dormir,Num ubicacion planificado,Correctos ubicacion,Errores ubicacion,Paradas posibles,Paradas realizadas,Errores parada por tiempo excedido,Num errores por tiempo excedido
6,2,1,3,14:47:46.469,Tiempo final,Tiempo duracion,Completado,Reglas planificacion cumplidas,%Reglas respetadas ejecucion,Pasos planificados,Pasos ejecutados,Errores ejecucion,Num dormir planificado,Correctos dormir,Errores dormir,Num ubicacion planificado,Correctos ubicacion,Errores ubicacion,Paradas posibles,Paradas realizadas,Errores parada por tiempo excedido,Num errores por tiempo excedido
6,2,2,1,14:50:28.467,Tiempo final,Tiempo duracion,Completado,Reglas planificacion cumplidas,%Reglas respetadas ejecucion,Pasos planificados,Pasos ejecutados,Errores ejecucion,Num dormir planificado,Correctos dormir,Errores dormir,Num ubicacion planificado,Correctos ubicacion,Errores ubicacion,Paradas posibles,Paradas realizadas,Errores parada por tiempo excedido,Num errores por tiempo excedido
6,3,1,1,14:58:29.878,Tiempo final,Tiempo duracion,Completado,Reglas planificacion cumplidas,%Reglas respetadas ejecucion,Pasos planificados,Pasos ejecutados,Errores ejecucion,Num dormir planificado,Correctos dormir,Errores dormir,Num ubicacion planificado,Correctos ubicacion,Errores ubicacion,Paradas posibles,Paradas realizadas,Errores parada por tiempo excedido,Num errores por tiempo excedido
6,3,1,2,15:01:30.305,Tiempo final,Tiempo duracion,Completado,Reglas planificacion cumplidas,%Reglas respetadas ejecucion,Pasos planificados,Pasos ejecutados,Errores ejecucion,Num dormir planificado,Correctos dormir,Errores dormir,Num ubicacion planificado,Correctos ubicacion,Errores ubicacion,Paradas posibles,Paradas realizadas,Errores parada por tiempo excedido,Num errores por tiempo excedido
6,3,2,1,15:02:53.909,Tiempo final,Tiempo duracion,Completado,Reglas planificacion cumplidas,%Reglas respetadas ejecucion,Pasos planificados,Pasos ejecutados,Errores ejecucion,Num dormir planificado,Correctos dormir,Errores dormir,Num ubicacion planificado,Correctos ubicacion,Errores ubicacion,Paradas posibles,Paradas realizadas,Errores parada por tiempo excedido,Num errores por tiempo excedido
6,3,2,2,15:04:06.630,Tiempo final,Tiempo duracion,Completado,Reglas planificacion cumplidas,%Reglas respetadas ejecucion,Pasos planificados,Pasos ejecutados,Errores ejecucion,Num dormir planificado,Correctos dormir,Errores dormir,Num ubicacion planificado,Correctos ubicacion,Errores ubicacion,Paradas posibles,Paradas realizadas,Errores parada por tiempo excedido,Num errores por tiempo excedido
6,3,3,1,15:07:47.070,Tiempo final,Tiempo duracion,Completado,Reglas planificacion cumplidas,%Reglas respetadas ejecucion,Pasos planificados,Pasos ejecutados,Errores ejecucion,Num dormir planificado,Correctos dormir,Errores dormir,Num ubicacion planificado,Correctos ubicacion,Errores ubicacion,Paradas posibles,Paradas realizadas,Errores parada por tiempo excedido,Num errores por tiempo excedido
6,3,1,1,15:10:33.586,Tiempo final,Tiempo duracion,Completado,Reglas planificacion cumplidas,%Reglas respetadas ejecucion,Pasos planificados,Pasos ejecutados,Errores ejecucion,Num dormir planificado,Correctos dormir,Errores dormir,Num ubicacion planificado,Correctos ubicacion,Errores ubicacion,Paradas posibles,Paradas realizadas,Errores parada por tiempo excedido,Num errores por tiempo excedido
6,3,3,1,15:13:32.209,Tiempo final,Tiempo duracion,Completado,Reglas planificacion cumplidas,%Reglas respetadas ejecucion,Pasos planificados,Pasos ejecutados,Errores ejecucion,Num dormir planificado,Correctos dormir,Errores dormir,Num ubicacion planificado,Correctos ubicacion,Errores ubicacion,Paradas posibles,Paradas realizadas,Errores parada por tiempo excedido,Num errores por tiempo excedido
6,3,3,2,15:14:09.793,Tiempo final,Tiempo duracion,Completado,Reglas planificacion cumplidas,%Reglas respetadas ejecucion,Pasos planificados,Pasos ejecutados,Errores ejecucion,Num dormir planificado,Correctos dormir,Errores dormir,Num ubicacion planificado,Correctos ubicacion,Errores ubicacion,Paradas posibles,Paradas realizadas,Errores parada por tiempo excedido,Num errores por tiempo excedido
6,3,3,3,15:16:39.602,Tiempo final,Tiempo duracion,Completado,Reglas planificacion cumplidas,%Reglas respetadas ejecucion,Pasos planificados,Pasos ejecutados,Errores ejecucion,Num dormir planificado,Correctos dormir,Errores dormir,Num ubicacion planificado,Correctos ubicacion,Errores ubicacion,Paradas posibles,Paradas realizadas,Errores parada por tiempo excedido,Num errores por tiempo excedido
7,1,1,1,15:04:56.808,Tiempo final,Tiempo duracion,Completado,Reglas planificacion cumplidas,%Reglas respetadas ejecucion,Pasos planificados,Pasos ejecutados,Errores ejecucion,Num dormir planificado,Correctos dormir,Errores dormir,Num ubicacion planificado,Correctos ubicacion,Errores ubicacion,Paradas posibles,Paradas realizadas,Errores parada por tiempo excedido,Num errores por tiempo excedido
7,1,1,2,15:08:53.692,Tiempo final,Tiempo duracion,Completado,Reglas planificacion cumplidas,%Reglas respetadas ejecucion,Pasos planificados,Pasos ejecutados,Errores ejecucion,Num dormir planificado,Correctos dormir,Errores dormir,Num ubicacion planificado,Correctos ubicacion,Errores ubicacion,Paradas posibles,Paradas realizadas,Errores parada por tiempo excedido,Num errores por tiempo excedido
7,1,2,1,15:11:00.642,Tiempo final,Tiempo duracion,Completado,Reglas planificacion cumplidas,%Reglas respetadas ejecucion,Pasos planificados,Pasos ejecutados,Errores ejecucion,Num dormir planificado,Correctos dormir,Errores dormir,Num ubicacion planificado,Correctos ubicacion,Errores ubicacion,Paradas posibles,Paradas realizadas,Errores parada por tiempo excedido,Num errores por tiempo excedido
7,1,2,2,15:15:09.021,Tiempo final,Tiempo duracion,Completado,Reglas planificacion cumplidas,%Reglas respetadas ejecucion,Pasos planificados,Pasos ejecutados,Errores ejecucion,Num dormir planificado,Correctos dormir,Errores dormir,Num ubicacion planificado,Correctos ubicacion,Errores ubicacion,Paradas posibles,Paradas realizadas,Errores parada por tiempo excedido,Num errores por tiempo excedido
7,1,1,1,15:16:07.535,Tiempo final,Tiempo duracion,Completado,Reglas planificacion cumplidas,%Reglas respetadas ejecucion,Pasos planificados,Pasos ejecutados,Errores ejecucion,Num dormir planificado,Correctos dormir,Errores dormir,Num ubicacion planificado,Correctos ubicacion,Errores ubicacion,Paradas posibles,Paradas realizadas,Errores parada por tiempo excedido,Num errores por tiempo excedido
7,1,3,1,15:16:51.224,Tiempo final,Tiempo duracion,Completado,Reglas planificacion cumplidas,%Reglas respetadas ejecucion,Pasos planificados,Pasos ejecutados,Errores ejecucion,Num dormir planificado,Correctos dormir,Errores dormir,Num ubicacion planificado,Correctos ubicacion,Errores ubicacion,Paradas posibles,Paradas realizadas,Errores parada por tiempo excedido,Num errores por tiempo excedido
7,1,3,2,15:20:16.099,Tiempo final,Tiempo duracion,Completado,Reglas planificacion cumplidas,%Reglas respetadas ejecucion,Pasos planificados,Pasos ejecutados,Errores ejecucion,Num dormir planificado,Correctos dormir,Errores dormir,Num ubicacion planificado,Correctos ubicacion,Errores ubicacion,Paradas posibles,Paradas realizadas,Errores parada por tiempo excedido,Num errores por tiempo excedido
7,2,1,1,14:45:53.780,Tiempo final,Tiempo duracion,Completado,Reglas planificacion cumplidas,%Reglas respetadas ejecucion,Pasos planificados,Pasos ejecutados,Errores ejecucion,Num dormir planificado,Correctos dormir,Errores dormir,Num ubicacion planificado,Correctos ubicacion,Errores ubicacion,Paradas posibles,Paradas realizadas,Errores parada por tiempo excedido,Num errores por tiempo excedido
7,3,1,1,14:15:14.763,Tiempo final,Tiempo duracion,Completado,Reglas planificacion cumplidas,%Reglas respetadas ejecucion,Pasos planificados,Pasos ejecutados,Errores ejecucion,Num dormir planificado,Correctos dormir,Errores dormir,Num ubicacion planificado,Correctos ubicacion,Errores ubicacion,Paradas posibles,Paradas realizadas,Errores parada por tiempo excedido,Num errores por tiempo excedido
7,3,1,2,14:18:42.111,Tiempo final,Tiempo duracion,Completado,Reglas planificacion cumplidas,%Reglas respetadas ejecucion,Pasos planificados,Pasos ejecutados,Errores ejecucion,Num dormir planificado,Correctos dormir,Errores dormir,Num ubicacion planificado,Correctos ubicacion,Errores ubicacion,Paradas posibles,Paradas realizadas,Errores parada por tiempo excedido,Num errores por tiempo excedido
7,3,1,3,14:22:25.763,Tiempo final,Tiempo duracion,Completado,Reglas planificacion cumplidas,%Reglas respetadas ejecucion,Pasos planificados,Pasos ejecutados,Errores ejecucion,Num dormir planificado,Correctos dormir,Errores dormir,Num ubicacion planificado,Correctos ubicacion,Errores ubicacion,Paradas posibles,Paradas realizadas,Errores parada por tiempo excedido,Num errores por tiempo excedido
7,3,1,4,14:25:50.227,Tiempo final,Tiempo duracion,Completado,Reglas planificacion cumplidas,%Reglas respetadas ejecucion,Pasos planificados,Pasos ejecutados,Errores ejecucion,Num dormir planificado,Correctos dormir,Errores dormir,Num ubicacion planificado,Correctos ubicacion,Errores ubicacion,Paradas posibles,Paradas realizadas,Errores parada por tiempo excedido,Num errores por tiempo excedido
7,3,1,5,14:29:04.608,Tiempo final,Tiempo duracion,Completado,Reglas planificacion cumplidas,%Reglas respetadas ejecucion,Pasos planificados,Pasos ejecutados,Errores ejecucion,Num dormir planificado,Correctos dormir,Errores dormir,Num ubicacion planificado,Correctos ubicacion,Errores ubicacion,Paradas posibles,Paradas realizadas,Errores parada por tiempo excedido,Num errores por tiempo excedido
7,3,1,6,14:31:40.128,Tiempo final,Tiempo duracion,Completado,Reglas planificacion cumplidas,%Reglas respetadas ejecucion,Pasos planificados,Pasos ejecutados,Errores ejecucion,Num dormir planificado,Correctos dormir,Errores dormir,Num ubicacion planificado,Correctos ubicacion,Errores ubicacion,Paradas posibles,Paradas realizadas,Errores parada por tiempo excedido,Num errores por tiempo excedido
7,3,1,7,14:35:53.171,Tiempo final,Tiempo duracion,Completado,Reglas planificacion cumplidas,%Reglas respetadas ejecucion,Pasos planificados,Pasos ejecutados,Errores ejecucion,Num dormir planificado,Correctos dormir,Errores dormir,Num ubicacion planificado,Correctos ubicacion,Errores ubicacion,Paradas posibles,Paradas realizadas,Errores parada por tiempo excedido,Num errores por tiempo excedido
7,3,3,1,14:38:49.040,Tiempo final,Tiempo duracion,Completado,Reglas planificacion cumplidas,%Reglas respetadas ejecucion,Pasos planificados,Pasos ejecutados,Errores ejecucion,Num dormir planificado,Correctos dormir,Errores dormir,Num ubicacion planificado,Correctos ubicacion,Errores ubicacion,Paradas posibles,Paradas realizadas,Errores parada por tiempo excedido,Num errores por tiempo excedido
7,3,2,1,14:42:45.561,Tiempo final,Tiempo duracion,Completado,Reglas planificacion cumplidas,%Reglas respetadas ejecucion,Pasos planificados,Pasos ejecutados,Errores ejecucion,Num dormir planificado,Correctos dormir,Errores dormir,Num ubicacion planificado,Correctos ubicacion,Errores ubicacion,Paradas posibles,Paradas realizadas,Errores parada por tiempo excedido,Num errores por tiempo excedido
8,1,1,1,14:21:37.576,Tiempo final,Tiempo duracion,Completado,Reglas planificacion cumplidas,%Reglas respetadas ejecucion,Pasos planificados,Pasos ejecutados,Errores ejecucion,Num dormir planificado,Correctos dormir,Errores dormir,Num ubicacion planificado,Correctos ubicacion,Errores ubicacion,Paradas posibles,Paradas realizadas,Errores parada por tiempo excedido,Num errores por tiempo excedido
8,1,1,2,14:24:30.789,Tiempo final,Tiempo duracion,Completado,Reglas planificacion cumplidas,%Reglas respetadas ejecucion,Pasos planificados,Pasos ejecutados,Errores ejecucion,Num dormir planificado,Correctos dormir,Errores dormir,Num ubicacion planificado,Correctos ubicacion,Errores ubicacion,Paradas posibles,Paradas realizadas,Errores parada por tiempo excedido,Num errores por tiempo excedido
8,1,1,3,14:27:54.316,Tiempo final,Tiempo duracion,Completado,Reglas planificacion cumplidas,%Reglas respetadas ejecucion,Pasos planificados,Pasos ejecutados,Errores ejecucion,Num dormir planificado,Correctos dormir,Errores dormir,Num ubicacion planificado,Correctos ubicacion,Errores ubicacion,Paradas posibles,Paradas realizadas,Errores parada por tiempo excedido,Num errores por tiempo excedido
8,1,2,1,14:30:18.748,Tiempo final,Tiempo duracion,Completado,Reglas planificacion cumplidas,%Reglas respetadas ejecucion,Pasos planificados,Pasos ejecutados,Errores ejecucion,Num dormir planificado,Correctos dormir,Errores dormir,Num ubicacion planificado,Correctos ubicacion,Errores ubicacion,Paradas posibles,Paradas realizadas,Errores parada por tiempo excedido,Num errores por tiempo excedido
8,1,2,2,14:34:04.337,Tiempo final,Tiempo duracion,Completado,Reglas planificacion cumplidas,%Reglas respetadas ejecucion,Pasos planificados,Pasos ejecutados,Errores ejecucion,Num dormir planificado,Correctos dormir,Errores dormir,Num ubicacion planificado,Correctos ubicacion,Errores ubicacion,Paradas posibles,Paradas realizadas,Errores parada por tiempo excedido,Num errores por tiempo excedido
8,2,1,1,14:40:18.233,Tiempo final,Tiempo duracion,Completado,Reglas planificacion cumplidas,%Reglas respetadas ejecucion,Pasos planificados,Pasos ejecutados,Errores ejecucion,Num dormir planificado,Correctos dormir,Errores dormir,Num ubicacion planificado,Correctos ubicacion,Errores ubicacion,Paradas posibles,Paradas realizadas,Errores parada por tiempo excedido,Num errores por tiempo excedido
8,2,1,2,14:42:29.500,Tiempo final,Tiempo duracion,Completado,Reglas planificacion cumplidas,%Reglas respetadas ejecucion,Pasos planificados,Pasos ejecutados,Errores ejecucion,Num dormir planificado,Correctos dormir,Errores dormir,Num ubicacion planificado,Correctos ubicacion,Errores ubicacion,Paradas posibles,Paradas realizadas,Errores parada por tiempo excedido,Num errores por tiempo excedido
8,2,1,3,14:44:51.902,Tiempo final,Tiempo duracion,Completado,Reglas planificacion cumplidas,%Reglas respetadas ejecucion,Pasos planificados,Pasos ejecutados,Errores ejecucion,Num dormir planificado,Correctos dormir,Errores dormir,Num ubicacion planificado,Correctos ubicacion,Errores ubicacion,Paradas posibles,Paradas realizadas,Errores parada por tiempo excedido,Num errores por tiempo excedido
8,2,1,4,14:48:21.897,Tiempo final,Tiempo duracion,Completado,Reglas planificacion cumplidas,%Reglas respetadas ejecucion,Pasos planificados,Pasos ejecutados,Errores ejecucion,Num dormir planificado,Correctos dormir,Errores dormir,Num ubicacion planificado,Correctos ubicacion,Errores ubicacion,Paradas posibles,Paradas realizadas,Errores parada por tiempo excedido,Num errores por tiempo excedido
8,2,1,5,14:48:49.814,Tiempo final,Tiempo duracion,Completado,Reglas planificacion cumplidas,%Reglas respetadas ejecucion,Pasos planificados,Pasos ejecutados,Errores ejecucion,Num dormir planificado,Correctos dormir,Errores dormir,Num ubicacion planificado,Correctos ubicacion,Errores ubicacion,Paradas posibles,Paradas realizadas,Errores parada por tiempo excedido,Num errores por tiempo excedido
8,2,1,6,14:49:53.116,Tiempo final,Tiempo duracion,Completado,Reglas planificacion cumplidas,%Reglas respetadas ejecucion,Pasos planificados,Pasos ejecutados,Errores ejecucion,Num dormir planificado,Correctos dormir,Errores dormir,Num ubicacion planificado,Correctos ubicacion,Errores ubicacion,Paradas posibles,Paradas realizadas,Errores parada por tiempo excedido,Num errores por tiempo excedido
8,2,1,7,14:52:10.781,Tiempo final,Tiempo duracion,Completado,Reglas planificacion cumplidas,%Reglas respetadas ejecucion,Pasos planificados,Pasos ejecutados,Errores ejecucion,Num dormir planificado,Correctos dormir,Errores dormir,Num ubicacion planificado,Correctos ubicacion,Errores ubicacion,Paradas posibles,Paradas realizadas,Errores parada por tiempo excedido,Num errores por tiempo excedido
8,2,1,8,14:58:50.255,Tiempo final,Tiempo duracion,Completado,Reglas planificacion cumplidas,%Reglas respetadas ejecucion,Pasos planificados,Pasos ejecutados,Errores ejecucion,Num dormir planificado,Correctos dormir,Errores dormir,Num ubicacion planificado,Correctos ubicacion,Errores ubicacion,Paradas posibles,Paradas realizadas,Errores parada por tiempo excedido,Num errores por tiempo excedido
8,3,1,1,14:13:42.166,Tiempo final,Tiempo duracion,Completado,Reglas planificacion cumplidas,%Reglas respetadas ejecucion,Pasos planificados,Pasos ejecutados,Errores ejecucion,Num dormir planificado,Correctos dormir,Errores dormir,Num ubicacion planificado,Correctos ubicacion,Errores ubicacion,Paradas posibles,Paradas realizadas,Errores parada por tiempo excedido,Num errores por tiempo excedido
8,3,1,2,14:16:45.326,Tiempo final,Tiempo duracion,Completado,Reglas planificacion cumplidas,%Reglas respetadas ejecucion,Pasos planificados,Pasos ejecutados,Errores ejecucion,Num dormir planificado,Correctos dormir,Errores dormir,Num ubicacion planificado,Correctos ubicacion,Errores ubicacion,Paradas posibles,Paradas realizadas,Errores parada por tiempo excedido,Num errores por tiempo excedido
8,3,1,3,14:19:44.471,Tiempo final,Tiempo duracion,Completado,Reglas planificacion cumplidas,%Reglas respetadas ejecucion,Pasos planificados,Pasos ejecutados,Errores ejecucion,Num dormir planificado,Correctos dormir,Errores dormir,Num ubicacion planificado,Correctos ubicacion,Errores ubicacion,Paradas posibles,Paradas realizadas,Errores parada por tiempo excedido,Num errores por tiempo excedido
8,3,1,4,14:22:27.486,Tiempo final,Tiempo duracion,Completado,Reglas planificacion cumplidas,%Reglas respetadas ejecucion,Pasos planificados,Pasos ejecutados,Errores ejecucion,Num dormir planificado,Correctos dormir,Errores dormir,Num ubicacion planificado,Correctos ubicacion,Errores ubicacion,Paradas posibles,Paradas realizadas,Errores parada por tiempo excedido,Num errores por tiempo excedido
8,3,1,5,14:25:07.683,Tiempo final,Tiempo duracion,Completado,Reglas planificacion cumplidas,%Reglas respetadas ejecucion,Pasos planificados,Pasos ejecutados,Errores ejecucion,Num dormir planificado,Correctos dormir,Errores dormir,Num ubicacion planificado,Correctos ubicacion,Errores ubicacion,Paradas posibles,Paradas realizadas,Errores parada por tiempo excedido,Num errores por tiempo excedido
8,3,1,6,14:31:21.988,Tiempo final,Tiempo duracion,Completado,Reglas planificacion cumplidas,%Reglas respetadas ejecucion,Pasos planificados,Pasos ejecutados,Errores ejecucion,Num dormir planificado,Correctos dormir,Errores dormir,Num ubicacion planificado,Correctos ubicacion,Errores ubicacion,Paradas posibles,Paradas realizadas,Errores parada por tiempo excedido,Num errores por tiempo excedido
8,3,1,7,14:34:15.963,Tiempo final,Tiempo duracion,Completado,Reglas planificacion cumplidas,%Reglas respetadas ejecucion,Pasos planificados,Pasos ejecutados,Errores ejecucion,Num dormir planificado,Correctos dormir,Errores dormir,Num ubicacion planificado,Correctos ubicacion,Errores ubicacion,Paradas posibles,Paradas realizadas,Errores parada por tiempo excedido,Num errores por tiempo excedido
8,3,1,8,14:36:40.524,Tiempo final,Tiempo duracion,Completado,Reglas planificacion cumplidas,%Reglas respetadas ejecucion,Pasos planificados,Pasos ejecutados,Errores ejecucion,Num dormir planificado,Correctos dormir,Errores dormir,Num ubicacion planificado,Correctos ubicacion,Errores ubicacion,Paradas posibles,Paradas realizadas,Errores parada por tiempo excedido,Num errores por tiempo excedido
8,3,1,9,14:39:31.456,Tiempo final,Tiempo duracion,Completado,Reglas planificacion cumplidas,%Reglas respetadas ejecucion,Pasos planificados,Pasos ejecutados,Errores ejecucion,Num dormir planificado,Correctos dormir,Errores dormir,Num ubicacion planificado,Correctos ubicacion,Errores ubicacion,Paradas posibles,Paradas realizadas,Errores parada por tiempo excedido,Num errores por tiempo excedido
8,3,1,10,14:41:02.458,Tiempo final,Tiempo duracion,Completado,Reglas planificacion cumplidas,%Reglas respetadas ejecucion,Pasos planificados,Pasos ejecutados,Errores ejecucion,Num dormir planificado,Correctos dormir,Errores dormir,Num ubicacion planificado,Correctos ubicacion,Errores ubicacion,Paradas posibles,Paradas realizadas,Errores parada por tiempo excedido,Num errores por tiempo excedido
8,3,1,11,14:44:29.902,Tiempo final,Tiempo duracion,Completado,Reglas planificacion cumplidas,%Reglas respetadas ejecucion,Pasos planificados,Pasos ejecutados,Errores ejecucion,Num dormir planificado,Correctos dormir,Errores dormir,Num ubicacion planificado,Correctos ubicacion,Errores ubicacion,Paradas posibles,Paradas realizadas,Errores parada por tiempo excedido,Num errores por tiempo excedido
8,3,1,12,14:49:35.182,Tiempo final,Tiempo duracion,Completado,Reglas planificacion cumplidas,%Reglas respetadas ejecucion,Pasos planificados,Pasos ejecutados,Errores ejecucion,Num dormir planificado,Correctos dormir,Errores dormir,Num ubicacion planificado,Correctos ubicacion,Errores ubicacion,Paradas posibles,Paradas realizadas,Errores parada por tiempo excedido,Num errores por tiempo excedido
8,3,1,13,14:51:31.387,Tiempo final,Tiempo duracion,Completado,Reglas planificacion cumplidas,%Reglas respetadas ejecucion,Pasos planificados,Pasos ejecutados,Errores ejecucion,Num dormir planificado,Correctos dormir,Errores dormir,Num ubicacion planificado,Correctos ubicacion,Errores ubicacion,Paradas posibles,Paradas realizadas,Errores parada por tiempo excedido,Num errores por tiempo excedido
9,1,1,1,15:19:07.753,Tiempo final,Tiempo duracion,Completado,Reglas planificacion cumplidas,%Reglas respetadas ejecucion,Pasos planificados,Pasos ejecutados,Errores ejecucion,Num dormir planificado,Correctos dormir,Errores dormir,Num ubicacion planificado,Correctos ubicacion,Errores ubicacion,Paradas posibles,Paradas realizadas,Errores parada por tiempo excedido,Num errores por tiempo excedido
9,1,1,2,15:22:22.171,Tiempo final,Tiempo duracion,Completado,Reglas planificacion cumplidas,%Reglas respetadas ejecucion,Pasos planificados,Pasos ejecutados,Errores ejecucion,Num dormir planificado,Correctos dormir,Errores dormir,Num ubicacion planificado,Correctos ubicacion,Errores ubicacion,Paradas posibles,Paradas realizadas,Errores parada por tiempo excedido,Num errores por tiempo excedido
9,1,1,3,15:24:57.436,Tiempo final,Tiempo duracion,Completado,Reglas planificacion cumplidas,%Reglas respetadas ejecucion,Pasos planificados,Pasos ejecutados,Errores ejecucion,Num dormir planificado,Correctos dormir,Errores dormir,Num ubicacion planificado,Correctos ubicacion,Errores ubicacion,Paradas posibles,Paradas realizadas,Errores parada por tiempo excedido,Num errores por tiempo excedido
9,1,1,4,15:27:52.545,Tiempo final,Tiempo duracion,Completado,Reglas planificacion cumplidas,%Reglas respetadas ejecucion,Pasos planificados,Pasos ejecutados,Errores ejecucion,Num dormir planificado,Correctos dormir,Errores dormir,Num ubicacion planificado,Correctos ubicacion,Errores ubicacion,Paradas posibles,Paradas realizadas,Errores parada por tiempo excedido,Num errores por tiempo excedido
9,1,1,5,15:31:09.499,Tiempo final,Tiempo duracion,Completado,Reglas planificacion cumplidas,%Reglas respetadas ejecucion,Pasos planificados,Pasos ejecutados,Errores ejecucion,Num dormir planificado,Correctos dormir,Errores dormir,Num ubicacion planificado,Correctos ubicacion,Errores ubicacion,Paradas posibles,Paradas realizadas,Errores parada por tiempo excedido,Num errores por tiempo excedido
9,1,1,6,15:35:05.215,Tiempo final,Tiempo duracion,Completado,Reglas planificacion cumplidas,%Reglas respetadas ejecucion,Pasos planificados,Pasos ejecutados,Errores ejecucion,Num dormir planificado,Correctos dormir,Errores dormir,Num ubicacion planificado,Correctos ubicacion,Errores ubicacion,Paradas posibles,Paradas realizadas,Errores parada por tiempo excedido,Num errores por tiempo excedido
9,1,1,7,15:39:10.814,Tiempo final,Tiempo duracion,Completado,Reglas planificacion cumplidas,%Reglas respetadas ejecucion,Pasos planificados,Pasos ejecutados,Errores ejecucion,Num dormir planificado,Correctos dormir,Errores dormir,Num ubicacion planificado,Correctos ubicacion,Errores ubicacion,Paradas posibles,Paradas realizadas,Errores parada por tiempo excedido,Num errores por tiempo excedido
9,1,2,1,15:42:49.649,Tiempo final,Tiempo duracion,Completado,Reglas planificacion cumplidas,%Reglas respetadas ejecucion,Pasos planificados,Pasos ejecutados,Errores ejecucion,Num dormir planificado,Correctos dormir,Errores dormir,Num ubicacion planificado,Correctos ubicacion,Errores ubicacion,Paradas posibles,Paradas realizadas,Errores parada por tiempo excedido,Num errores por tiempo excedido
9,1,2,2,15:44:50.077,Tiempo final,Tiempo duracion,Completado,Reglas planificacion cumplidas,%Reglas respetadas ejecucion,Pasos planificados,Pasos ejecutados,Errores ejecucion,Num dormir planificado,Correctos dormir,Errores dormir,Num ubicacion planificado,Correctos ubicacion,Errores ubicacion,Paradas posibles,Paradas realizadas,Errores parada por tiempo excedido,Num errores por tiempo excedido
9,1,3,1,15:49:09.643,Tiempo final,Tiempo duracion,Completado,Reglas planificacion cumplidas,%Reglas respetadas ejecucion,Pasos planificados,Pasos ejecutados,Errores ejecucion,Num dormir planificado,Correctos dormir,Errores dormir,Num ubicacion planificado,Correctos ubicacion,Errores ubicacion,Paradas posibles,Paradas realizadas,Errores parada por tiempo excedido,Num errores por tiempo excedido
9,1,3,2,15:50:27.387,Tiempo final,Tiempo duracion,Completado,Reglas planificacion cumplidas,%Reglas respetadas ejecucion,Pasos planificados,Pasos ejecutados,Errores ejecucion,Num dormir planificado,Correctos dormir,Errores dormir,Num ubicacion planificado,Correctos ubicacion,Errores ubicacion,Paradas posibles,Paradas realizadas,Errores parada por tiempo excedido,Num errores por tiempo excedido
9,1,3,3,15:52:07.985,Tiempo final,Tiempo duracion,Completado,Reglas planificacion cumplidas,%Reglas respetadas ejecucion,Pasos planificados,Pasos ejecutados,Errores ejecucion,Num dormir planificado,Correctos dormir,Errores dormir,Num ubicacion planificado,Correctos ubicacion,Errores ubicacion,Paradas posibles,Paradas realizadas,Errores parada por tiempo excedido,Num errores por tiempo excedido
9,1,3,4,15:53:54.318,Tiempo final,Tiempo duracion,Completado,Reglas planificacion cumplidas,%Reglas respetadas ejecucion,Pasos planificados,Pasos ejecutados,Errores ejecucion,Num dormir planificado,Correctos dormir,Errores dormir,Num ubicacion planificado,Correctos ubicacion,Errores ubicacion,Paradas posibles,Paradas realizadas,Errores parada por tiempo excedido,Num errores por tiempo excedido
9,3,1,1,16:01:37.196,Tiempo final,Tiempo duracion,Completado,Reglas planificacion cumplidas,%Reglas respetadas ejecucion,Pasos planificados,Pasos ejecutados,Errores ejecucion,Num dormir planificado,Correctos dormir,Errores dormir,Num ubicacion planificado,Correctos ubicacion,Errores ubicacion,Paradas posibles,Paradas realizadas,Errores parada por tiempo excedido,Num errores por tiempo excedido
9,3,1,2,16:03:32.408,Tiempo final,Tiempo duracion,Completado,Reglas planificacion cumplidas,%Reglas respetadas ejecucion,Pasos planificados,Pasos ejecutados,Errores ejecucion,Num dormir planificado,Correctos dormir,Errores dormir,Num ubicacion planificado,Correctos ubicacion,Errores ubicacion,Paradas posibles,Paradas realizadas,Errores parada por tiempo excedido,Num errores por tiempo excedido
9,3,1,3,16:06:06.209,Tiempo final,Tiempo duracion,Completado,Reglas planificacion cumplidas,%Reglas respetadas ejecucion,Pasos planificados,Pasos ejecutados,Errores ejecucion,Num dormir planificado,Correctos dormir,Errores dormir,Num ubicacion planificado,Correctos ubicacion,Errores ubicacion,Paradas posibles,Paradas realizadas,Errores parada por tiempo excedido,Num errores por tiempo excedido
9,3,1,4,16:08:37.267,Tiempo final,Tiempo duracion,Completado,Reglas planificacion cumplidas,%Reglas respetadas ejecucion,Pasos planificados,Pasos ejecutados,Errores ejecucion,Num dormir planificado,Correctos dormir,Errores dormir,Num ubicacion planificado,Correctos ubicacion,Errores ubicacion,Paradas posibles,Paradas realizadas,Errores parada por tiempo excedido,Num errores por tiempo excedido
9,3,1,5,16:09:27.002,Tiempo final,Tiempo duracion,Completado,Reglas planificacion cumplidas,%Reglas respetadas ejecucion,Pasos planificados,Pasos ejecutados,Errores ejecucion,Num dormir planificado,Correctos dormir,Errores dormir,Num ubicacion planificado,Correctos ubicacion,Errores ubicacion,Paradas posibles,Paradas realizadas,Errores parada por tiempo excedido,Num errores por tiempo excedido
9,3,2,1,16:12:56.886,Tiempo final,Tiempo duracion,Completado,Reglas planificacion cumplidas,%Reglas respetadas ejecucion,Pasos planificados,Pasos ejecutados,Errores ejecucion,Num dormir planificado,Correctos dormir,Errores dormir,Num ubicacion planificado,Correctos ubicacion,Errores ubicacion,Paradas posibles,Paradas realizadas,Errores parada por tiempo excedido,Num errores por tiempo excedido
9,3,3,1,16:16:52.592,Tiempo final,Tiempo duracion,Completado,Reglas planificacion cumplidas,%Reglas respetadas ejecucion,Pasos planificados,Pasos ejecutados,Errores ejecucion,Num dormir planificado,Correctos dormir,Errores dormir,Num ubicacion planificado,Correctos ubicacion,Errores ubicacion,Paradas posibles,Paradas realizadas,Errores parada por tiempo excedido,Num errores por tiempo excedido
9,3,3,2,16:20:00.521,Tiempo final,Tiempo duracion,Completado,Reglas planificacion cumplidas,%Reglas respetadas ejecucion,Pasos planificados,Pasos ejecutados,Errores ejecucion,Num dormir planificado,Correctos dormir,Errores dormir,Num ubicacion planificado,Correctos ubicacion,Errores ubicacion,Paradas posibles,Paradas realizadas,Errores parada por tiempo excedido,Num errores por tiempo excedido
9,3,3,3,16:24:32.743,Tiempo final,Tiempo duracion,Completado,Reglas planificacion cumplidas,%Reglas respetadas ejecucion,Pasos planificados,Pasos ejecutados,Errores ejecucion,Num dormir planificado,Correctos dormir,Errores dormir,Num ubicacion planificado,Correctos ubicacion,Errores ubicacion,Paradas posibles,Paradas realizadas,Errores parada por tiempo excedido,Num errores por tiempo excedido
9,3,3,4,16:28:34.066,Tiempo final,Tiempo duracion,Completado,Reglas planificacion cumplidas,%Reglas respetadas ejecucion,Pasos planificados,Pasos ejecutados,Errores ejecucion,Num dormir planificado,Correctos dormir,Errores dormir,Num ubicacion planificado,Correctos ubicacion,Errores ubicacion,Paradas posibles,Paradas realizadas,Errores parada por tiempo excedido,Num errores por tiempo excedido
