ID,Sesion,Nivel,Intento,Tipo,Tiempo inicio,Tiempo respuesta,Tiempo reaccion(s),Respuesta
10,1,1,1,Parada,15:04:56.785,15:05:01.900,5.115,-
10,1,1,2,Parada,15:07:15.429,15:07:16.982,1.553,-
10,1,1,3,Parada,15:08:51.246,15:08:54.366,3.12,-
10,1,1,3,Parada,15:09:06.846,15:09:09.346,2.5,-
10,1,1,3,Ubicacion,15:09:27.279,,,Correcto
10,1,1,3,Dormir,15:10:04.109,15:10:05.277,1.168,Correcto
10,1,1,4,Parada,15:12:32.040,15:12:34.966,2.926,-
10,1,1,4,Dormir,15:12:39.607,15:12:41.742,2.135,Correcto
10,1,1,4,Dormir,15:12:48.307,15:12:49.941,1.634,Correcto
10,1,1,4,Dormir,15:12:56.540,15:12:58.574,2.034,Correcto
10,1,1,4,Ubicacion,15:13:03.606,,,Erroneo
10,1,1,4,Dormir,15:13:05.173,15:13:07.074,1.901,Correcto
10,1,1,5,Dormir,15:14:23.764,15:14:31.249,7.485,Correcto
10,1,1,5,Parada,15:14:47.223,15:14:50.885,3.662,-
10,1,1,5,Parada,15:15:03.384,15:15:06.984,3.6,-
10,1,1,5,Ubicacion,15:15:17.051,,,Correcto
10,1,1,6,Parada,15:17:56.425,15:18:00.245,3.82,-
10,1,1,6,Dormir,15:18:04.885,15:18:11.348,6.463,Correcto
10,1,1,7,Dormir,15:19:51.375,15:19:56.161,4.786,Correcto
10,1,1,7,Dormir,15:20:02.741,15:20:04.209,1.468,Correcto
10,1,1,7,Parada,15:20:12.374,15:20:14.642,2.268,-
10,1,1,7,Ubicacion,15:20:19.307,,,Erroneo
10,1,1,7,Parada,15:20:20.873,15:20:24.873,4.0,-
10,1,1,7,Parada,15:20:31.107,15:20:35.774,4.667,-
10,1,1,7,Parada,15:20:42.006,15:20:46.000,3.994,-
10,3,1,1,Dormir,14:16:44.382,14:16:46.736,2.354,Correcto
10,3,1,1,Parada,14:16:56.449,14:16:58.449,2.0,-
10,3,1,1,Parada,14:17:04.681,14:17:06.749,2.068,-
10,3,1,1,Parada,14:17:12.981,14:17:15.482,2.501,-
10,3,1,1,Ubicacion,14:17:19.315,,,Correcto
10,3,1,1,Parada,14:17:21.714,14:17:23.281,1.567,-
10,3,1,1,Ubicacion,14:17:56.646,,,Correcto
10,3,1,1,Dormir,14:17:56.113,14:17:57.813,1.7,Correcto
10,3,2,1,Parada,14:20:07.500,14:20:09.319,1.819,-
10,3,2,1,Ubicacion,14:20:28.567,,,Correcto
10,3,2,1,Parada,14:20:28.066,14:20:30.233,2.167,-
10,3,2,1,Dormir,14:20:47.398,14:20:49.965,2.567,Correcto
10,3,2,1,Parada,14:20:56.565,,Tiempo excedido,Erroneo
10,3,2,1,Parada,14:21:20.419,14:21:22.886,2.467,-
10,3,2,1,Ubicacion,14:21:46.818,,,Correcto
10,3,2,1,Dormir,14:21:55.750,14:21:58.518,2.768,Correcto
10,3,3,1,Parada,14:34:42.583,14:34:44.768,2.185,-
10,3,3,1,Parada,14:34:49.416,14:34:51.583,2.167,-
10,3,3,1,Dormir,14:34:54.682,,Tiempo excedido,Erroneo
10,3,3,1,Parada,14:35:06.315,14:35:09.216,2.901,-
10,3,3,2,Parada,14:36:30.027,14:36:33.078,3.051,-
10,3,3,2,Parada,14:36:37.727,14:36:40.395,2.668,-
10,3,3,3,Parada,14:37:13.592,14:37:15.343,1.751,-
10,3,3,3,Parada,14:37:19.991,14:37:21.526,1.535,-
10,3,3,3,Dormir,14:37:23.058,14:37:24.792,1.734,Correcto
10,3,3,3,Parada,14:37:32.958,14:37:34.559,1.601,-
10,3,3,3,Ubicacion,14:37:36.592,,,Correcto
10,3,3,3,Parada,14:37:39.224,14:37:41.658,2.434,-
10,3,3,3,Dormir,14:38:05.123,14:38:06.724,1.601,Correcto
10,3,3,3,Ubicacion,14:38:11.756,,,Erroneo
10,3,3,4,Dormir,14:38:54.254,14:38:57.339,3.085,Correcto
10,3,3,4,Dormir,14:39:03.920,14:39:05.221,1.301,Correcto
10,3,3,4,Ubicacion,14:39:09.954,,,Correcto
10,3,3,4,Parada,14:39:11.820,14:39:13.920,2.1,-
10,3,3,4,Parada,14:39:18.553,14:39:20.054,1.501,-
10,3,3,4,Parada,14:39:24.719,14:39:25.753,1.034,-
10,3,3,4,Parada,14:39:30.419,14:39:32.553,2.134,-
10,3,3,4,Ubicacion,14:39:48.785,,,Correcto
11,1,1,1,Parada,14:23:07.307,14:23:10.920,3.613,-
11,1,1,2,Parada,14:24:35.626,14:24:38.178,2.552,-
11,1,1,4,Dormir,14:28:55.524,14:29:00.810,5.286,Correcto
11,1,1,4,Dormir,14:29:07.389,14:29:10.143,2.754,Erroneo
11,1,1,5,Dormir,14:29:57.387,14:29:59.107,1.72,Correcto
11,1,1,5,Dormir,14:30:05.687,14:30:06.988,1.301,Correcto
11,1,1,5,Parada,14:30:13.586,14:30:16.554,2.968,-
11,1,1,5,Parada,14:30:22.786,14:30:25.453,2.667,-
11,1,1,5,Ubicacion,14:30:26.985,,,Erroneo
11,1,1,5,Parada,14:30:31.652,14:30:33.453,1.801,-
11,1,1,5,Parada,14:30:39.685,14:30:41.153,1.468,-
11,1,1,5,Ubicacion,14:31:11.518,,,Correcto
11,1,1,6,Dormir,14:32:09.203,14:32:11.555,2.352,Correcto
11,1,1,6,Dormir,14:32:18.136,14:32:19.470,1.334,Correcto
11,1,1,6,Parada,14:32:26.069,14:32:27.704,1.635,-
11,1,1,6,Ubicacion,14:32:32.569,,,Correcto
11,1,1,6,Parada,14:32:33.935,14:32:35.636,1.701,-
11,1,1,6,Parada,14:32:41.868,14:32:43.335,1.467,-
11,1,1,6,Parada,14:32:49.568,14:32:51.035,1.467,-
11,1,1,6,Ubicacion,14:33:08.700,,,Correcto
11,1,2,1,Parada,14:35:23.961,14:35:25.813,1.852,-
11,1,2,1,Parada,14:35:44.559,14:35:46.627,2.068,-
11,1,2,1,Dormir,14:35:54.426,14:35:55.859,1.433,Correcto
11,1,2,1,Dormir,14:36:02.458,14:36:04.992,2.534,Correcto
11,1,2,1,Ubicacion,14:36:17.857,,,Erroneo
11,1,2,1,Parada,14:36:19.424,14:36:21.677,2.253,-
11,1,2,2,Parada,14:37:16.849,14:37:18.902,2.053,-
11,1,2,2,Ubicacion,14:37:38.210,,,Correcto
11,1,2,2,Parada,14:37:37.641,14:37:39.643,2.002,-
11,1,2,2,Dormir,14:37:58.380,14:37:59.415,1.035,Correcto
11,1,2,2,Dormir,14:38:06.013,14:38:07.080,1.067,Correcto
11,1,2,2,Parada,14:38:13.680,14:38:16.199,2.519,-
11,1,2,3,Parada,14:39:19.893,14:39:21.613,1.72,-
11,1,2,3,Ubicacion,14:39:30.127,,,Correcto
11,1,2,3,Dormir,14:39:38.792,14:39:39.926,1.134,Correcto
11,1,2,3,Parada,14:39:46.525,14:39:48.626,2.101,-
11,1,2,3,Dormir,14:39:54.858,14:39:55.825,0.967,Correcto
11,1,2,3,Parada,14:40:13.390,,Tiempo excedido,Erroneo
11,1,2,3,Ubicacion,14:40:32.945,,,Correcto
11,1,2,3,Parada,14:40:37.212,14:40:41.379,4.167,-
11,1,3,1,Parada,14:43:15.954,14:43:18.040,2.086,-
11,1,3,1,Parada,14:43:22.686,14:43:24.421,1.735,-
11,1,3,1,Parada,14:43:29.053,14:43:30.554,1.501,-
11,1,3,1,Parada,14:43:35.219,14:43:36.854,1.635,-
11,1,3,1,Dormir,14:43:41.519,14:43:42.753,1.234,Correcto
11,1,3,1,Ubicacion,14:43:47.785,,,Erroneo
11,1,3,2,Parada,14:44:57.038,14:44:59.385,2.347,-
11,1,3,2,Dormir,14:45:02.437,14:45:04.638,2.201,Correcto
11,1,3,2,Dormir,14:45:11.237,14:45:15.871,4.634,Correcto
11,1,3,2,Ubicacion,14:45:21.003,,,Correcto
11,1,3,2,Parada,14:45:22.469,14:45:25.204,2.735,-
11,1,3,2,Parada,14:45:29.869,14:45:31.237,1.368,-
11,1,3,2,Parada,14:45:35.869,14:45:36.903,1.034,-
11,1,3,2,Ubicacion,14:45:59.368,,,Correcto
11,3,1,1,Dormir,14:15:54.268,14:15:56.354,2.086,Correcto
11,3,1,1,Parada,14:16:02.913,14:16:04.780,1.867,-
11,3,1,1,Parada,14:16:11.012,14:16:15.347,4.335,-
11,3,1,1,Parada,14:16:21.579,14:16:23.213,1.634,-
11,3,1,1,Dormir,14:16:24.745,14:16:25.913,1.168,Correcto
11,3,1,1,Ubicacion,14:16:30.945,,,Erroneo
11,3,1,2,Parada,14:17:24.298,14:17:25.917,1.619,-
11,3,1,2,Parada,14:17:32.131,14:17:34.098,1.967,-
11,3,1,2,Dormir,14:17:37.197,14:17:38.331,1.134,Correcto
11,3,1,3,Parada,14:18:35.700,14:18:36.653,0.953,-
11,3,1,3,Parada,14:18:42.866,14:18:43.980,1.114,-
11,3,1,3,Dormir,14:18:45.500,14:18:46.734,1.234,Correcto
11,3,1,3,Parada,14:18:56.466,14:18:57.500,1.034,-
11,3,1,3,Ubicacion,14:19:04.733,,,Correcto
11,3,1,3,Parada,14:19:03.732,14:19:05.499,1.767,-
11,3,1,3,Dormir,14:19:16.431,14:19:23.865,7.434,Correcto
11,3,1,3,Ubicacion,14:19:48.497,,,Correcto
11,3,2,1,Parada,14:21:13.415,14:21:15.868,2.453,-
11,3,2,1,Ubicacion,14:21:35.214,,,Correcto
11,3,2,1,Parada,14:21:34.580,14:21:36.881,2.301,-
11,3,2,1,Dormir,14:21:55.646,14:21:56.580,0.934,Correcto
11,3,2,1,Parada,14:22:03.179,14:22:04.746,1.567,-
11,3,2,1,Dormir,14:22:20.378,14:22:21.378,1.0,Correcto
11,3,2,1,Parada,14:22:29.544,14:22:32.545,3.001,-
11,3,2,1,Ubicacion,14:22:38.711,,,Correcto
11,3,3,1,Dormir,14:25:38.224,14:25:40.610,2.386,Correcto
11,3,3,1,Parada,14:25:47.157,14:25:49.491,2.334,-
11,3,3,1,Parada,14:25:54.156,14:25:56.157,2.001,-
11,3,3,1,Parada,14:26:00.823,14:26:02.457,1.634,-
11,3,3,1,Ubicacion,14:26:07.123,,,Erroneo
11,3,3,1,Parada,14:26:07.122,14:26:08.723,1.601,-
11,3,3,2,Dormir,14:27:05.353,14:27:06.705,1.352,Correcto
11,3,3,2,Parada,14:27:13.286,14:27:15.420,2.134,-
11,3,3,2,Parada,14:27:20.086,14:27:21.620,1.534,-
11,3,3,2,Parada,14:27:26.285,14:27:27.719,1.434,-
11,3,3,2,Ubicacion,14:27:28.152,,,Correcto
11,3,3,2,Parada,14:27:32.385,14:27:33.719,1.334,-
11,3,3,2,Dormir,14:27:36.784,14:27:38.152,1.368,Correcto
11,3,3,2,Ubicacion,14:27:57.917,,,Correcto
13,1,1,1,Parada,14:20:52.039,14:20:53.658,1.619,-
13,1,1,2,Dormir,14:23:35.432,14:23:37.151,1.719,Correcto
13,1,1,2,Parada,14:23:43.731,14:23:45.884,2.153,-
13,1,1,2,Parada,14:23:58.364,14:24:00.265,1.901,-
13,1,1,2,Ubicacion,14:24:20.830,,,Correcto
13,1,1,3,Dormir,14:26:15.724,14:26:19.010,3.286,Correcto
13,1,2,1,Parada,14:27:24.965,14:27:29.084,4.119,-
13,1,2,1,Parada,14:27:47.830,14:27:49.632,1.802,-
13,1,2,1,Dormir,14:28:06.830,14:28:08.063,1.233,Correcto
13,1,2,1,Parada,14:28:14.662,14:28:16.348,1.686,-
13,1,2,1,Parada,14:28:35.095,14:28:37.929,2.834,-
13,1,2,1,Ubicacion,14:29:38.009,,,Correcto
13,1,3,2,Dormir,14:31:40.641,14:31:42.294,1.653,Correcto
13,1,3,2,Parada,14:31:48.874,14:31:50.141,1.267,-
13,1,3,2,Parada,14:31:59.507,,Tiempo excedido,Erroneo
13,1,3,2,Ubicacion,14:32:14.273,,,Erroneo
13,1,3,2,Parada,14:32:18.948,14:32:20.479,1.531,-
13,1,3,3,Dormir,14:32:46.627,14:32:47.646,1.019,Correcto
13,1,3,3,Parada,14:32:54.227,14:32:56.061,1.834,-
13,1,3,3,Parada,14:33:05.426,14:33:07.179,1.753,-
13,1,3,3,Ubicacion,14:33:07.726,,,Correcto
13,1,3,3,Parada,14:33:16.493,14:33:17.559,1.066,-
13,1,3,3,Parada,14:33:26.925,14:33:28.259,1.334,-
13,3,1,1,Dormir,14:17:13.896,14:17:18.182,4.286,Correcto
13,3,1,1,Parada,14:17:24.745,14:17:29.613,4.868,-
13,3,1,1,Parada,14:17:42.111,14:17:44.445,2.334,-
13,3,1,1,Parada,14:17:56.944,14:17:58.378,1.434,-
13,3,1,1,Ubicacion,14:18:00.378,,,Correcto
13,3,1,1,Parada,14:18:10.876,14:18:12.377,1.501,-
13,3,1,2,Parada,14:22:38.102,14:22:40.556,2.454,-
13,3,1,2,Parada,14:22:46.769,14:22:48.869,2.1,-
13,3,1,2,Dormir,14:22:53.535,14:22:55.069,1.534,Correcto
13,3,1,2,Parada,14:23:01.668,14:23:02.968,1.3,-
13,3,1,2,Dormir,14:23:06.067,14:23:06.835,0.768,Correcto
13,3,1,2,Parada,14:23:15.001,14:23:16.501,1.5,-
13,3,1,2,Ubicacion,14:23:44.233,,,Correcto
13,3,1,3,Dormir,14:26:33.096,14:26:36.016,2.92,Correcto
13,3,1,3,Parada,14:26:42.596,14:26:44.629,2.033,-
13,3,1,3,Dormir,14:26:47.696,14:26:49.030,1.334,Correcto
13,3,1,3,Parada,14:26:57.195,14:27:02.062,4.867,-
13,3,1,3,Parada,14:27:08.294,14:27:10.462,2.168,-
13,3,1,3,Parada,14:27:16.694,14:27:18.395,1.701,-
13,3,1,3,Ubicacion,14:27:50.126,,,Correcto
13,3,2,1,Parada,14:31:14.099,14:31:15.652,1.553,-
13,3,2,1,Dormir,14:31:23.432,14:31:25.333,1.901,Correcto
13,3,2,1,Dormir,14:31:39.765,14:31:40.865,1.1,Correcto
13,3,2,1,Parada,14:31:47.464,,Tiempo excedido,Erroneo
13,3,2,2,Parada,14:33:00.644,14:33:01.997,1.353,-
13,3,2,2,Dormir,14:33:09.777,14:33:11.311,1.534,Correcto
13,3,2,2,Dormir,14:33:25.709,14:33:26.343,0.634,Correcto
13,3,2,2,Parada,14:33:32.942,14:33:35.276,2.334,-
13,3,2,2,Ubicacion,14:33:53.042,,,Correcto
13,3,2,2,Parada,14:33:54.041,14:33:55.594,1.553,-
13,3,2,2,Parada,14:34:14.340,14:34:16.041,1.701,-
13,3,3,1,Parada,14:37:22.425,14:37:25.211,2.786,-
13,3,3,1,Dormir,14:37:29.858,14:37:33.026,3.168,Correcto
13,3,3,1,Parada,14:37:39.624,14:37:42.625,3.001,-
13,3,3,1,Dormir,14:37:44.157,14:37:46.458,2.301,Correcto
13,3,3,1,Ubicacion,14:37:51.490,,,Erroneo
13,3,3,2,Dormir,14:39:05.981,14:39:07.034,1.053,Correcto
13,3,3,2,Dormir,14:39:13.615,14:39:15.082,1.467,Correcto
13,3,3,2,Parada,14:39:21.681,14:39:22.982,1.301,-
13,3,3,2,Ubicacion,14:39:23.648,,,Correcto
13,3,3,2,Parada,14:39:27.647,14:39:29.214,1.567,-
13,3,3,2,Parada,14:39:33.880,14:39:35.914,2.034,-
13,3,3,2,Parada,14:39:40.580,14:39:42.380,1.8,-
13,3,3,2,Ubicacion,14:40:03.212,,,Correcto
15,1,1,2,Parada,15:09:47.278,15:09:55.471,8.193,-
15,1,1,3,Parada,15:12:27.054,15:12:28.974,1.92,-
15,1,2,1,Parada,15:15:41.053,,Tiempo excedido,Erroneo
15,1,2,1,Parada,15:16:14.313,,Tiempo excedido,Erroneo
15,1,2,2,Parada,15:19:32.664,15:19:35.417,2.753,-
15,1,2,2,Parada,15:20:03.563,15:20:07.463,3.9,-
16,1,1,1,Parada,15:31:22.988,15:31:26.642,3.654,-
16,1,1,3,Parada,15:35:46.403,15:35:50.889,4.486,-
16,1,1,3,Parada,15:36:03.369,15:36:08.521,5.152,-
16,1,1,3,Ubicacion,15:36:13.369,,,Correcto
16,1,1,4,Parada,15:38:33.417,15:38:40.603,7.186,-
16,1,1,4,Ubicacion,15:38:59.350,,,Erroneo
16,1,1,4,Parada,15:38:59.349,15:39:01.784,2.435,-
16,1,2,1,Parada,15:41:56.613,15:42:00.731,4.118,-
16,1,2,1,Parada,15:42:19.478,,Tiempo excedido,Erroneo
16,1,2,1,Ubicacion,15:42:30.811,,,Erroneo
16,1,1,1,Parada,15:44:22.006,15:44:25.592,3.586,-
16,1,1,1,Ubicacion,15:44:35.105,,,Correcto
16,1,1,1,Parada,15:44:44.338,15:44:46.290,1.952,-
16,1,2,1,Parada,15:48:29.660,15:48:32.046,2.386,-
16,1,2,1,Dormir,15:48:47.659,15:48:49.812,2.153,Correcto
16,1,2,1,Ubicacion,15:48:54.826,,,Erroneo
16,1,2,1,Parada,15:48:57.959,,Tiempo excedido,Erroneo
16,1,2,1,Parada,15:49:21.825,15:49:24.758,2.933,-
16,1,2,2,Dormir,15:51:52.867,15:51:54.653,1.786,Correcto
16,1,2,2,Parada,15:52:01.233,15:52:03.019,1.786,-
16,1,2,2,Ubicacion,15:52:09.534,,,Correcto
16,1,2,2,Parada,15:52:21.766,15:52:23.867,2.101,-
16,1,2,2,Parada,15:52:42.631,15:52:45.398,2.767,-
16,1,2,2,Parada,15:53:04.163,15:53:05.964,1.801,-
16,3,1,1,Parada,15:02:06.236,15:02:09.621,3.385,-
16,3,1,1,Dormir,15:02:20.534,15:02:22.102,1.568,Correcto
16,3,1,1,Parada,15:02:28.701,15:02:30.620,1.919,-
16,3,1,1,Ubicacion,15:02:32.701,,,Correcto
16,3,1,2,Dormir,15:05:22.593,15:05:24.212,1.619,Correcto
16,3,1,2,Parada,15:05:30.793,15:05:32.811,2.018,-
16,3,1,2,Parada,15:05:45.225,,Tiempo excedido,Erroneo
16,3,1,2,Ubicacion,15:05:57.559,,,Correcto
16,3,2,1,Parada,15:08:58.877,15:09:00.865,1.988,-
16,3,2,1,Dormir,15:09:18.042,15:09:19.779,1.737,Correcto
16,3,2,1,Parada,15:09:26.377,15:09:28.780,2.403,-
16,3,2,1,Parada,15:09:47.507,15:09:49.176,1.669,-
16,3,2,2,Parada,15:13:08.046,15:13:09.767,1.721,-
16,3,2,2,Dormir,15:13:17.548,15:13:18.614,1.066,Correcto
16,3,2,2,Parada,15:13:34.613,15:13:36.832,2.219,-
16,3,2,2,Ubicacion,15:13:51.012,,,Correcto
16,3,2,2,Parada,15:13:55.577,15:13:57.846,2.269,-
16,3,3,1,Parada,15:17:04.769,15:17:07.421,2.652,-
16,3,3,1,Dormir,15:17:10.502,15:17:12.137,1.635,Correcto
16,3,3,1,Parada,15:17:23.401,15:17:25.687,2.286,-
16,3,3,1,Ubicacion,15:17:26.235,,,Correcto
16,3,1,1,Parada,15:21:39.539,,Tiempo excedido,Erroneo
16,3,1,1,Parada,15:21:55.872,15:21:58.290,2.418,-
16,3,1,1,Dormir,15:22:01.372,15:22:03.739,2.367,Correcto
16,3,1,1,Parada,15:22:11.904,15:22:14.338,2.434,-
16,3,1,1,Parada,15:22:20.571,15:22:22.438,1.867,-
16,3,1,1,Ubicacion,15:22:23.037,,,Correcto
16,3,1,1,Dormir,15:22:28.637,15:22:30.737,2.1,Correcto
16,3,1,1,Ubicacion,15:23:01.385,,,Correcto
16,3,2,1,Parada,15:26:45.691,15:26:47.242,1.551,-
16,3,2,1,Dormir,15:26:55.024,15:26:56.758,1.734,Correcto
16,3,2,1,Parada,15:27:12.756,,Tiempo excedido,Erroneo
16,3,2,1,Ubicacion,15:27:34.390,,,Correcto
16,3,2,1,Parada,15:27:36.622,,Tiempo excedido,Erroneo
16,3,2,1,Dormir,15:27:55.787,15:27:57.488,1.701,Correcto
16,3,2,1,Parada,15:28:07.221,15:28:08.887,1.666,-
16,3,2,1,Ubicacion,15:28:40.747,,,Correcto
16,3,3,1,Parada,15:32:42.334,15:32:49.754,7.42,-
16,3,3,1,Parada,15:32:54.401,15:32:56.121,1.72,-
16,3,3,1,Dormir,15:32:57.633,15:32:59.002,1.369,Correcto
16,3,3,1,Parada,15:33:07.166,15:33:09.034,1.868,-
16,3,3,1,Ubicacion,15:33:12.132,,,Erroneo
16,3,3,1,Parada,15:33:13.700,15:33:18.700,5.0,-
16,3,3,1,Dormir,15:33:20.232,15:33:22.033,1.801,Correcto
16,3,3,1,Ubicacion,15:33:42.398,,,Correcto
17,1,1,1,Parada,14:23:32.293,14:23:36.613,4.32,-
17,1,1,2,Parada,14:26:07.402,14:26:11.355,3.953,-
17,1,1,3,Dormir,14:28:41.461,14:28:44.713,3.252,Correcto
17,1,1,3,Parada,14:28:54.427,14:28:57.813,3.386,-
17,1,1,3,Dormir,14:29:07.125,14:29:08.588,1.463,Correcto
17,1,1,4,Dormir,14:30:32.310,14:30:35.975,3.665,Correcto
17,1,1,4,Parada,14:30:45.655,14:30:47.608,1.953,-
17,1,1,4,Dormir,14:30:56.921,14:30:58.788,1.867,Correcto
17,1,1,4,Ubicacion,14:31:03.820,,,Erroneo
17,1,1,5,Dormir,14:31:54.008,14:31:55.260,1.252,Correcto
17,1,1,5,Dormir,14:32:01.840,14:32:04.441,2.601,Correcto
17,1,1,6,Parada,14:32:57.676,14:33:01.163,3.487,-
17,1,1,6,Dormir,14:33:29.208,14:33:30.494,1.286,Correcto
17,1,1,6,Dormir,14:33:41.774,14:33:47.508,5.734,Correcto
17,1,1,6,Ubicacion,14:34:05.107,,,Correcto
17,1,1,6,Ubicacion,14:34:11.773,,,Correcto
17,1,1,7,Parada,14:35:45.252,14:35:47.171,1.919,-
17,1,1,7,Parada,14:35:53.368,14:35:54.620,1.252,-
17,1,1,7,Dormir,14:36:02.401,14:36:03.468,1.067,Correcto
17,1,1,7,Dormir,14:36:21.033,14:36:21.901,0.868,Correcto
17,1,1,7,Ubicacion,14:36:33.633,,,Correcto
17,1,1,8,Parada,14:37:37.868,14:37:39.687,1.819,-
17,1,1,8,Parada,14:37:45.901,14:37:47.253,1.352,-
17,1,1,9,Parada,14:38:21.538,14:38:22.458,0.92,-
17,1,1,9,Parada,14:38:28.649,14:38:29.768,1.119,-
17,1,1,9,Parada,14:38:35.982,14:38:36.716,0.734,-
17,1,1,9,Dormir,14:38:42.950,14:38:45.782,2.832,Correcto
17,1,1,9,Parada,14:38:52.381,14:38:54.399,2.018,-
17,1,1,9,Dormir,14:38:57.498,14:38:58.866,1.368,Correcto
17,1,1,9,Ubicacion,14:39:10.603,,,Correcto
17,1,1,9,Ubicacion,14:39:22.702,,,Correcto
17,1,2,1,Parada,14:41:29.872,14:41:31.192,1.32,-
17,1,2,1,Parada,14:41:49.939,14:41:52.107,2.168,-
17,1,2,1,Ubicacion,14:41:55.206,,,Erroneo
17,1,2,2,Dormir,14:43:05.558,14:43:06.710,1.152,Correcto
17,1,2,2,Dormir,14:43:13.291,14:43:14.458,1.167,Correcto
17,1,2,2,Parada,14:43:27.323,14:43:28.643,1.32,-
17,1,2,2,Parada,14:43:47.389,14:43:50.790,3.401,-
17,1,2,2,Ubicacion,14:44:03.422,,,Correcto
17,1,2,2,Parada,14:44:09.554,14:44:11.289,1.735,-
17,1,2,2,Parada,14:44:30.053,14:44:31.854,1.801,-
17,1,2,2,Ubicacion,14:44:41.421,,,Correcto
17,1,3,1,Dormir,14:46:39.525,14:46:40.678,1.153,Correcto
17,1,3,1,Dormir,14:46:47.257,14:46:48.125,0.868,Correcto
17,1,3,1,Ubicacion,14:46:53.252,,,Correcto
17,1,3,1,Parada,14:46:54.718,14:46:55.919,1.201,-
17,1,3,1,Parada,14:47:00.579,14:47:01.999,1.42,-
17,1,3,1,Parada,14:47:06.646,14:47:08.446,1.8,-
17,1,3,1,Ubicacion,14:47:09.146,,,Correcto
17,1,3,1,Parada,14:47:13.112,14:47:14.313,1.201,-
17,1,3,1,Ubicacion,14:47:23.112,,,Correcto
17,3,1,1,Parada,14:16:48.562,14:16:50.711,2.149,-
17,3,1,1,Dormir,14:16:53.795,14:16:55.413,1.618,Correcto
17,3,1,1,Parada,14:17:03.561,14:17:04.628,1.067,-
17,3,1,1,Dormir,14:17:06.161,14:17:07.162,1.001,Correcto
17,3,1,1,Parada,14:17:16.894,14:17:17.761,0.867,-
17,3,1,1,Parada,14:17:23.993,14:17:25.261,1.268,-
17,3,1,1,Ubicacion,14:17:36.193,,,Erroneo
17,3,1,2,Parada,14:18:28.413,14:18:31.066,2.653,-
17,3,1,2,Dormir,14:19:09.900,14:19:10.967,1.067,Correcto
17,3,1,2,Parada,14:19:17.566,14:19:18.667,1.101,-
17,3,1,2,Dormir,14:19:21.765,14:19:22.933,1.168,Correcto
17,3,1,2,Ubicacion,14:19:26.933,,,Correcto
17,3,1,2,Parada,14:19:31.099,14:19:32.566,1.467,-
17,3,1,2,Parada,14:20:36.006,14:20:37.492,1.486,-
17,3,1,3,Parada,14:24:42.872,14:24:46.324,3.452,-
17,3,1,3,Parada,14:24:52.538,14:24:53.823,1.285,-
17,3,1,3,Parada,14:25:00.037,14:25:01.839,1.802,-
17,3,1,3,Parada,14:25:08.071,14:25:09.605,1.534,-
17,3,1,3,Dormir,14:26:34.989,14:26:39.656,4.667,Correcto
17,3,1,3,Dormir,14:26:46.255,14:26:47.321,1.066,Correcto
17,3,1,3,Ubicacion,14:26:49.022,,,Correcto
17,3,1,4,Parada,14:31:37.124,14:31:39.410,2.286,-
17,3,1,4,Parada,14:31:45.624,14:31:46.842,1.218,-
17,3,2,1,Parada,14:33:49.979,14:33:52.297,2.318,-
17,3,2,1,Ubicacion,14:34:10.012,,,Correcto
17,3,2,1,Parada,14:34:11.044,14:34:12.245,1.201,-
17,3,2,1,Parada,14:34:30.977,14:34:33.929,2.952,-
17,3,2,1,Dormir,14:34:36.976,14:34:38.378,1.402,Correcto
17,3,2,1,Dormir,14:34:53.313,14:34:56.258,2.945,Correcto
17,3,2,1,Parada,14:35:07.574,14:35:12.077,4.503,-
17,3,3,1,Parada,14:40:39.920,14:40:41.444,1.524,-
17,3,3,1,Parada,14:40:50.879,14:40:52.497,1.618,-
17,3,3,1,Parada,14:40:58.469,14:41:00.637,2.168,-
17,3,3,1,Parada,14:41:09.492,14:41:11.025,1.533,-
17,3,3,1,Dormir,14:41:17.972,14:41:19.442,1.47,Correcto
17,3,3,1,Dormir,14:41:33.350,14:41:34.220,0.87,Correcto
17,3,3,1,Ubicacion,14:41:39.217,,,Correcto
17,3,3,1,Ubicacion,14:41:58.838,,,Correcto
17,3,1,1,Parada,14:44:34.819,,Tiempo excedido,Erroneo
18,1,1,1,Parada,14:42:46.084,14:42:49.470,3.386,-
18,1,1,2,Dormir,14:46:08.040,14:46:13.326,5.286,Correcto
18,1,1,3,Dormir,14:48:48.349,14:48:49.569,1.22,Correcto
18,1,1,3,Parada,14:48:59.281,14:49:04.682,5.401,-
18,1,1,3,Parada,14:49:10.915,14:49:13.682,2.767,-
18,1,1,3,Ubicacion,14:49:24.614,,,Erroneo
18,1,1,3,Ubicacion,14:49:30.880,,,Erroneo
18,1,1,3,Ubicacion,14:50:02.211,,,Erroneo
18,1,1,4,Dormir,14:51:30.636,14:51:31.889,1.253,Correcto
18,1,1,4,Ubicacion,14:51:36.902,,,Erroneo
18,1,1,5,Parada,14:52:07.889,14:52:10.475,2.586,-
18,1,1,5,Dormir,14:52:17.522,14:52:18.808,1.286,Correcto
18,1,1,5,Dormir,14:52:25.388,14:52:27.189,1.801,Correcto
18,1,1,5,Parada,14:52:33.788,14:52:35.522,1.734,-
18,1,1,5,Ubicacion,14:52:57.887,,,Correcto
18,1,1,5,Ubicacion,14:53:10.420,,,Correcto
18,1,1,5,Ubicacion,14:53:22.986,,,Correcto
18,1,1,6,Parada,14:54:21.883,14:54:22.769,0.886,-
18,1,1,6,Dormir,14:54:27.382,14:54:28.583,1.201,Correcto
18,1,1,6,Dormir,14:54:35.182,14:54:36.149,0.967,Correcto
18,1,1,6,Ubicacion,14:54:38.282,,,Correcto
18,1,1,6,Parada,14:54:42.748,14:54:46.883,4.135,-
18,1,1,6,Ubicacion,14:55:11.981,,,Correcto
18,1,1,6,Ubicacion,14:55:21.747,,,Correcto
18,1,1,1,Dormir,14:57:45.912,14:57:47.165,1.253,Correcto
18,1,1,2,Parada,14:58:32.937,14:58:35.023,2.086,-
18,1,1,2,Dormir,14:58:39.670,14:58:40.704,1.034,Correcto
18,1,1,2,Dormir,14:58:47.303,14:58:47.870,0.567,Correcto
18,1,1,2,Ubicacion,14:58:49.937,,,Correcto
18,1,1,2,Parada,14:58:54.469,14:58:55.570,1.101,-
18,1,1,2,Parada,14:59:01.801,14:59:02.770,0.969,-
18,1,1,2,Ubicacion,14:59:03.169,,,Correcto
18,1,1,2,Parada,14:59:09.001,14:59:10.837,1.836,-
18,1,1,2,Ubicacion,14:59:17.235,,,Correcto
18,1,2,1,Parada,15:01:29.700,15:01:32.254,2.554,-
18,1,2,1,Parada,15:01:50.938,15:01:51.919,0.981,-
18,1,2,1,Parada,15:02:10.670,15:02:12.205,1.535,-
18,1,2,1,Dormir,15:02:15.305,15:02:16.138,0.833,Correcto
18,1,2,1,Ubicacion,15:02:16.504,,,Correcto
18,1,2,1,Dormir,15:02:30.570,15:02:32.804,2.234,Correcto
18,1,2,1,Parada,15:02:44.103,15:02:45.870,1.767,-
18,1,2,1,Ubicacion,15:03:26.767,,,Correcto
18,1,3,1,Parada,15:05:44.599,15:05:45.819,1.22,-
18,1,3,1,Parada,15:05:50.466,15:05:52.433,1.967,-
18,1,3,1,Parada,15:05:57.099,15:05:58.566,1.467,-
18,1,3,1,Parada,15:06:03.231,15:06:04.266,1.035,-
18,1,3,1,Dormir,15:06:05.799,15:06:07.199,1.4,Correcto
18,1,3,1,Ubicacion,15:06:12.230,,,Erroneo
18,1,3,2,Dormir,15:07:28.527,15:07:30.441,1.914,Correcto
18,1,3,2,Parada,15:07:37.017,15:07:39.122,2.105,-
18,1,3,2,Parada,15:07:43.782,15:07:44.916,1.134,-
18,1,3,2,Parada,15:07:49.581,15:07:51.449,1.868,-
18,1,3,2,Parada,15:07:56.114,15:07:57.449,1.335,-
18,1,3,2,Dormir,15:08:00.547,15:08:02.416,1.869,Correcto
18,1,3,2,Ubicacion,15:08:07.448,,,Erroneo
18,1,3,3,Parada,15:10:24.979,15:10:26.666,1.687,-
18,1,3,3,Parada,15:10:31.312,15:10:32.481,1.169,-
18,1,3,3,Parada,15:10:37.146,15:10:39.613,2.467,-
18,1,3,3,Parada,15:10:44.281,15:10:45.898,1.617,-
18,3,1,1,Dormir,15:08:19.539,15:08:20.946,1.407,Correcto
18,3,1,1,Parada,15:08:27.539,15:08:28.407,0.868,-
18,3,1,1,Parada,15:08:34.639,15:08:35.826,1.187,-
18,3,1,1,Dormir,15:08:42.038,15:08:42.874,0.836,Correcto
18,3,1,1,Ubicacion,15:08:47.904,,,Erroneo
18,3,1,2,Parada,15:10:46.932,15:10:48.352,1.42,-
18,3,1,2,Dormir,15:10:52.998,15:10:54.068,1.07,Correcto
18,3,1,2,Parada,15:11:00.659,15:11:02.534,1.875,-
18,3,1,2,Ubicacion,15:11:07.366,,,Correcto
18,3,1,2,Parada,15:11:08.767,15:11:10.233,1.466,-
18,3,1,2,Parada,15:11:16.465,15:11:17.766,1.301,-
18,3,1,2,Dormir,15:11:31.831,15:11:32.369,0.538,Correcto
18,3,1,2,Ubicacion,15:11:32.632,,,Correcto
18,3,1,2,Ubicacion,15:11:56.364,,,Correcto
18,3,2,1,Parada,15:14:03.378,15:14:05.331,1.953,-
18,3,2,1,Ubicacion,15:14:22.579,,,Correcto
18,3,2,1,Dormir,15:14:22.510,,Tiempo excedido,Erroneo
18,3,2,1,Parada,15:14:29.143,15:14:30.278,1.135,-
18,3,2,2,Parada,15:16:24.054,15:16:25.275,1.221,-
18,3,2,2,Ubicacion,15:16:40.995,,,Correcto
18,3,2,2,Dormir,15:16:40.854,15:16:42.340,1.486,Correcto
18,3,2,2,Parada,15:16:50.487,15:16:53.922,3.435,-
18,3,2,2,Parada,15:17:12.652,15:17:13.787,1.135,-
18,3,2,2,Dormir,15:17:18.454,15:17:20.354,1.9,Correcto
18,3,2,2,Parada,15:17:39.485,15:17:40.720,1.235,-
18,3,2,2,Ubicacion,15:17:44.219,,,Correcto
18,3,3,1,Dormir,15:20:33.025,15:20:34.545,1.52,Correcto
18,3,3,1,Parada,15:20:41.114,15:20:42.483,1.369,-
18,3,3,1,Parada,15:20:47.148,15:20:49.016,1.868,-
18,3,3,1,Parada,15:20:53.681,15:20:56.782,3.101,-
18,3,3,1,Dormir,15:20:58.313,15:21:00.282,1.969,Correcto
18,3,3,1,Ubicacion,15:21:05.314,,,Erroneo
18,3,3,2,Parada,15:22:38.755,15:22:40.944,2.189,-
18,3,3,2,Dormir,15:22:45.591,15:22:46.688,1.097,Correcto
18,3,3,2,Parada,15:22:53.285,15:22:55.021,1.736,-
18,3,3,2,Parada,15:22:59.686,15:23:00.520,0.834,-
18,3,3,2,Ubicacion,15:23:05.286,,,Correcto
18,3,3,2,Dormir,15:23:05.185,15:23:05.720,0.535,Correcto
18,3,3,2,Parada,15:23:12.318,15:23:13.290,0.972,-
18,3,3,2,Ubicacion,15:24:21.349,,,Correcto
18,3,3,3,Parada,15:28:50.024,15:28:51.044,1.02,-
18,3,3,3,Parada,15:28:55.691,15:28:57.210,1.519,-
18,3,3,3,Dormir,15:28:58.723,15:29:00.325,1.602,Correcto
18,3,3,3,Dormir,15:29:06.922,15:29:08.358,1.436,Correcto
18,3,3,3,Ubicacion,15:29:13.390,,,Erroneo
19,1,1,2,Parada,14:27:19.225,14:27:23.311,4.086,-
19,1,1,2,Parada,14:27:24.825,14:27:27.526,2.701,-
19,1,1,2,Parada,14:27:29.058,14:27:32.944,3.886,-
19,1,1,2,Parada,14:27:34.458,14:27:38.125,3.667,-
19,1,1,2,Dormir,14:27:47.491,14:27:52.002,4.511,Correcto
19,1,1,2,Ubicacion,14:27:57.035,,,Erroneo
19,1,1,2,Ubicacion,14:27:59.102,,,Correcto
19,1,1,2,Dormir,14:27:58.601,14:28:02.735,4.134,Erroneo
19,1,1,2,Ubicacion,14:28:07.468,,,Correcto
19,1,1,2,Dormir,14:28:07.400,14:28:11.168,3.768,Correcto
19,1,1,2,Ubicacion,14:28:16.200,,,Erroneo
19,1,1,2,Ubicacion,14:28:16.201,,,Erroneo
19,1,1,2,Ubicacion,14:28:17.134,,,Correcto
19,1,1,2,Dormir,14:28:17.767,14:28:19.501,1.734,Erroneo
19,1,1,2,Ubicacion,14:28:24.600,,,Correcto
19,1,1,2,Dormir,14:28:24.168,14:28:25.368,1.2,Correcto
19,1,1,2,Ubicacion,14:28:30.399,,,Erroneo
19,1,1,2,Ubicacion,14:28:30.399,,,Erroneo
19,1,1,2,Ubicacion,14:28:30.467,,,Correcto
19,1,1,2,Ubicacion,14:28:37.500,,,Correcto
19,1,1,3,Dormir,14:30:40.332,14:30:41.518,1.186,Correcto
19,1,1,3,Parada,14:30:51.232,14:30:52.777,1.545,-
19,1,1,3,Ubicacion,14:30:58.898,,,Correcto
19,1,1,3,Parada,14:30:58.997,14:31:00.966,1.969,-
19,1,1,3,Ubicacion,14:31:07.031,,,Correcto
19,1,1,3,Parada,14:31:07.164,14:31:09.465,2.301,-
19,1,1,3,Ubicacion,14:31:10.098,,,Correcto
19,1,1,3,Ubicacion,14:31:16.197,,,Correcto
19,1,1,3,Parada,14:31:15.697,14:31:16.864,1.167,-
19,1,1,3,Ubicacion,14:31:22.064,,,Correcto
19,1,1,4,Parada,14:34:11.060,14:34:12.341,1.281,-
19,1,1,4,Parada,14:34:18.560,14:34:19.579,1.019,-
19,1,1,4,Parada,14:34:25.793,14:34:26.794,1.001,-
19,1,1,4,Dormir,14:34:28.326,14:34:28.994,0.668,Correcto
19,1,1,4,Dormir,14:34:35.593,14:34:37.160,1.567,Correcto
19,1,1,4,Ubicacion,14:34:42.192,,,Erroneo
19,1,1,4,Ubicacion,14:34:42.626,,,Correcto
19,1,1,4,Parada,14:34:45.292,14:34:48.226,2.934,-
19,1,1,4,Ubicacion,14:34:53.458,,,Correcto
19,1,1,4,Ubicacion,14:35:08.758,,,Correcto
19,1,1,4,Ubicacion,14:35:18.324,,,Correcto
19,1,1,5,Dormir,14:38:33.931,14:38:34.749,0.818,Correcto
19,1,1,5,Parada,14:38:41.330,14:38:42.715,1.385,-
19,1,1,5,Dormir,14:38:44.230,14:38:44.731,0.501,Correcto
19,1,1,5,Ubicacion,14:38:49.763,,,Erroneo
19,1,1,6,Dormir,14:41:52.282,14:41:53.301,1.019,Correcto
19,1,1,6,Dormir,14:41:59.882,14:42:00.615,0.733,Correcto
19,1,1,6,Ubicacion,14:42:06.116,,,Correcto
19,1,1,6,Parada,14:42:07.215,14:42:08.549,1.334,-
19,1,1,6,Parada,14:42:14.781,14:42:16.082,1.301,-
19,1,1,6,Parada,14:42:22.314,14:42:23.282,0.968,-
19,1,1,6,Ubicacion,14:42:28.414,,,Correcto
19,1,1,6,Parada,14:42:29.513,14:42:31.166,1.653,-
19,1,1,6,Ubicacion,14:42:51.980,,,Correcto
19,1,1,6,Ubicacion,14:42:58.940,,,Correcto
19,1,1,6,Ubicacion,14:43:05.768,,,Correcto
19,1,2,1,Parada,14:46:01.448,14:46:02.464,1.016,-
19,1,2,1,Ubicacion,14:46:09.381,,,Correcto
19,1,2,1,Parada,14:46:21.180,14:46:22.232,1.052,-
19,1,2,1,Parada,14:46:40.979,14:46:42.713,1.734,-
19,1,2,1,Ubicacion,14:46:55.712,,,Correcto
19,1,2,1,Parada,14:47:01.445,14:47:02.379,0.934,-
19,1,2,1,Dormir,14:47:03.911,14:47:05.412,1.501,Correcto
19,1,2,1,Dormir,14:47:18.277,14:47:18.944,0.667,Correcto
19,1,2,1,Ubicacion,14:47:43.287,,,Correcto
19,1,3,1,Parada,14:50:05.858,14:50:06.944,1.086,-
19,1,3,1,Parada,14:50:11.591,14:50:12.576,0.985,-
19,1,3,1,Parada,14:50:17.224,14:50:18.092,0.868,-
19,1,3,1,Parada,14:50:22.757,14:50:23.758,1.001,-
19,1,3,1,Ubicacion,14:50:30.725,,,Correcto
19,1,3,1,Dormir,14:50:34.690,14:50:35.590,0.9,Correcto
19,1,3,1,Ubicacion,14:50:40.856,,,Correcto
19,1,3,1,Dormir,14:50:45.323,14:50:46.157,0.834,Correcto
19,3,1,1,Dormir,14:18:23.849,14:18:24.868,1.019,Correcto
19,3,1,1,Parada,14:18:31.448,14:18:32.949,1.501,-
19,3,1,1,Dormir,14:18:36.015,14:18:36.816,0.801,Correcto
19,3,1,1,Ubicacion,14:18:40.115,,,Correcto
19,3,1,1,Parada,14:18:44.981,14:18:46.034,1.053,-
19,3,1,1,Ubicacion,14:18:47.081,,,Correcto
19,3,1,1,Parada,14:18:52.248,14:18:53.248,1.0,-
19,3,1,1,Parada,14:18:59.480,14:19:01.414,1.934,-
19,3,1,1,Ubicacion,14:19:06.614,,,Correcto
19,3,1,1,Ubicacion,14:19:24.413,,,Correcto
19,3,1,1,Ubicacion,14:19:30.212,,,Correcto
19,3,1,1,Ubicacion,14:19:37.912,,,Correcto
19,3,2,2,Parada,14:22:41.208,14:22:42.060,0.852,-
19,3,2,2,Dormir,14:22:59.230,14:23:00.864,1.634,Correcto
19,3,2,2,Parada,14:23:07.462,14:23:08.964,1.502,-
19,3,2,2,Dormir,14:23:15.162,14:23:16.096,0.934,Correcto
19,3,2,2,Ubicacion,14:23:26.629,,,Correcto
19,3,2,2,Parada,14:23:33.645,14:23:35.231,1.586,-
19,3,2,2,Parada,14:23:53.977,14:23:55.078,1.101,-
19,3,2,2,Ubicacion,14:23:55.844,,,Correcto
19,3,2,2,Ubicacion,14:24:32.997,,,Correcto
19,3,3,1,Dormir,14:28:47.952,14:28:48.971,1.019,Correcto
19,3,3,1,Parada,14:28:55.551,14:28:56.918,1.367,-
19,3,3,1,Parada,14:29:01.584,14:29:02.504,0.92,-
19,3,3,1,Ubicacion,14:29:06.251,,,Correcto
19,3,3,1,Parada,14:29:07.150,14:29:09.851,2.701,-
19,3,3,1,Parada,14:29:14.517,14:29:15.517,1.0,-
19,3,3,1,Ubicacion,14:29:15.518,,,Erroneo
19,3,3,1,Ubicacion,14:29:20.183,,,Erroneo
19,3,3,1,Ubicacion,14:29:20.883,,,Correcto
19,3,3,2,Dormir,14:31:07.656,14:31:08.902,1.246,Correcto
19,3,3,2,Parada,14:31:15.489,14:31:16.307,0.818,-
19,3,3,2,Parada,14:31:20.955,14:31:22.789,1.834,-
19,3,3,2,Parada,14:31:27.455,14:31:28.022,0.567,-
19,3,3,2,Ubicacion,14:31:30.255,,,Correcto
19,3,3,2,Parada,14:31:32.688,14:31:33.522,0.834,-
19,3,3,2,Ubicacion,14:31:35.255,,,Correcto
19,3,3,2,Ubicacion,14:31:39.087,,,Correcto
19,3,3,2,Ubicacion,14:31:43.454,,,Correcto
19,3,3,2,Ubicacion,14:31:48.487,,,Correcto
19,3,3,2,Ubicacion,14:31:52.821,,,Correcto
19,3,3,2,Dormir,14:31:52.287,14:31:53.288,1.001,Correcto
19,3,3,2,Ubicacion,14:32:03.553,,,Correcto
1,2,1,1,Parada,15:09:45.638,15:09:51.856,6.218,-
21,1,1,1,Parada,15:26:29.999,15:26:35.619,5.62,-
21,1,1,2,Parada,15:28:45.815,15:28:48.534,2.719,-
21,1,1,3,Parada,15:31:16.741,15:31:18.394,1.653,-
21,1,1,3,Parada,15:31:30.841,15:31:34.393,3.552,-
21,1,1,3,Dormir,15:31:42.173,15:31:44.940,2.767,Correcto
21,1,1,4,Parada,15:33:35.951,15:33:38.803,2.852,-
21,1,1,4,Parada,15:33:51.283,15:33:55.351,4.068,-
21,1,1,4,Dormir,15:34:06.283,15:34:08.117,1.834,Correcto
21,1,1,4,Ubicacion,15:35:05.147,,,Correcto
21,1,1,5,Parada,15:36:35.354,15:36:36.773,1.419,-
21,1,1,5,Parada,15:36:42.986,15:36:45.239,2.253,-
21,1,1,5,Dormir,15:36:53.019,15:36:55.020,2.001,Correcto
21,1,1,5,Ubicacion,15:37:25.318,,,Correcto
21,1,1,5,Ubicacion,15:37:46.200,,,Correcto
21,1,2,1,Parada,15:39:44.677,15:39:46.063,1.386,-
21,1,2,1,Parada,15:40:04.810,15:40:07.396,2.586,-
21,1,2,1,Dormir,15:40:21.403,15:40:22.832,1.429,Correcto
21,1,2,1,Dormir,15:40:29.397,15:40:31.431,2.034,Correcto
21,1,2,1,Ubicacion,15:40:36.464,,,Erroneo
21,1,2,1,Parada,15:40:39.597,15:40:41.731,2.134,-
21,1,2,1,Parada,15:41:00.468,15:41:02.502,2.034,-
21,1,2,1,Ubicacion,15:41:03.135,,,Correcto
21,1,3,1,Parada,15:43:54.548,15:43:56.001,1.453,-
21,1,3,1,Parada,15:44:00.648,15:44:01.949,1.301,-
21,1,3,1,Dormir,15:44:03.481,15:44:07.815,4.334,Correcto
21,1,3,1,Dormir,15:44:14.414,15:44:15.648,1.234,Correcto
21,1,3,1,Ubicacion,15:44:16.582,,,Correcto
21,1,3,1,Parada,15:44:22.247,15:44:26.533,4.286,-
21,1,3,1,Ubicacion,15:44:30.214,,,Correcto
21,1,3,1,Parada,15:44:31.180,15:44:33.080,1.9,-
21,1,3,1,Ubicacion,15:44:40.946,,,Correcto
21,1,3,2,Parada,15:46:25.846,15:46:27.166,1.32,-
21,1,3,2,Parada,15:46:31.812,15:46:33.332,1.52,-
21,1,3,2,Dormir,15:46:34.846,15:46:36.047,1.201,Correcto
21,1,3,2,Dormir,15:46:42.646,15:46:44.213,1.567,Correcto
21,1,3,2,Ubicacion,15:46:49.245,,,Erroneo
21,1,3,2,Ubicacion,15:46:51.012,,,Correcto
21,1,3,2,Parada,15:46:50.812,15:47:02.279,11.467,-
21,1,3,2,Parada,15:47:06.945,15:47:08.312,1.367,-
21,1,3,2,Ubicacion,15:47:12.244,,,Correcto
21,1,3,2,Ubicacion,15:47:20.177,,,Correcto
21,1,3,3,Parada,15:48:37.601,15:48:38.854,1.253,-
21,1,3,3,Parada,15:48:43.501,15:48:45.068,1.567,-
21,1,3,3,Parada,15:48:49.734,15:48:51.135,1.401,-
21,1,3,3,Dormir,15:48:52.667,15:48:54.035,1.368,Correcto
21,1,3,3,Dormir,15:49:00.633,15:49:01.868,1.235,Correcto
21,1,3,3,Ubicacion,15:49:06.899,,,Erroneo
21,1,3,3,Ubicacion,15:49:08.633,,,Correcto
21,1,3,3,Parada,15:49:08.466,15:49:09.585,1.119,-
21,1,3,3,Ubicacion,15:49:15.966,,,Correcto
21,1,3,3,Ubicacion,15:49:25.266,,,Correcto
21,1,3,4,Parada,15:50:29.457,15:50:30.777,1.32,-
21,1,3,4,Parada,15:50:35.423,15:50:37.325,1.902,-
21,1,3,4,Dormir,15:50:41.973,15:50:43.340,1.367,Correcto
21,1,3,4,Parada,15:50:49.939,15:50:51.173,1.234,-
21,1,3,4,Parada,15:50:55.806,15:50:57.473,1.667,-
21,1,3,4,Ubicacion,15:51:07.439,,,Correcto
21,1,3,4,Ubicacion,15:51:16.805,,,Correcto
21,1,3,4,Ubicacion,15:51:25.871,,,Correcto
21,3,1,1,Parada,15:06:35.738,15:06:36.819,1.081,-
21,3,1,1,Parada,15:06:43.011,15:06:44.365,1.354,-
21,3,1,1,Parada,15:06:50.576,15:06:51.945,1.369,-
21,3,1,1,Parada,15:06:58.177,15:06:59.444,1.267,-
21,3,1,1,Dormir,15:07:04.110,15:07:05.244,1.134,Correcto
21,3,1,1,Ubicacion,15:07:16.709,,,Correcto
21,3,1,1,Ubicacion,15:07:23.242,,,Correcto
21,3,1,1,Ubicacion,15:07:29.475,,,Correcto
21,3,1,2,Parada,15:08:56.360,15:08:57.545,1.185,-
21,3,1,2,Parada,15:09:03.759,15:09:04.811,1.052,-
21,3,1,2,Parada,15:09:11.025,15:09:12.493,1.468,-
21,3,1,2,Parada,15:09:18.725,15:09:19.993,1.268,-
21,3,1,2,Dormir,15:09:24.658,15:09:26.124,1.466,Correcto
21,3,1,2,Ubicacion,15:09:37.792,,,Correcto
21,3,1,2,Ubicacion,15:09:50.191,,,Correcto
21,3,1,2,Ubicacion,15:10:02.790,,,Correcto
21,3,1,3,Parada,15:11:52.050,15:11:53.357,1.307,-
21,3,1,3,Parada,15:11:59.584,15:12:01.379,1.795,-
21,3,1,3,Dormir,15:12:04.461,15:12:05.762,1.301,Correcto
21,3,1,3,Parada,15:12:13.928,15:12:15.113,1.185,-
21,3,1,3,Dormir,15:12:21.327,15:12:22.962,1.635,Correcto
21,3,1,3,Ubicacion,15:12:23.860,,,Correcto
21,3,1,3,Parada,15:12:29.560,15:12:31.727,2.167,-
21,3,1,3,Ubicacion,15:12:41.327,,,Correcto
21,3,1,3,Ubicacion,15:12:54.160,,,Correcto
21,3,1,3,Ubicacion,15:13:06.192,,,Correcto
21,3,2,1,Parada,15:14:28.392,15:14:33.048,4.656,-
21,3,2,1,Parada,15:14:42.393,15:14:43.694,1.301,-
21,3,2,1,Parada,15:14:53.059,15:14:56.710,3.651,-
21,3,2,1,Ubicacion,15:14:58.725,,,Correcto
21,3,2,1,Parada,15:15:06.062,15:15:08.158,2.096,-
21,3,2,1,Dormir,15:15:36.323,15:15:37.924,1.601,Correcto
21,3,2,1,Dormir,15:15:44.523,15:15:45.757,1.234,Correcto
21,3,2,1,Dormir,15:15:52.356,,Tiempo excedido,Erroneo
21,3,2,1,Ubicacion,15:16:03.689,,,Correcto
21,3,2,2,Parada,15:16:46.864,15:16:48.149,1.285,-
21,3,2,2,Parada,15:16:57.492,15:16:58.510,1.018,-
21,3,2,2,Parada,15:17:07.836,15:17:09.104,1.268,-
21,3,2,2,Ubicacion,15:17:13.135,,,Correcto
21,3,2,2,Parada,15:17:18.468,15:17:22.935,4.467,-
21,3,2,2,Dormir,15:17:51.100,15:17:53.500,2.4,Correcto
21,3,2,2,Dormir,15:18:00.099,15:18:02.433,2.334,Correcto
21,3,2,2,Dormir,15:18:09.033,15:18:11.300,2.267,Correcto
21,3,2,2,Ubicacion,15:18:16.331,,,Erroneo
21,3,2,3,Parada,15:19:01.091,15:19:02.672,1.581,-
21,3,2,3,Parada,15:19:12.018,15:19:13.442,1.424,-
21,3,2,3,Parada,15:19:22.807,15:19:24.608,1.801,-
21,3,2,3,Dormir,15:19:26.140,15:19:26.841,0.701,Correcto
21,3,2,3,Parada,15:19:39.645,15:19:40.928,1.283,-
21,3,2,3,Dormir,15:19:42.461,15:19:43.662,1.201,Correcto
21,3,2,3,Dormir,15:19:50.261,15:19:52.529,2.268,Correcto
21,3,2,3,Ubicacion,15:20:13.894,,,Correcto
21,3,2,3,Ubicacion,15:20:50.925,,,Correcto
21,3,3,1,Dormir,15:22:58.579,15:23:01.537,2.958,Correcto
21,3,3,2,Parada,15:23:55.615,15:23:57.234,1.619,-
21,3,3,2,Parada,15:24:01.882,15:24:03.301,1.419,-
21,3,3,2,Parada,15:24:07.948,15:24:10.021,2.073,-
21,3,3,2,Dormir,15:24:13.098,15:24:14.999,1.901,Correcto
21,3,3,2,Parada,15:24:21.565,15:24:22.798,1.233,-
21,3,3,2,Dormir,15:24:24.331,15:24:25.831,1.5,Correcto
21,3,3,2,Ubicacion,15:24:36.232,,,Correcto
21,3,3,2,Ubicacion,15:24:45.564,,,Correcto
21,3,3,2,Ubicacion,15:24:55.030,,,Correcto
21,3,3,3,Parada,15:26:23.481,15:26:26.532,3.051,-
21,3,3,4,Parada,15:28:00.448,15:28:02.167,1.719,-
21,3,3,4,Parada,15:28:06.815,15:28:08.772,1.957,-
21,3,3,4,Parada,15:28:13.414,15:28:14.948,1.534,-
21,3,3,4,Dormir,15:28:22.747,15:28:26.114,3.367,Correcto
21,3,3,4,Dormir,15:28:40.546,15:28:41.947,1.401,Correcto
21,3,3,4,Ubicacion,15:28:46.978,,,Erroneo
21,3,3,4,Ubicacion,15:28:47.046,,,Correcto
21,3,3,5,Dormir,15:29:52.454,15:29:54.572,2.118,Correcto
21,3,3,5,Parada,15:30:01.153,15:30:02.239,1.086,-
21,3,3,5,Parada,15:30:06.853,15:30:09.920,3.067,-
21,3,3,5,Ubicacion,15:30:14.386,,,Correcto
21,3,3,5,Parada,15:30:14.586,15:30:17.754,3.168,-
21,3,3,5,Parada,15:30:22.419,15:30:24.386,1.967,-
21,3,3,5,Ubicacion,15:30:58.884,,,Correcto
21,3,3,6,Parada,15:33:26.149,15:33:27.401,1.252,-
21,3,3,6,Parada,15:33:32.048,15:33:33.068,1.02,-
21,3,3,7,Parada,15:34:58.894,15:35:00.112,1.218,-
21,3,3,7,Parada,15:35:04.760,15:35:06.413,1.653,-
21,3,3,7,Dormir,15:35:11.060,15:35:14.128,3.068,Correcto
21,3,3,7,Parada,15:35:20.726,15:35:23.361,2.635,-
21,3,3,7,Ubicacion,15:35:24.994,,,Correcto
21,3,3,7,Parada,15:35:28.026,15:35:29.727,1.701,-
21,3,3,7,Dormir,15:35:31.259,15:35:34.427,3.168,Correcto
21,3,3,7,Ubicacion,15:35:39.457,,,Erroneo
21,3,3,7,Ubicacion,15:35:39.626,,,Correcto
21,3,3,8,Parada,15:36:37.351,15:36:38.470,1.119,-
21,3,3,9,Parada,15:37:27.593,15:37:29.411,1.818,-
21,3,3,10,Parada,15:38:37.317,15:38:38.502,1.185,-
21,3,3,10,Dormir,15:38:41.583,15:38:42.812,1.229,Correcto
21,3,3,10,Parada,15:38:49.389,15:38:50.556,1.167,-
21,3,3,10,Dormir,15:38:52.088,15:38:57.356,5.268,Correcto
21,3,3,10,Ubicacion,15:39:02.388,,,Erroneo
21,3,3,10,Parada,15:39:05.521,15:39:09.888,4.367,-
21,3,3,11,Dormir,15:40:50.166,15:40:51.418,1.252,Correcto
21,3,3,11,Parada,15:40:57.999,15:40:59.066,1.067,-
21,3,3,11,Dormir,15:41:00.598,15:41:01.633,1.035,Correcto
21,3,3,11,Ubicacion,15:41:02.366,,,Correcto
21,3,3,11,Parada,15:41:09.798,15:41:10.966,1.168,-
21,3,3,11,Parada,15:41:15.631,15:41:17.917,2.286,-
21,3,3,11,Ubicacion,15:41:20.498,,,Correcto
21,3,3,11,Parada,15:41:22.564,15:41:25.165,2.601,-
21,3,3,11,Ubicacion,15:41:30.164,,,Correcto
22,1,1,1,Parada,15:17:15.249,15:17:18.368,3.119,-
22,1,1,2,Parada,15:19:45.041,15:19:48.764,3.723,-
22,1,2,1,Parada,15:22:38.010,15:22:41.963,3.953,-
22,1,2,1,Ubicacion,15:23:00.109,,,Correcto
22,1,2,1,Parada,15:23:00.709,15:23:02.262,1.553,-
22,1,2,1,Parada,15:23:21.008,15:23:24.175,3.167,-
22,1,2,1,Dormir,15:24:22.039,15:24:24.606,2.567,Correcto
22,1,2,2,Parada,15:26:21.760,15:26:23.613,1.853,-
22,1,2,2,Parada,15:26:51.759,15:26:52.926,1.167,-
22,1,2,3,Parada,15:30:29.204,15:30:30.457,1.253,-
22,1,2,3,Parada,15:30:49.136,15:30:50.356,1.22,-
22,1,2,3,Ubicacion,15:30:50.836,,,Correcto
22,1,2,3,Parada,15:31:09.102,15:31:11.602,2.5,-
22,1,2,3,Dormir,15:31:41.333,15:31:42.467,1.134,Correcto
22,1,2,3,Dormir,15:32:06.299,15:32:08.100,1.801,Correcto
22,1,2,3,Ubicacion,15:32:23.165,,,Correcto
22,1,2,4,Parada,15:36:16.584,15:36:18.937,2.353,-
22,1,2,4,Ubicacion,15:36:36.651,,,Correcto
22,1,2,4,Parada,15:36:37.683,15:36:38.768,1.085,-
22,1,2,4,Parada,15:36:57.516,15:36:59.217,1.701,-
22,1,2,4,Dormir,15:37:00.749,15:37:01.783,1.034,Correcto
22,1,2,4,Dormir,15:37:16.215,15:37:17.115,0.9,Correcto
22,1,2,4,Parada,15:37:29.981,15:37:30.848,0.867,-
22,1,2,4,Ubicacion,15:37:34.347,,,Correcto
22,1,3,1,Dormir,15:40:06.956,15:40:07.975,1.019,Correcto
22,1,3,1,Dormir,15:40:14.556,15:40:16.057,1.501,Correcto
22,1,3,1,Parada,15:40:22.656,15:40:24.041,1.385,-
22,1,3,1,Ubicacion,15:40:25.555,,,Erroneo
22,1,3,1,Parada,15:40:28.688,15:40:29.656,0.968,-
22,1,3,1,Parada,15:40:34.322,15:40:35.256,0.934,-
22,1,3,1,Parada,15:40:39.921,15:40:41.189,1.268,-
22,1,3,1,Ubicacion,15:40:57.487,,,Correcto
22,1,3,2,Dormir,15:42:34.582,15:42:35.434,0.852,Correcto
22,1,3,2,Dormir,15:42:42.015,15:42:43.550,1.535,Correcto
22,1,3,2,Parada,15:42:50.148,15:42:52.016,1.868,-
22,1,3,2,Ubicacion,15:42:52.749,,,Correcto
22,1,3,2,Ubicacion,15:42:55.815,,,Correcto
22,1,3,2,Parada,15:42:56.682,15:42:58.316,1.634,-
22,1,3,2,Parada,15:43:02.981,15:43:03.833,0.852,-
22,1,3,2,Parada,15:43:08.481,15:43:09.081,0.6,-
22,1,3,2,Ubicacion,15:43:29.980,,,Correcto
22,3,1,1,Dormir,15:01:15.273,15:01:17.760,2.487,Correcto
22,3,1,1,Dormir,15:01:24.340,15:01:25.273,0.933,Correcto
22,3,1,1,Parada,15:01:31.873,15:01:33.026,1.153,-
22,3,1,1,Ubicacion,15:01:33.026,,,Erroneo
22,3,1,1,Parada,15:01:39.239,15:01:40.273,1.034,-
22,3,1,1,Ubicacion,15:02:22.503,,,Erroneo
22,3,1,2,Parada,15:03:51.399,15:03:52.452,1.053,-
22,3,1,2,Dormir,15:03:57.099,15:03:57.866,0.767,Correcto
22,3,1,2,Dormir,15:04:04.465,15:04:05.432,0.967,Correcto
22,3,1,2,Ubicacion,15:04:10.465,,,Erroneo
22,3,1,2,Parada,15:04:12.031,15:04:13.584,1.553,-
22,3,1,3,Parada,15:05:48.877,15:05:50.296,1.419,-
22,3,1,3,Dormir,15:05:53.376,15:05:54.096,0.72,Correcto
22,3,1,3,Parada,15:06:02.243,15:06:02.977,0.734,-
22,3,1,3,Parada,15:06:09.209,15:06:09.943,0.734,-
22,3,1,3,Parada,15:06:16.175,15:06:17.242,1.067,-
22,3,1,3,Ubicacion,15:06:18.276,,,Correcto
22,3,1,3,Dormir,15:06:21.908,15:06:22.776,0.868,Correcto
22,3,1,3,Ubicacion,15:06:54.607,,,Correcto
22,3,2,1,Parada,15:08:57.651,15:08:58.570,0.919,-
22,3,2,1,Ubicacion,15:09:14.951,,,Correcto
22,3,2,1,Parada,15:09:17.316,15:09:18.750,1.434,-
22,3,2,1,Dormir,15:09:21.849,15:09:23.002,1.153,Correcto
22,3,2,1,Dormir,15:09:29.582,15:09:30.683,1.101,Correcto
22,3,2,1,Parada,15:09:49.815,15:09:51.216,1.401,-
22,3,2,1,Parada,15:10:09.981,15:10:10.914,0.933,-
22,3,2,1,Ubicacion,15:10:48.746,,,Correcto
22,3,2,2,Parada,15:14:02.769,15:14:07.255,4.486,-
22,3,2,2,Ubicacion,15:14:25.069,,,Correcto
22,3,2,2,Parada,15:14:26.001,15:14:27.188,1.187,-
22,3,2,2,Dormir,15:14:31.834,15:14:32.936,1.102,Correcto
22,3,2,2,Dormir,15:14:39.533,15:14:40.535,1.002,Correcto
22,3,2,2,Parada,15:14:58.099,15:14:59.099,1.0,-
22,3,2,2,Parada,15:15:17.865,15:15:19.099,1.234,-
22,3,2,2,Ubicacion,15:15:57.031,,,Correcto
22,3,2,3,Ubicacion,15:17:54.826,,,Erroneo
22,3,2,4,Ubicacion,15:18:57.490,,,Erroneo
22,3,2,5,Parada,15:20:56.371,15:20:58.124,1.753,-
22,3,2,5,Dormir,15:21:05.904,15:21:09.338,3.434,Correcto
22,3,2,5,Parada,15:21:25.336,15:21:26.356,1.02,-
22,3,2,5,Parada,15:21:45.068,15:21:49.469,4.401,-
22,3,2,5,Dormir,15:22:00.401,15:22:01.402,1.001,Correcto
22,3,2,5,Ubicacion,15:22:25.734,,,Correcto
22,3,2,6,Parada,15:24:33.682,15:24:34.835,1.153,-
22,3,2,6,Parada,15:24:53.582,15:24:54.734,1.152,-
22,3,2,6,Parada,15:25:13.481,15:25:14.981,1.5,-
22,3,2,6,Dormir,15:25:16.514,15:25:17.414,0.9,Correcto
22,3,2,6,Parada,15:25:39.679,15:25:41.180,1.501,-
22,3,2,6,Ubicacion,15:25:42.180,,,Correcto
22,3,2,6,Dormir,15:25:50.545,15:25:51.646,1.101,Correcto
22,3,2,6,Ubicacion,15:26:06.545,,,Correcto
22,3,2,7,Parada,15:28:49.048,15:28:50.301,1.253,-
22,3,2,7,Ubicacion,15:29:08.114,,,Correcto
22,3,2,7,Parada,15:29:09.047,15:29:10.533,1.486,-
22,3,2,7,Parada,15:29:29.201,15:29:30.236,1.035,-
22,3,2,7,Dormir,15:29:42.734,15:29:44.334,1.6,Correcto
22,3,2,7,Parada,15:29:55.634,15:29:56.901,1.267,-
22,3,2,7,Dormir,15:29:58.432,15:30:02.400,3.968,Correcto
22,3,2,7,Ubicacion,15:30:43.865,,,Correcto
22,3,2,8,Parada,15:39:01.484,15:39:03.172,1.688,-
22,3,2,8,Ubicacion,15:39:22.084,,,Correcto
22,3,2,8,Dormir,15:39:20.350,15:39:22.318,1.968,Correcto
22,3,2,8,Parada,15:39:28.916,15:39:30.536,1.62,-
22,3,2,8,Parada,15:39:49.283,15:39:50.749,1.466,-
22,3,2,8,Parada,15:40:09.481,15:40:10.615,1.134,-
22,3,2,8,Dormir,15:40:29.374,15:40:29.909,0.535,Correcto
22,3,2,8,Ubicacion,15:40:54.229,,,Correcto
22,3,2,9,Parada,15:46:02.247,15:46:03.528,1.281,-
22,3,2,9,Parada,15:46:22.280,15:46:23.532,1.252,-
22,3,2,9,Ubicacion,15:46:27.280,,,Correcto
22,3,2,9,Parada,15:46:42.279,15:46:44.646,2.367,-
22,3,2,9,Dormir,15:46:47.745,15:46:48.778,1.033,Correcto
22,3,2,9,Dormir,15:46:55.378,15:46:56.545,1.167,Correcto
22,3,2,9,Parada,15:47:15.644,15:47:17.344,1.7,-
22,3,2,9,Ubicacion,15:47:56.475,,,Correcto
22,3,2,10,Parada,15:51:11.393,15:51:12.579,1.186,-
22,3,2,10,Ubicacion,15:51:28.259,,,Correcto
22,3,2,10,Parada,15:51:31.326,15:51:32.526,1.2,-
22,3,2,10,Dormir,15:51:45.025,15:51:45.577,0.552,Correcto
22,3,2,10,Dormir,15:51:59.991,15:52:01.058,1.067,Correcto
22,3,2,10,Ubicacion,15:53:03.221,,,Correcto
23,1,1,1,Parada,14:24:53.711,14:25:02.920,9.209,-
23,1,1,2,Parada,14:26:18.735,14:26:21.955,3.22,-
23,1,1,2,Parada,14:26:40.667,14:26:44.782,4.115,-
23,1,1,2,Ubicacion,14:26:52.561,,,Erroneo
23,1,1,2,Parada,14:27:03.494,14:27:07.094,3.6,-
23,1,1,2,Parada,14:27:25.816,14:27:29.810,3.994,-
23,1,1,3,Parada,14:29:45.375,14:29:54.961,9.586,-
23,1,1,3,Parada,14:30:13.706,14:30:15.741,2.035,-
23,1,1,3,Ubicacion,14:30:20.406,,,Erroneo
23,1,1,3,Parada,14:30:34.506,14:30:39.607,5.101,-
23,1,1,3,Parada,14:30:58.366,14:31:02.494,4.128,-
23,1,1,4,Parada,14:32:43.972,14:32:46.425,2.453,-
23,1,1,4,Ubicacion,14:33:11.704,,,Correcto
23,1,1,5,Parada,14:35:42.574,14:35:45.060,2.486,-
23,1,1,5,Parada,14:36:03.777,14:36:06.246,2.469,-
23,1,1,5,Ubicacion,14:36:23.539,,,Correcto
23,1,1,6,Dormir,14:37:48.962,14:37:54.282,5.32,Correcto
23,1,1,6,Parada,14:38:05.561,14:38:08.763,3.202,-
23,1,1,6,Parada,14:38:21.261,14:38:23.461,2.2,-
23,1,1,6,Ubicacion,14:38:40.727,,,Correcto
23,1,1,7,Dormir,14:40:09.878,14:40:13.397,3.519,Correcto
23,1,1,7,Parada,14:40:29.343,14:40:35.744,6.401,-
23,1,1,7,Parada,14:40:48.242,14:40:51.277,3.035,-
23,1,1,7,Parada,14:41:03.775,14:41:06.276,2.501,-
23,1,1,7,Ubicacion,14:41:15.708,,,Correcto
23,1,1,7,Parada,14:41:18.774,14:41:23.708,4.934,-
23,1,1,8,Dormir,14:42:53.381,14:42:55.800,2.419,Correcto
23,1,1,8,Parada,14:43:05.514,14:43:09.980,4.466,-
23,1,1,8,Parada,14:43:16.213,14:43:19.147,2.934,-
23,1,1,8,Parada,14:43:25.379,14:43:30.613,5.234,-
23,1,1,8,Parada,14:43:36.845,14:43:42.746,5.901,-
23,1,1,8,Ubicacion,14:44:03.138,,,Correcto
23,1,1,9,Dormir,14:46:18.448,14:46:24.068,5.62,Correcto
23,1,1,9,Parada,14:46:33.781,14:46:37.582,3.801,-
23,1,1,9,Parada,14:46:43.808,14:46:47.004,3.196,-
23,1,1,9,Parada,14:46:53.236,14:46:55.237,2.001,-
23,1,1,9,Ubicacion,14:46:58.535,,,Correcto
23,1,1,9,Ubicacion,14:47:48.528,,,Correcto
24,1,1,1,Parada,15:11:56.541,15:12:03.577,7.036,-
24,1,1,2,Parada,15:14:42.196,15:14:44.214,2.018,-
24,1,1,3,Parada,15:17:27.159,,Tiempo excedido,Erroneo
24,1,2,1,Parada,15:21:04.271,,Tiempo excedido,Erroneo
24,1,2,1,Parada,15:21:28.136,15:21:30.522,2.386,-
24,1,2,1,Ubicacion,15:21:36.736,,,Erroneo
24,1,2,1,Parada,15:21:49.269,,Tiempo excedido,Erroneo
24,1,2,1,Dormir,15:21:59.035,,Tiempo excedido,Erroneo
24,1,2,1,Dormir,15:22:13.501,15:22:16.568,3.067,Correcto
24,1,2,1,Ubicacion,15:22:21.600,,,Erroneo
24,1,2,1,Ubicacion,15:22:59.198,,,Erroneo
24,1,2,1,Ubicacion,15:23:34.231,,,Correcto
24,1,2,3,Parada,15:26:48.959,15:26:52.178,3.219,-
24,1,2,3,Parada,15:27:10.892,15:27:14.259,3.367,-
24,1,2,3,Dormir,15:27:23.624,15:27:26.459,2.835,Correcto
24,1,2,3,Parada,15:27:40.891,15:27:44.158,3.267,-
24,1,2,3,Parada,15:28:02.916,15:28:05.584,2.668,-
24,1,2,3,Ubicacion,15:29:08.764,,,Correcto
24,3,1,1,Parada,15:02:20.620,15:02:24.199,3.579,-
24,3,1,2,Dormir,15:05:33.321,15:05:37.139,3.818,Correcto
24,3,1,2,Parada,15:05:43.721,15:05:46.355,2.634,-
24,3,1,2,Ubicacion,15:05:57.521,,,Correcto
24,3,1,2,Parada,15:05:58.853,15:06:02.255,3.402,-
24,3,1,2,Ubicacion,15:06:11.619,,,Erroneo
24,3,1,2,Ubicacion,15:06:17.885,,,Erroneo
24,3,1,2,Ubicacion,15:06:24.152,,,Erroneo
24,3,1,2,Ubicacion,15:06:36.684,,,Erroneo
24,3,1,2,Ubicacion,15:06:42.951,,,Erroneo
24,3,1,2,Ubicacion,15:06:52.016,,,Correcto
24,3,1,2,Ubicacion,15:06:56.018,,,Correcto
24,3,1,2,Ubicacion,15:07:07.817,,,Correcto
24,3,1,3,Parada,15:08:48.906,15:08:57.491,8.585,-
24,3,1,3,Parada,15:09:09.972,15:09:12.606,2.634,-
24,3,1,3,Dormir,15:09:17.271,15:09:17.972,0.701,Correcto
24,3,1,3,Ubicacion,15:09:48.537,,,Correcto
24,3,1,4,Dormir,15:12:58.927,15:13:01.445,2.518,Correcto
24,3,1,4,Dormir,15:13:08.026,15:13:11.061,3.035,Correcto
24,3,1,4,Parada,15:13:19.226,15:13:21.327,2.101,-
24,3,1,4,Parada,15:13:27.559,15:13:30.127,2.568,-
24,3,1,4,Ubicacion,15:13:54.092,,,Correcto
24,3,1,5,Parada,15:17:48.352,15:17:51.702,3.35,-
24,3,1,5,Parada,15:17:57.918,15:18:00.219,2.301,-
24,3,1,5,Dormir,15:18:03.318,15:18:05.718,2.4,Correcto
24,3,1,5,Parada,15:18:13.884,15:18:16.252,2.368,-
24,3,1,5,Parada,15:18:22.450,15:18:24.111,1.661,-
24,3,1,5,Ubicacion,15:18:28.607,,,Correcto
24,3,1,5,Dormir,15:18:31.905,15:18:33.473,1.568,Correcto
24,3,1,5,Ubicacion,15:19:04.437,,,Correcto
24,3,2,2,Dormir,15:25:20.424,15:25:22.376,1.952,Correcto
24,3,2,2,Parada,15:25:28.957,15:25:31.476,2.519,-
24,3,2,2,Parada,15:25:50.223,15:25:53.723,3.5,-
24,3,2,2,Parada,15:26:12.488,15:26:14.556,2.068,-
24,3,2,2,Parada,15:26:33.287,15:26:36.521,3.234,-
24,3,2,2,Ubicacion,15:26:42.721,,,Erroneo
24,3,2,2,Dormir,15:26:42.720,15:26:45.420,2.7,Correcto
24,3,2,3,Parada,15:29:09.063,15:29:10.881,1.818,-
24,3,2,3,Dormir,15:29:18.663,15:29:21.648,2.985,Erroneo
24,3,2,3,Dormir,15:29:30.929,15:29:32.929,2.0,Correcto
24,3,2,3,Parada,15:29:39.528,15:29:41.462,1.934,-
24,3,2,3,Ubicacion,15:29:47.595,,,Correcto
24,3,2,3,Parada,15:30:00.227,15:30:02.595,2.368,-
24,3,2,3,Ubicacion,15:30:18.693,,,Correcto
24,3,2,3,Parada,15:30:21.360,15:30:23.794,2.434,-
24,3,2,4,Ubicacion,15:32:46.410,,,Erroneo
24,3,2,4,Dormir,15:32:46.391,15:32:48.677,2.286,Correcto
24,3,2,4,Dormir,15:32:55.257,15:32:57.791,2.534,Correcto
24,3,2,4,Parada,15:33:04.390,15:33:06.924,2.534,-
24,3,2,4,Parada,15:33:25.645,15:33:29.379,3.734,-
24,3,2,4,Ubicacion,15:33:45.911,,,Correcto
24,3,2,4,Parada,15:33:48.110,15:33:51.478,3.368,-
24,3,2,4,Parada,15:34:10.226,15:34:12.430,2.204,-
24,3,2,4,Ubicacion,15:34:25.426,,,Correcto
24,3,3,1,Parada,15:37:23.211,15:37:26.063,2.852,-
24,3,3,1,Parada,15:37:30.677,15:37:32.744,2.067,-
24,3,3,1,Dormir,15:37:34.277,15:37:37.378,3.101,Correcto
24,3,3,1,Parada,15:37:45.543,15:37:48.511,2.968,-
24,3,3,1,Parada,15:37:53.176,15:37:56.843,3.667,-
24,3,3,1,Ubicacion,15:38:01.510,,,Erroneo
24,3,3,1,Dormir,15:38:01.509,15:38:04.943,3.434,Correcto
24,3,3,1,Ubicacion,15:38:29.742,,,Correcto
24,3,3,2,Parada,15:46:20.495,15:46:24.348,3.853,-
24,3,3,2,Parada,15:46:28.995,15:46:32.763,3.768,-
24,3,3,2,Dormir,15:46:34.295,15:46:37.796,3.501,Correcto
24,3,3,2,Parada,15:46:45.961,15:46:53.061,7.1,-
24,3,3,2,Parada,15:46:57.727,15:47:00.061,2.334,-
24,3,3,2,Ubicacion,15:47:04.727,,,Erroneo
24,3,3,2,Dormir,15:47:04.726,15:47:07.395,2.669,Correcto
24,3,3,2,Ubicacion,15:47:33.626,,,Correcto
24,3,3,3,Parada,15:50:02.062,15:50:04.348,2.286,-
24,3,3,3,Parada,15:50:08.995,15:50:10.497,1.502,-
24,3,3,3,Dormir,15:50:13.595,15:50:16.529,2.934,Correcto
24,3,3,3,Parada,15:50:23.128,15:50:27.195,4.067,-
24,3,3,3,Parada,15:50:31.828,15:50:34.329,2.501,-
24,3,3,3,Ubicacion,15:50:36.328,,,Correcto
24,3,3,3,Dormir,15:50:43.694,15:50:46.161,2.467,Correcto
24,3,3,3,Ubicacion,15:51:01.360,,,Correcto
25,1,1,1,Parada,14:59:02.985,14:59:06.038,3.053,-
25,1,1,1,Parada,14:59:18.451,14:59:22.137,3.686,-
25,1,1,1,Ubicacion,15:00:14.271,,,Correcto
25,1,1,2,Parada,15:02:05.854,15:02:09.372,3.518,-
25,1,1,2,Parada,15:02:21.853,15:02:23.987,2.134,-
25,1,1,2,Ubicacion,15:02:48.153,,,Correcto
25,1,1,3,Parada,15:04:53.084,15:04:54.970,1.886,-
25,1,1,3,Parada,15:05:01.184,15:05:03.318,2.134,-
25,1,1,3,Dormir,15:05:26.783,15:05:32.017,5.234,Correcto
25,1,1,3,Ubicacion,15:05:37.049,,,Erroneo
25,1,1,4,Parada,15:07:55.431,15:07:58.050,2.619,-
25,1,1,4,Parada,15:08:04.264,15:08:06.165,1.901,-
25,1,1,4,Ubicacion,15:09:01.056,,,Correcto
25,1,1,5,Dormir,15:10:31.396,15:10:33.748,2.352,Correcto
25,1,1,5,Parada,15:10:40.329,15:10:42.363,2.034,-
25,1,1,5,Parada,15:10:48.595,15:10:50.029,1.434,-
25,1,1,5,Dormir,15:10:53.128,15:10:54.862,1.734,Correcto
25,1,1,5,Ubicacion,15:11:15.761,,,Correcto
25,1,1,6,Dormir,15:12:20.540,15:12:22.026,1.486,Correcto
25,1,1,6,Parada,15:12:28.607,15:12:31.741,3.134,-
25,1,1,6,Dormir,15:12:36.406,15:12:37.273,0.867,Correcto
25,1,1,6,Parada,15:12:43.872,15:12:47.407,3.535,-
25,1,1,6,Ubicacion,15:13:03.606,,,Correcto
25,1,2,1,Parada,15:14:51.205,15:14:54.224,3.019,-
25,1,2,1,Dormir,15:15:11.405,15:15:12.738,1.333,Correcto
25,1,2,1,Dormir,15:15:19.337,15:15:19.905,0.568,Correcto
25,1,2,1,Parada,15:15:26.503,15:15:29.604,3.101,-
25,1,2,1,Parada,15:15:48.369,15:15:51.903,3.534,-
25,1,2,1,Ubicacion,15:16:08.003,,,Correcto
25,1,2,2,Parada,15:17:59.857,,Tiempo excedido,Erroneo
25,1,2,2,Dormir,15:18:22.156,15:18:23.439,1.283,Correcto
25,1,2,2,Dormir,15:18:30.022,15:18:31.156,1.134,Correcto
25,1,2,2,Parada,15:18:37.755,15:18:39.456,1.701,-
25,1,2,2,Parada,15:18:58.220,15:19:00.622,2.402,-
25,1,2,2,Ubicacion,15:19:15.154,,,Correcto
25,1,3,1,Dormir,15:22:30.762,15:22:32.347,1.585,Correcto
25,1,3,1,Dormir,15:22:38.928,15:22:39.662,0.734,Correcto
25,1,3,1,Parada,15:22:46.260,15:22:47.728,1.468,-
25,1,3,1,Parada,15:22:52.394,15:22:53.728,1.334,-
25,1,3,1,Ubicacion,15:22:58.894,,,Correcto
25,3,1,1,Parada,14:58:55.701,14:58:57.921,2.22,-
25,3,1,1,Parada,14:59:04.134,14:59:06.903,2.769,-
25,3,1,1,Dormir,14:59:36.600,14:59:38.200,1.6,Correcto
25,3,1,1,Dormir,14:59:44.799,14:59:46.167,1.368,Correcto
25,3,1,1,Ubicacion,15:00:02.766,,,Correcto
25,3,1,2,Parada,15:01:32.433,15:01:35.219,2.786,-
25,3,1,2,Parada,15:01:41.432,15:01:42.966,1.534,-
25,3,1,2,Dormir,15:02:12.697,15:02:14.065,1.368,Correcto
25,3,1,2,Dormir,15:02:20.664,15:02:21.231,0.567,Correcto
25,3,1,2,Ubicacion,15:02:44.329,,,Correcto
25,3,2,1,Parada,15:04:15.569,15:04:18.955,3.386,-
25,3,2,1,Parada,15:04:37.668,15:04:42.102,4.434,-
25,3,2,1,Parada,15:05:00.867,15:05:03.968,3.101,-
25,3,2,1,Dormir,15:05:11.733,15:05:13.767,2.034,Correcto
25,3,2,1,Dormir,15:05:20.366,15:05:20.967,0.601,Correcto
25,3,2,1,Ubicacion,15:06:02.764,,,Correcto
25,3,2,2,Parada,15:08:19.346,15:08:21.599,2.253,-
25,3,2,2,Parada,15:08:40.334,15:08:43.429,3.095,-
25,3,2,2,Parada,15:09:02.155,15:09:04.156,2.001,-
25,3,2,2,Dormir,15:09:11.954,15:09:13.889,1.935,Correcto
25,3,2,2,Dormir,15:09:20.487,15:09:21.088,0.601,Correcto
25,3,2,2,Ubicacion,15:10:02.586,,,Correcto
25,3,2,3,Parada,15:11:33.425,15:11:35.145,1.72,-
25,3,2,3,Parada,15:11:53.890,15:11:56.592,2.702,-
25,3,2,3,Parada,15:12:15.357,15:12:16.758,1.401,-
25,3,2,3,Dormir,15:12:22.990,15:12:26.158,3.168,Correcto
25,3,2,3,Dormir,15:12:32.756,15:12:34.688,1.932,Correcto
25,3,2,3,Parada,15:12:50.688,15:12:52.983,2.295,-
25,3,2,3,Ubicacion,15:13:18.488,,,Correcto
25,3,2,4,Parada,15:15:04.121,15:15:05.707,1.586,-
25,3,2,4,Parada,15:15:24.453,15:15:26.854,2.401,-
25,3,2,4,Parada,15:15:45.619,15:15:47.812,2.193,-
25,3,2,4,Parada,15:16:08.196,15:16:12.398,4.202,-
25,3,2,4,Dormir,15:16:18.629,15:16:20.329,1.7,Correcto
25,3,2,4,Dormir,15:16:26.928,15:16:28.497,1.569,Correcto
25,3,2,4,Ubicacion,15:17:18.926,,,Erroneo
25,3,2,5,Parada,15:19:08.610,15:19:10.494,1.884,-
25,3,2,5,Parada,15:19:29.241,15:19:31.001,1.76,-
25,3,2,5,Parada,15:19:49.769,15:19:52.069,2.3,-
25,3,2,5,Parada,15:20:10.834,15:20:15.203,4.369,-
25,3,2,5,Dormir,15:20:21.434,15:20:23.166,1.732,Correcto
25,3,2,5,Dormir,15:20:29.767,15:20:31.235,1.468,Correcto
25,3,2,5,Ubicacion,15:21:13.766,,,Correcto
25,3,2,6,Ubicacion,15:23:33.609,,,Correcto
25,3,2,6,Parada,15:23:32.241,15:23:34.536,2.295,-
25,3,2,6,Parada,15:23:53.274,15:23:55.075,1.801,-
25,3,2,6,Parada,15:24:13.807,15:24:15.341,1.534,-
25,3,2,6,Dormir,15:24:23.138,15:24:25.568,2.43,Correcto
25,3,2,6,Dormir,15:24:32.138,15:24:32.807,0.669,Correcto
25,3,2,6,Parada,15:24:47.237,15:24:48.906,1.669,-
25,3,3,1,Parada,15:27:04.465,15:27:07.216,2.751,-
25,3,3,1,Parada,15:27:11.864,15:27:13.733,1.869,-
25,3,3,1,Parada,15:27:18.398,15:27:21.563,3.165,-
25,3,3,1,Parada,15:27:26.230,15:27:28.429,2.199,-
25,3,3,1,Dormir,15:27:37.795,15:27:39.166,1.371,Correcto
25,3,3,1,Dormir,15:27:45.763,15:27:46.564,0.801,Correcto
25,3,3,1,Ubicacion,15:28:04.093,,,Erroneo
25,3,3,1,Ubicacion,15:28:13.494,,,Erroneo
25,3,3,2,Parada,15:29:06.325,15:29:08.459,2.134,-
25,3,3,2,Parada,15:29:13.091,15:29:16.194,3.103,-
25,3,3,2,Parada,15:29:20.858,15:29:23.594,2.736,-
25,3,3,2,Parada,15:29:28.257,15:29:29.859,1.602,-
25,3,3,2,Dormir,15:29:39.223,15:29:40.492,1.269,Correcto
25,3,3,2,Dormir,15:29:47.090,15:29:47.954,0.864,Correcto
25,3,3,2,Ubicacion,15:30:06.057,,,Correcto
25,3,3,3,Parada,15:31:50.195,15:31:52.297,2.102,-
25,3,3,3,Parada,15:31:56.927,15:32:01.128,4.201,-
25,3,3,3,Parada,15:32:05.794,15:32:07.529,1.735,-
25,3,3,3,Parada,15:32:12.193,15:32:14.095,1.902,-
25,3,3,3,Dormir,15:32:23.460,15:32:25.262,1.802,Correcto
25,3,3,3,Dormir,15:32:31.859,15:32:32.760,0.901,Correcto
25,3,3,3,Ubicacion,15:32:46.260,,,Correcto
25,3,3,4,Parada,15:34:43.314,15:34:47.942,4.628,-
25,3,3,4,Parada,15:34:52.580,15:34:55.013,2.433,-
25,3,3,4,Parada,15:34:59.612,15:35:01.115,1.503,-
25,3,3,4,Parada,15:35:05.779,15:35:07.315,1.536,-
25,3,3,4,Dormir,15:35:16.679,15:35:17.647,0.968,Correcto
25,3,3,4,Dormir,15:35:24.245,15:35:25.247,1.002,Correcto
25,3,3,4,Ubicacion,15:35:30.250,,,Erroneo
25,3,3,5,Parada,15:37:12.495,15:37:14.157,1.662,-
25,3,3,5,Parada,15:37:18.785,15:37:23.275,4.49,-
25,3,3,5,Parada,15:37:27.939,15:37:30.074,2.135,-
25,3,3,5,Parada,15:37:34.738,15:37:37.708,2.97,-
25,3,3,5,Dormir,15:37:42.372,15:37:43.773,1.401,Correcto
25,3,3,5,Dormir,15:37:50.372,15:37:51.140,0.768,Correcto
25,3,3,5,Ubicacion,15:37:59.303,,,Erroneo
25,3,3,5,Ubicacion,15:38:01.371,,,Correcto
25,3,3,6,Parada,15:39:17.745,15:39:19.167,1.422,-
25,3,3,6,Parada,15:39:23.810,15:39:24.945,1.135,-
25,3,3,6,Parada,15:39:29.612,15:39:32.546,2.934,-
25,3,3,6,Parada,15:39:37.209,15:39:39.779,2.57,-
25,3,3,6,Dormir,15:39:49.142,15:39:50.778,1.636,Correcto
25,3,3,6,Dormir,15:39:57.376,15:39:58.542,1.166,Correcto
25,3,3,6,Ubicacion,15:40:16.109,,,Erroneo
25,3,3,6,Ubicacion,15:40:17.143,,,Correcto
25,3,3,7,Parada,15:41:16.073,15:41:18.242,2.169,-
25,3,3,7,Parada,15:41:22.873,15:41:24.340,1.467,-
25,3,3,7,Parada,15:41:29.005,15:41:29.871,0.866,-
25,3,3,7,Parada,15:41:34.537,15:41:37.735,3.198,-
25,3,3,7,Dormir,15:41:47.093,15:41:47.662,0.569,Correcto
25,3,3,7,Dormir,15:41:54.260,15:41:55.261,1.001,Correcto
25,3,3,7,Ubicacion,15:42:14.394,,,Correcto
26,1,1,1,Parada,14:59:12.947,14:59:21.296,8.349,-
26,1,1,3,Parada,15:11:38.095,,Tiempo excedido,Erroneo
26,1,1,3,Parada,15:12:00.693,15:12:08.880,8.187,-
26,1,1,4,Dormir,15:14:17.148,15:14:23.568,6.42,Correcto
26,1,1,4,Parada,15:14:34.847,15:14:40.894,6.047,-
26,1,1,4,Parada,15:14:53.335,15:14:58.503,5.168,-
26,1,1,4,Ubicacion,15:15:38.567,,,Correcto
26,1,1,5,Dormir,15:17:11.595,15:17:14.548,2.953,Correcto
26,1,1,5,Parada,15:17:30.528,15:17:35.028,4.5,-
26,1,1,5,Parada,15:17:47.527,15:17:56.113,8.586,-
26,1,1,5,Ubicacion,15:18:36.092,,,Correcto
26,1,1,6,Parada,15:21:02.529,15:21:05.114,2.585,-
26,1,1,6,Parada,15:21:17.595,15:21:20.447,2.852,-
26,1,1,6,Dormir,15:21:53.259,15:21:55.927,2.668,Correcto
26,1,1,6,Ubicacion,15:22:20.392,,,Correcto
26,1,2,1,Parada,15:25:07.872,15:25:10.391,2.519,-
26,1,2,1,Parada,15:25:29.138,15:25:32.524,3.386,-
26,1,2,1,Parada,15:25:51.270,,Tiempo excedido,Erroneo
26,3,1,1,Parada,15:00:11.798,15:00:15.151,3.353,-
26,3,1,1,Parada,15:00:27.631,15:00:33.083,5.452,-
26,3,1,1,Dormir,15:01:18.384,15:01:21.051,2.667,Correcto
26,3,1,1,Ubicacion,15:01:26.084,,,Erroneo
26,3,1,2,Parada,15:03:11.668,15:03:16.186,4.518,-
26,3,1,2,Parada,15:03:22.400,15:03:26.686,4.286,-
26,3,1,2,Dormir,15:03:28.200,15:03:30.867,2.667,Correcto
26,3,1,2,Ubicacion,15:04:32.698,,,Correcto
26,3,1,3,Dormir,15:06:10.320,15:06:12.904,2.584,Correcto
26,3,1,3,Parada,15:06:19.486,15:06:22.753,3.267,-
26,3,1,3,Dormir,15:06:25.852,15:06:28.953,3.101,Correcto
26,3,1,3,Parada,15:06:37.118,15:06:39.770,2.652,-
26,3,1,3,Ubicacion,15:07:18.356,,,Correcto
26,3,2,1,Parada,15:09:04.983,15:09:07.869,2.886,-
26,3,2,1,Ubicacion,15:09:15.649,,,Erroneo
26,3,2,2,Parada,15:10:36.818,15:10:40.452,3.634,-
26,3,2,2,Parada,15:10:59.167,15:11:01.952,2.785,-
26,3,2,2,Parada,15:11:20.699,15:11:22.933,2.234,-
26,3,2,2,Dormir,15:11:52.664,15:11:53.732,1.068,Correcto
26,3,2,2,Ubicacion,15:11:58.764,,,Erroneo
26,3,2,3,Parada,15:13:25.449,,Tiempo excedido,Erroneo
26,3,2,4,Parada,15:15:02.266,15:15:06.647,4.381,-
26,3,2,4,Parada,15:15:25.398,15:15:27.465,2.067,-
26,3,2,4,Parada,15:15:46.231,15:15:49.315,3.084,-
26,3,2,4,Dormir,15:16:37.828,15:16:39.829,2.001,Correcto
26,3,2,4,Ubicacion,15:17:13.227,,,Correcto
26,3,2,5,Parada,15:19:14.193,15:19:17.611,3.418,-
26,3,2,5,Parada,15:19:36.358,15:19:39.644,3.286,-
26,3,2,5,Parada,15:19:58.390,,Tiempo excedido,Erroneo
26,3,2,5,Dormir,15:20:53.588,15:20:54.955,1.367,Correcto
26,3,2,5,Ubicacion,15:21:29.020,,,Correcto
26,3,2,6,Parada,15:23:21.436,15:23:24.521,3.085,-
26,3,2,6,Parada,15:23:43.268,15:23:47.320,4.052,-
26,3,2,6,Parada,15:24:06.067,15:24:09.801,3.734,-
26,3,2,6,Dormir,15:24:58.331,15:24:59.799,1.468,Correcto
26,3,2,6,Ubicacion,15:25:33.330,,,Correcto
26,3,2,7,Parada,15:27:08.597,15:27:12.415,3.818,-
26,3,2,7,Parada,15:27:31.162,15:27:35.630,4.468,-
26,3,2,7,Parada,15:27:54.395,15:27:57.980,3.585,-
26,3,2,7,Dormir,15:28:46.492,15:28:49.560,3.068,Correcto
26,3,2,7,Ubicacion,15:29:22.780,,,Correcto
26,3,2,8,Parada,15:30:41.009,15:30:44.758,3.749,-
26,3,2,8,Parada,15:30:46.275,15:30:48.494,2.219,-
26,3,2,8,Parada,15:30:50.007,15:30:52.782,2.775,-
26,3,2,8,Parada,15:30:54.314,15:30:57.415,3.101,-
26,3,2,8,Dormir,15:31:19.296,15:31:20.430,1.134,Correcto
26,3,2,8,Ubicacion,15:31:25.462,,,Erroneo
26,3,2,8,Dormir,15:31:27.029,15:31:29.796,2.767,Correcto
26,3,2,8,Dormir,15:31:36.350,15:31:38.085,1.735,Correcto
26,3,2,8,Ubicacion,15:31:43.117,,,Erroneo
26,3,2,8,Dormir,15:31:44.683,15:31:46.555,1.872,Correcto
26,3,2,8,Dormir,15:31:53.150,15:31:54.951,1.801,Correcto
26,3,2,8,Ubicacion,15:31:59.983,,,Erroneo
26,3,2,8,Dormir,15:32:01.550,15:32:03.389,1.839,Correcto
26,3,2,8,Ubicacion,15:32:19.370,,,Erroneo
26,3,2,9,Parada,15:33:54.855,15:33:58.040,3.185,-
26,3,2,9,Parada,15:34:26.131,15:34:28.804,2.673,-
26,3,3,1,Parada,15:38:24.753,15:38:29.505,4.752,-
27,1,1,1,Parada,15:05:09.583,15:05:11.303,1.72,-
27,1,1,2,Parada,15:08:42.240,15:08:47.940,5.7,-
27,1,1,2,Parada,15:08:54.133,15:08:58.601,4.468,-
27,1,1,2,Dormir,15:09:01.700,15:09:03.152,1.452,Correcto
27,1,1,2,Parada,15:09:11.299,15:09:13.900,2.601,-
27,1,1,2,Parada,15:09:20.099,15:09:21.933,1.834,-
27,1,1,2,Ubicacion,15:09:28.133,,,Erroneo
27,1,1,2,Dormir,15:09:28.132,15:09:32.565,4.433,Correcto
27,1,1,2,Ubicacion,15:10:08.874,,,Erroneo
27,1,1,3,Dormir,15:11:34.047,15:11:36.033,1.986,Correcto
27,1,1,3,Parada,15:11:42.614,15:11:48.333,5.719,-
27,1,1,3,Parada,15:12:00.778,15:12:03.847,3.069,-
27,1,1,3,Ubicacion,15:12:16.334,,,Erroneo
27,1,1,4,Dormir,15:14:02.818,15:14:04.303,1.485,Correcto
27,1,1,4,Parada,15:14:13.985,15:14:18.386,4.401,-
27,1,1,4,Parada,15:14:24.617,15:14:27.385,2.768,-
27,1,1,4,Parada,15:14:33.554,15:14:38.829,5.275,-
27,1,1,4,Parada,15:14:45.044,15:14:47.911,2.867,-
27,1,1,4,Dormir,15:15:03.543,15:15:06.677,3.134,Correcto
27,1,1,4,Ubicacion,15:15:11.710,,,Erroneo
27,1,1,5,Parada,15:17:10.865,15:17:13.350,2.485,-
27,1,1,5,Parada,15:17:25.831,15:17:28.016,2.185,-
27,1,1,5,Parada,15:17:40.497,15:17:44.397,3.9,-
27,1,1,5,Dormir,15:18:21.928,15:18:24.296,2.368,Correcto
27,1,2,1,Parada,15:19:46.223,15:19:49.143,2.92,-
27,1,2,1,Parada,15:20:07.890,15:20:10.657,2.767,-
27,3,1,1,Parada,15:08:06.456,15:08:10.076,3.62,-
27,3,1,1,Parada,15:08:22.556,15:08:27.190,4.634,-
27,3,1,1,Dormir,15:09:03.154,15:09:05.187,2.033,Correcto
27,3,1,2,Parada,15:10:36.127,15:10:40.013,3.886,-
27,3,1,2,Parada,15:10:52.493,15:10:56.460,3.967,-
27,3,1,2,Dormir,15:11:51.206,15:11:53.607,2.401,Correcto
27,3,2,1,Parada,15:13:06.853,15:13:10.405,3.552,-
27,3,2,1,Parada,15:13:29.118,15:13:30.418,1.3,-
27,3,2,1,Parada,15:13:49.151,15:13:52.418,3.267,-
27,3,2,1,Dormir,15:14:47.148,15:14:48.882,1.734,Correcto
27,3,2,2,Parada,15:16:41.009,,Tiempo excedido,Erroneo
27,3,2,3,Parada,15:17:31.845,15:17:34.065,2.22,-
27,3,2,3,Parada,15:17:52.811,15:17:55.797,2.986,-
27,3,2,4,Parada,15:18:33.559,15:18:35.713,2.154,-
27,3,2,4,Dormir,15:18:51.325,15:18:53.611,2.286,Correcto
27,3,2,4,Parada,15:19:01.758,15:19:05.891,4.133,-
27,3,2,4,Parada,15:19:24.657,15:19:26.690,2.033,-
27,3,2,4,Dormir,15:19:59.077,15:20:00.511,1.434,Correcto
27,3,2,5,Parada,15:21:20.023,,Tiempo excedido,Erroneo
27,3,2,5,Parada,15:21:43.883,15:21:45.801,1.918,-
27,3,2,5,Dormir,15:23:08.685,15:23:11.485,2.8,Correcto
27,3,2,7,Parada,15:25:48.695,15:25:52.280,3.585,-
27,3,2,7,Parada,15:26:20.427,15:26:24.361,3.934,-
27,3,2,8,Parada,15:28:27.015,15:28:29.001,1.986,-
27,3,2,8,Dormir,15:28:35.215,15:28:38.067,2.852,Correcto
27,3,2,8,Parada,15:28:55.613,15:28:57.381,1.768,-
27,3,2,8,Parada,15:29:16.146,15:29:18.347,2.201,-
27,3,2,8,Parada,15:29:37.111,15:29:42.180,5.069,-
27,3,2,8,Dormir,15:29:43.711,15:29:45.345,1.634,Correcto
27,3,2,9,Parada,15:30:42.531,15:30:45.211,2.68,-
27,3,2,9,Parada,15:31:03.951,15:31:07.086,3.135,-
27,3,2,9,Parada,15:31:25.851,15:31:30.535,4.684,-
27,3,2,9,Dormir,15:32:06.532,15:32:08.800,2.268,Correcto
27,3,2,11,Parada,15:34:39.769,15:34:44.154,4.385,-
27,3,2,11,Parada,15:35:02.896,15:35:05.163,2.267,-
27,3,2,11,Parada,15:35:23.889,15:35:25.835,1.946,-
27,3,2,11,Dormir,15:35:30.461,15:35:32.095,1.634,Correcto
27,3,1,1,Parada,15:40:49.790,15:40:54.341,4.551,-
27,3,1,1,Parada,15:41:00.556,15:41:04.790,4.234,-
27,3,1,1,Dormir,15:41:09.455,15:41:12.522,3.067,Correcto
27,3,1,1,Parada,15:41:19.122,15:41:22.422,3.3,-
27,3,1,1,Parada,15:41:28.621,15:41:35.822,7.201,-
27,3,1,1,Ubicacion,15:41:43.588,,,Erroneo
27,3,1,1,Dormir,15:41:43.587,15:41:47.587,4.0,Correcto
27,3,2,1,Parada,15:43:29.438,15:43:31.956,2.518,-
27,3,2,1,Parada,15:43:50.670,,Tiempo excedido,Erroneo
27,3,3,1,Parada,15:45:33.826,15:45:36.811,2.985,-
27,3,3,1,Parada,15:45:41.459,15:45:44.693,3.234,-
27,3,3,1,Dormir,15:45:47.792,15:45:50.125,2.333,Correcto
27,3,3,1,Parada,15:45:56.725,15:45:59.459,2.734,-
27,3,3,1,Parada,15:46:04.124,15:46:07.658,3.534,-
27,3,3,1,Ubicacion,15:46:12.324,,,Erroneo
27,3,3,1,Dormir,15:46:17.023,15:46:19.376,2.353,Erroneo
27,3,3,2,Parada,15:49:26.548,15:49:30.000,3.452,-
27,3,3,2,Parada,15:49:34.647,15:49:37.415,2.768,-
27,3,3,2,Dormir,15:49:40.513,15:49:43.314,2.801,Correcto
27,3,3,2,Parada,15:49:49.913,15:49:52.647,2.734,-
27,3,3,2,Parada,15:49:57.313,15:50:00.147,2.834,-
27,3,3,2,Ubicacion,15:50:04.813,,,Erroneo
27,3,3,2,Dormir,15:50:04.812,15:50:09.947,5.135,Correcto
27,3,3,2,Ubicacion,15:50:38.477,,,Erroneo
27,3,3,3,Parada,15:52:03.306,15:52:05.992,2.686,-
27,3,3,3,Parada,15:52:10.640,15:52:16.075,5.435,-
27,3,3,3,Dormir,15:52:19.172,15:52:21.840,2.668,Correcto
27,3,3,3,Parada,15:52:28.439,15:52:31.873,3.434,-
27,3,3,3,Parada,15:52:36.538,15:52:38.973,2.435,-
27,3,3,3,Ubicacion,15:52:43.638,,,Erroneo
27,3,3,3,Dormir,15:52:48.338,15:52:49.739,1.401,Correcto
27,3,3,3,Ubicacion,15:53:09.504,,,Correcto
2,1,1,1,Parada,14:21:23.215,14:21:31.468,8.253,-
2,1,1,2,Parada,14:23:57.735,14:24:03.388,5.653,-
2,1,1,3,Dormir,14:27:28.342,14:27:34.861,6.519,Correcto
2,1,1,3,Parada,14:27:50.829,14:27:58.715,7.886,-
2,1,1,3,Parada,14:28:11.195,14:28:18.390,7.195,-
2,1,1,3,Ubicacion,14:28:26.188,,,Erroneo
2,1,1,3,Parada,14:28:30.888,14:28:36.922,6.034,-
2,1,1,4,Dormir,14:30:22.517,14:30:24.836,2.319,Correcto
2,1,1,4,Parada,14:30:36.109,14:30:38.712,2.603,-
2,1,1,4,Parada,14:30:51.193,14:30:53.960,2.767,-
2,1,1,4,Ubicacion,14:31:14.392,,,Correcto
2,1,1,5,Dormir,14:32:43.654,14:32:45.774,2.12,Correcto
2,1,1,5,Parada,14:33:01.752,14:33:05.026,3.274,-
2,1,1,5,Ubicacion,14:33:16.430,,,Correcto
2,1,1,5,Parada,14:33:17.495,14:33:19.850,2.355,-
2,1,1,5,Ubicacion,14:33:33.963,,,Correcto
2,1,1,5,Ubicacion,14:33:40.495,,,Correcto
2,1,1,6,Parada,14:38:16.499,14:38:20.618,4.119,-
2,1,1,6,Parada,14:38:26.832,14:38:30.932,4.1,-
2,1,1,6,Dormir,14:38:35.598,14:38:37.499,1.901,Correcto
2,1,1,6,Dormir,14:38:44.098,14:38:46.265,2.167,Correcto
2,1,1,6,Ubicacion,14:38:51.297,,,Erroneo
2,1,1,6,Parada,14:38:52.864,14:38:56.531,3.667,-
2,1,1,6,Parada,14:39:02.763,14:39:08.763,6.0,-
2,1,1,6,Ubicacion,14:39:43.262,,,Correcto
2,1,1,7,Dormir,14:42:15.504,14:42:18.590,3.086,Correcto
2,1,1,7,Dormir,14:42:25.170,14:42:26.837,1.667,Correcto
2,1,1,7,Parada,14:42:33.436,14:42:39.404,5.968,-
2,1,1,7,Parada,14:42:45.636,14:42:53.969,8.333,-
2,1,1,7,Ubicacion,14:42:55.468,,,Erroneo
2,1,1,8,Dormir,14:44:11.576,14:44:15.029,3.453,Correcto
2,1,1,8,Parada,14:44:24.742,14:44:30.809,6.067,-
2,1,1,8,Dormir,14:44:35.475,14:44:38.014,2.539,Correcto
2,1,1,8,Parada,14:44:44.607,14:44:49.208,4.601,-
2,1,1,8,Parada,14:44:55.440,14:45:04.574,9.134,-
2,1,1,8,Parada,14:45:10.806,14:45:18.073,7.267,-
2,1,1,8,Ubicacion,14:45:46.205,,,Correcto
2,1,1,9,Dormir,14:48:52.034,14:48:53.187,1.153,Correcto
2,1,1,9,Dormir,14:48:59.767,14:49:00.768,1.001,Correcto
2,1,1,9,Parada,14:49:07.367,14:49:10.934,3.567,-
2,1,1,9,Ubicacion,14:49:15.167,,,Correcto
2,1,1,9,Parada,14:49:17.167,14:49:20.500,3.333,-
2,1,1,9,Parada,14:49:26.733,14:49:30.200,3.467,-
2,1,1,9,Parada,14:49:36.432,14:49:40.099,3.667,-
2,1,1,9,Ubicacion,14:50:10.164,,,Correcto
2,1,2,1,Parada,14:53:16.982,,Tiempo excedido,Erroneo
2,1,2,2,Parada,14:54:03.313,14:54:06.533,3.22,-
2,1,2,2,Dormir,14:54:23.712,14:54:25.813,2.101,Correcto
2,1,2,2,Parada,14:54:32.412,14:54:37.165,4.753,-
2,1,2,2,Dormir,14:54:51.183,14:54:52.551,1.368,Correcto
2,1,2,2,Parada,14:55:02.282,14:55:04.984,2.702,-
30,1,1,1,Parada,15:00:41.779,15:00:45.631,3.852,-
30,1,1,2,Parada,15:04:07.507,15:04:11.826,4.319,-
30,1,1,2,Parada,15:04:18.040,15:04:22.008,3.968,-
30,1,1,2,Parada,15:04:28.240,15:04:30.974,2.734,-
30,1,1,2,Dormir,15:04:34.073,15:04:36.007,1.934,Correcto
30,1,1,2,Parada,15:04:44.172,15:04:48.173,4.001,-
30,1,1,2,Ubicacion,15:04:50.739,,,Correcto
30,1,1,2,Dormir,15:04:55.972,15:04:58.973,3.001,Correcto
30,1,1,2,Ubicacion,15:05:30.270,,,Correcto
30,1,2,1,Parada,15:07:35.769,15:07:39.422,3.653,-
30,1,2,1,Ubicacion,15:07:58.736,,,Correcto
30,1,2,1,Dormir,15:07:58.135,15:08:00.102,1.967,Correcto
30,1,2,1,Parada,15:08:06.701,15:08:11.502,4.801,-
30,1,2,1,Parada,15:08:30.267,15:08:34.234,3.967,-
30,1,2,1,Ubicacion,15:08:41.734,,,Correcto
30,1,2,1,Dormir,15:08:40.466,15:08:42.534,2.068,Correcto
30,1,2,1,Parada,15:09:00.098,15:09:03.166,3.068,-
30,1,2,1,Ubicacion,15:09:08.332,,,Correcto
30,1,2,1,Ubicacion,15:09:45.852,,,Correcto
30,1,3,1,Parada,15:12:48.987,15:12:51.940,2.953,-
30,1,3,1,Dormir,15:12:55.020,15:12:56.954,1.934,Correcto
30,1,3,1,Parada,15:13:03.553,15:13:09.055,5.502,-
30,1,3,1,Parada,15:13:13.691,15:13:17.425,3.734,-
30,1,3,1,Parada,15:13:22.090,15:13:26.590,4.5,-
30,1,3,1,Ubicacion,15:13:31.257,,,Erroneo
30,1,3,2,Dormir,15:14:17.937,15:14:19.424,1.487,Correcto
30,1,3,2,Parada,15:14:25.999,15:14:28.334,2.335,-
30,1,3,2,Parada,15:14:32.976,15:14:35.944,2.968,-
30,1,3,2,Parada,15:14:40.610,15:14:43.077,2.467,-
30,1,3,2,Ubicacion,15:14:48.310,,,Correcto
30,1,3,2,Parada,15:14:47.643,15:14:49.777,2.134,-
30,1,3,2,Dormir,15:14:52.876,15:14:53.810,0.934,Correcto
30,1,3,2,Ubicacion,15:15:23.903,,,Correcto
30,1,3,4,Parada,15:21:26.062,15:21:29.681,3.619,-
30,1,3,4,Parada,15:21:34.289,15:21:38.039,3.75,-
30,1,3,4,Parada,15:22:01.870,15:22:04.718,2.848,-
30,1,3,4,Parada,15:22:09.282,15:22:12.417,3.135,-
30,1,3,4,Dormir,15:22:21.704,15:22:27.136,5.432,Correcto
30,1,3,4,Ubicacion,15:22:32.141,,,Erroneo
30,1,3,4,Dormir,15:22:33.708,15:22:36.748,3.04,Correcto
30,1,3,4,Ubicacion,15:22:44.892,,,Correcto
30,1,3,4,Ubicacion,15:22:49.752,,,Correcto
30,1,3,4,Ubicacion,15:22:56.845,,,Correcto
30,1,3,6,Dormir,15:24:31.781,15:24:34.357,2.576,Correcto
30,1,3,6,Dormir,15:24:40.946,15:24:42.150,1.204,Correcto
30,1,3,6,Ubicacion,15:24:49.173,,,Correcto
30,1,3,6,Dormir,15:24:48.742,15:24:49.942,1.2,Correcto
30,1,3,6,Ubicacion,15:24:54.973,,,Erroneo
30,1,3,6,Ubicacion,15:24:54.973,,,Erroneo
30,1,3,6,Ubicacion,15:24:55.069,,,Correcto
30,1,3,6,Dormir,15:24:56.529,15:24:57.899,1.37,Correcto
30,1,3,6,Ubicacion,15:25:02.934,,,Erroneo
30,1,3,6,Ubicacion,15:25:02.934,,,Erroneo
30,1,3,6,Ubicacion,15:25:03.135,,,Correcto
30,1,3,6,Dormir,15:25:04.502,15:25:05.604,1.102,Correcto
30,1,3,6,Ubicacion,15:25:10.619,,,Erroneo
30,1,3,6,Ubicacion,15:25:10.620,,,Erroneo
30,1,3,6,Ubicacion,15:25:10.654,,,Correcto
30,1,3,6,Ubicacion,15:25:12.252,,,Correcto
30,1,3,6,Parada,15:25:12.183,15:25:14.352,2.169,-
30,1,3,6,Parada,15:25:15.883,15:25:17.016,1.133,-
30,3,1,2,Dormir,15:04:57.596,15:04:59.515,1.919,Correcto
30,3,1,2,Dormir,15:05:06.095,15:05:07.262,1.167,Correcto
30,3,1,2,Parada,15:05:13.861,15:05:17.295,3.434,-
30,3,1,2,Ubicacion,15:05:19.828,,,Correcto
30,3,1,2,Parada,15:05:23.527,15:05:25.114,1.587,-
30,3,1,2,Parada,15:05:31.328,15:05:33.228,1.9,-
30,3,1,2,Parada,15:05:39.460,15:05:40.661,1.201,-
30,3,1,2,Ubicacion,15:06:07.796,,,Correcto
30,3,2,1,Parada,15:07:58.487,15:07:59.840,1.353,-
30,3,2,1,Ubicacion,15:08:18.020,,,Correcto
30,3,2,1,Dormir,15:08:17.019,15:08:19.186,2.167,Correcto
30,3,2,1,Dormir,15:08:25.785,15:08:27.186,1.401,Correcto
30,3,2,1,Parada,15:08:33.785,15:08:37.786,4.001,-
30,3,2,1,Ubicacion,15:08:43.185,,,Correcto
30,3,2,1,Parada,15:08:56.551,15:08:59.536,2.985,-
30,3,2,1,Parada,15:09:18.254,15:09:19.489,1.235,-
30,3,2,1,Ubicacion,15:09:19.955,,,Correcto
30,3,2,1,Ubicacion,15:09:56.137,,,Correcto
30,3,3,1,Dormir,15:12:38.712,15:12:39.979,1.267,Correcto
30,3,3,1,Dormir,15:12:48.147,15:12:49.578,1.431,Correcto
30,3,3,1,Ubicacion,15:12:54.513,,,Correcto
30,3,3,1,Parada,15:12:56.179,15:13:00.879,4.7,-
30,3,3,1,Parada,15:13:05.543,15:13:08.213,2.67,-
30,3,3,1,Parada,15:13:12.848,15:13:16.281,3.433,-
30,3,3,1,Parada,15:13:20.948,15:13:21.917,0.969,-
30,3,3,1,Ubicacion,15:13:34.989,,,Correcto
30,3,3,2,Dormir,15:16:24.319,15:16:25.319,1.0,Correcto
30,3,3,2,Dormir,15:16:31.917,15:16:32.218,0.301,Correcto
30,3,3,2,Ubicacion,15:16:39.016,,,Correcto
30,3,3,2,Dormir,15:16:38.822,15:16:39.017,0.195,Correcto
30,3,3,2,Ubicacion,15:16:44.049,,,Erroneo
30,3,3,2,Ubicacion,15:16:44.049,,,Erroneo
30,3,3,2,Ubicacion,15:16:44.286,,,Correcto
30,3,3,2,Dormir,15:16:45.615,15:16:47.987,2.372,Correcto
30,3,3,2,Ubicacion,15:16:53.021,,,Erroneo
30,3,3,2,Ubicacion,15:16:53.022,,,Erroneo
30,3,3,2,Ubicacion,15:16:53.118,,,Correcto
30,3,3,2,Dormir,15:16:54.585,15:16:57.253,2.668,Correcto
30,3,3,2,Ubicacion,15:17:02.287,,,Erroneo
30,3,3,2,Ubicacion,15:17:02.288,,,Erroneo
30,3,3,2,Ubicacion,15:17:02.548,,,Correcto
30,3,3,2,Ubicacion,15:17:04.083,,,Correcto
30,3,3,2,Parada,15:17:03.849,15:17:07.817,3.968,-
30,3,3,2,Parada,15:17:09.349,15:17:10.717,1.368,-
30,3,3,3,Dormir,15:20:13.629,,Tiempo excedido,Erroneo
30,3,3,3,Parada,15:20:25.262,,Tiempo excedido,Erroneo
30,3,3,3,Parada,15:20:36.895,15:20:38.364,1.469,-
30,3,3,3,Parada,15:20:39.893,15:20:40.730,0.837,-
30,3,3,4,Dormir,15:21:11.521,15:21:13.418,1.897,Correcto
30,3,3,4,Dormir,15:21:20.009,15:21:21.605,1.596,Correcto
30,3,3,4,Ubicacion,15:21:28.237,,,Correcto
30,3,3,4,Parada,15:21:28.202,15:21:29.638,1.436,-
30,3,3,4,Ubicacion,15:21:31.270,,,Correcto
30,3,3,4,Parada,15:21:31.168,15:21:33.271,2.103,-
30,3,3,4,Parada,15:21:34.768,15:21:36.638,1.87,-
30,3,3,4,Ubicacion,15:21:36.835,,,Correcto
30,3,3,4,Dormir,15:21:38.168,15:21:40.370,2.202,Correcto
30,3,3,4,Ubicacion,15:21:45.395,,,Erroneo
30,3,3,4,Ubicacion,15:21:45.395,,,Erroneo
30,3,3,4,Ubicacion,15:21:46.329,,,Correcto
30,3,3,4,Dormir,15:21:46.962,15:21:48.529,1.567,Correcto
30,3,3,4,Ubicacion,15:21:53.566,,,Erroneo
30,3,3,4,Ubicacion,15:21:53.566,,,Erroneo
30,3,3,4,Ubicacion,15:21:53.663,,,Correcto
30,3,3,4,Ubicacion,15:21:55.164,,,Correcto
30,3,3,4,Parada,15:21:55.128,15:21:56.132,1.004,-
30,3,3,4,Ubicacion,15:21:59.562,,,Correcto
30,3,3,5,Dormir,15:24:29.278,15:24:31.547,2.269,Correcto
30,3,3,5,Dormir,15:24:38.144,15:24:41.477,3.333,Correcto
30,3,3,5,Ubicacion,15:24:42.380,,,Correcto
30,3,3,5,Parada,15:24:48.078,15:24:50.712,2.634,-
30,3,3,5,Parada,15:24:55.376,15:24:57.679,2.303,-
30,3,3,5,Ubicacion,15:25:02.376,,,Correcto
30,3,3,5,Parada,15:25:02.344,15:25:03.742,1.398,-
30,3,3,5,Parada,15:25:08.412,15:25:10.111,1.699,-
30,3,3,7,Parada,15:33:53.597,15:33:59.408,5.811,-
30,3,1,1,Parada,15:36:04.128,15:36:07.062,2.934,-
30,3,3,1,Dormir,15:37:46.363,15:37:50.297,3.934,Correcto
30,3,3,1,Parada,15:37:56.872,15:37:59.274,2.402,-
30,3,3,1,Dormir,15:38:00.806,15:38:02.207,1.401,Correcto
30,3,3,1,Parada,15:38:08.801,15:38:13.301,4.5,-
30,3,3,1,Ubicacion,15:38:14.950,,,Correcto
30,3,3,1,Parada,15:38:14.817,15:38:16.784,1.967,-
30,3,3,1,Parada,15:38:18.316,15:38:21.045,2.729,-
30,3,3,1,Dormir,15:38:30.394,15:38:35.467,5.073,Correcto
30,3,3,1,Ubicacion,15:38:59.298,,,Erroneo
31,1,1,1,Parada,14:42:16.787,14:42:25.640,8.853,-
31,1,1,2,Parada,14:44:58.389,14:44:59.675,1.286,-
31,1,1,3,Dormir,14:47:04.355,14:47:07.940,3.585,Correcto
31,1,1,3,Parada,14:47:23.920,14:47:31.621,7.701,-
31,1,1,3,Parada,14:47:44.120,14:47:47.953,3.833,-
31,1,1,3,Ubicacion,14:47:53.553,,,Correcto
31,1,1,4,Dormir,14:50:02.096,14:50:05.914,3.818,Correcto
31,1,1,4,Parada,14:50:17.195,14:50:21.796,4.601,-
31,1,1,4,Parada,14:50:34.295,14:50:37.496,3.201,-
31,1,1,4,Ubicacion,14:50:49.862,,,Correcto
31,1,2,1,Parada,14:53:29.814,,Tiempo excedido,Erroneo
31,1,2,1,Dormir,14:53:42.713,14:53:44.832,2.119,Correcto
31,1,2,1,Parada,14:54:00.812,,Tiempo excedido,Erroneo
31,1,2,1,Parada,14:54:24.678,14:54:26.545,1.867,-
31,1,2,1,Ubicacion,14:55:28.306,,,Erroneo
31,1,2,2,Parada,14:57:21.218,,Tiempo excedido,Erroneo
31,1,2,3,Parada,14:58:01.966,14:58:03.682,1.716,-
31,1,2,3,Dormir,14:58:20.865,14:58:22.599,1.734,Correcto
31,1,2,3,Parada,14:58:29.137,14:58:33.537,4.4,-
31,1,2,3,Parada,14:58:52.302,14:58:55.436,3.134,-
31,1,2,3,Ubicacion,14:59:03.802,,,Correcto
31,1,2,4,Parada,15:02:08.837,15:02:11.956,3.119,-
31,1,2,4,Dormir,15:02:21.303,15:02:24.771,3.468,Correcto
31,1,2,4,Parada,15:02:39.202,15:02:40.803,1.601,-
31,1,2,4,Ubicacion,15:02:58.535,,,Correcto
31,1,2,4,Parada,15:02:59.535,15:03:02.302,2.767,-
31,1,2,5,Parada,15:06:19.642,15:06:22.794,3.152,-
31,1,2,5,Parada,15:06:41.507,15:06:43.193,1.686,-
31,1,2,5,Dormir,15:06:47.840,15:06:49.641,1.801,Correcto
31,1,2,5,Parada,15:07:08.772,15:07:10.307,1.535,-
31,1,2,5,Parada,15:07:29.066,15:07:30.967,1.901,-
31,1,2,5,Ubicacion,15:08:31.030,,,Correcto
31,1,2,7,Parada,15:11:04.555,15:11:09.540,4.985,-
31,1,2,7,Dormir,15:11:26.721,15:11:29.522,2.801,Correcto
31,1,2,7,Parada,15:11:36.120,15:11:40.452,4.332,-
31,3,1,1,Dormir,15:00:31.815,15:00:33.734,1.919,Correcto
31,3,1,1,Dormir,15:00:43.442,15:00:44.643,1.201,Correcto
31,3,1,1,Parada,15:00:51.237,15:00:54.171,2.934,-
31,3,1,1,Parada,15:01:00.403,15:01:01.904,1.501,-
31,3,1,1,Parada,15:01:08.136,15:01:09.855,1.719,-
31,3,1,1,Ubicacion,15:01:15.736,,,Correcto
31,3,1,1,Parada,15:01:16.069,15:01:17.503,1.434,-
31,3,1,2,Dormir,15:03:14.074,15:03:15.527,1.453,Correcto
31,3,1,2,Parada,15:03:26.807,15:03:28.241,1.434,-
31,3,1,2,Parada,15:03:40.673,15:03:43.840,3.167,-
31,3,1,2,Parada,15:03:56.306,15:03:57.773,1.467,-
31,3,1,2,Ubicacion,15:04:01.740,,,Correcto
31,3,1,2,Parada,15:04:10.272,15:04:11.939,1.667,-
31,3,2,1,Parada,15:07:45.591,15:07:48.142,2.551,-
31,3,2,1,Parada,15:08:06.889,15:08:09.824,2.935,-
31,3,2,1,Parada,15:08:28.588,15:08:30.174,1.586,-
31,3,2,1,Dormir,15:08:31.688,15:08:33.223,1.535,Correcto
31,3,2,1,Parada,15:08:55.487,15:08:56.688,1.201,-
31,3,2,1,Ubicacion,15:09:53.452,,,Correcto
31,3,2,2,Parada,15:11:42.995,15:11:44.881,1.886,-
31,3,2,2,Dormir,15:12:02.028,15:12:05.862,3.834,Correcto
31,3,2,2,Parada,15:12:12.461,15:12:15.028,2.567,-
31,3,2,2,Parada,15:12:33.793,15:12:36.527,2.734,-
31,3,2,2,Parada,15:12:55.292,15:12:58.026,2.734,-
31,3,2,2,Ubicacion,15:13:14.325,,,Correcto
31,3,2,3,Parada,15:15:47.106,15:15:50.525,3.419,-
31,3,2,3,Dormir,15:16:09.272,15:16:10.973,1.701,Correcto
31,3,2,3,Parada,15:16:17.571,15:16:19.939,2.368,-
31,3,2,3,Parada,15:16:38.703,,Tiempo excedido,Erroneo
31,3,2,4,Parada,15:18:00.499,15:18:02.718,2.219,-
31,3,2,4,Parada,15:18:21.465,15:18:24.917,3.452,-
31,3,2,5,Parada,15:19:21.262,15:19:23.647,2.385,-
31,3,2,5,Parada,15:19:42.394,15:19:45.995,3.601,-
31,3,2,5,Parada,15:20:04.760,15:20:09.494,4.734,-
31,3,2,5,Dormir,15:20:26.692,15:20:28.160,1.468,Correcto
31,3,2,5,Parada,15:20:34.758,15:20:37.259,2.501,-
31,3,2,5,Ubicacion,15:21:41.100,,,Correcto
31,3,2,6,Parada,15:23:06.112,15:23:08.331,2.219,-
31,3,2,6,Dormir,15:23:25.511,15:23:27.079,1.568,Correcto
31,3,2,6,Parada,15:23:33.678,15:23:35.512,1.834,-
31,3,2,6,Ubicacion,15:23:40.777,,,Correcto
31,3,2,7,Parada,15:24:22.192,15:24:25.977,3.785,-
31,3,2,7,Dormir,15:24:44.724,15:24:47.125,2.401,Correcto
31,3,2,7,Parada,15:24:53.724,15:24:55.591,1.867,-
31,3,2,7,Ubicacion,15:24:58.924,,,Correcto
31,3,2,8,Dormir,15:25:45.637,15:25:47.523,1.886,Correcto
31,3,2,8,Parada,15:25:54.104,15:25:56.771,2.667,-
31,3,2,9,Parada,15:26:37.702,15:26:39.955,2.253,-
31,3,2,9,Parada,15:26:58.700,15:27:00.435,1.735,-
31,3,2,9,Dormir,15:27:08.233,15:27:09.901,1.668,Correcto
31,3,2,9,Ubicacion,15:27:14.933,,,Erroneo
31,3,2,10,Parada,15:28:03.447,15:28:06.366,2.919,-
31,3,2,10,Dormir,15:28:23.513,15:28:24.913,1.4,Correcto
31,3,2,10,Parada,15:28:31.512,15:28:35.380,3.868,-
31,3,2,10,Parada,15:28:54.112,15:28:55.846,1.734,-
31,3,2,10,Parada,15:29:14.610,15:29:16.245,1.635,-
31,3,2,10,Ubicacion,15:29:41.876,,,Correcto
31,3,2,11,Dormir,15:31:35.554,15:31:37.739,2.185,Correcto
31,3,2,11,Parada,15:31:52.153,15:31:54.853,2.7,-
31,3,2,11,Ubicacion,15:32:04.218,,,Erroneo
31,3,2,12,Dormir,15:32:56.466,15:32:58.585,2.119,Correcto
31,3,2,12,Parada,15:33:05.166,15:33:07.033,1.867,-
31,3,2,12,Ubicacion,15:33:13.265,,,Erroneo
31,3,2,13,Ubicacion,15:33:40.792,,,Erroneo
31,3,2,14,Parada,15:34:19.162,15:34:21.581,2.419,-
31,3,2,14,Parada,15:34:40.328,15:34:42.195,1.867,-
31,3,2,14,Dormir,15:35:00.960,15:35:02.495,1.535,Correcto
31,3,2,14,Ubicacion,15:35:07.526,,,Erroneo
31,3,2,14,Parada,15:35:09.093,15:35:10.727,1.634,-
31,3,2,15,Parada,15:35:44.808,15:35:46.601,1.793,-
31,3,2,15,Parada,15:36:05.307,15:36:07.859,2.552,-
31,3,2,15,Dormir,15:36:14.073,15:36:15.674,1.601,Correcto
31,3,2,15,Parada,15:36:33.205,15:36:35.073,1.868,-
31,3,2,15,Ubicacion,15:36:40.039,,,Correcto
31,3,2,16,Dormir,15:39:40.996,15:39:42.715,1.719,Correcto
31,3,2,16,Parada,15:39:57.129,15:40:00.396,3.267,-
31,3,2,16,Parada,15:40:19.161,15:40:20.995,1.834,-
31,3,2,16,Parada,15:40:39.760,15:40:42.694,2.934,-
31,3,2,16,Ubicacion,15:41:01.260,,,Correcto
31,3,2,16,Parada,15:41:01.459,15:41:02.927,1.468,-
31,3,2,18,Parada,15:44:19.866,,Tiempo excedido,Erroneo
31,3,2,19,Parada,15:45:37.362,15:45:40.448,3.086,-
31,3,2,19,Dormir,15:45:57.594,15:46:00.062,2.468,Correcto
31,3,2,19,Parada,15:46:06.660,15:46:11.512,4.852,-
31,3,2,19,Parada,15:46:30.226,15:46:31.794,1.568,-
31,3,2,19,Ubicacion,15:46:42.726,,,Erroneo
31,3,2,20,Dormir,15:47:16.808,15:47:18.592,1.784,Correcto
31,3,2,20,Parada,15:47:25.173,15:47:29.074,3.901,-
31,3,2,20,Parada,15:47:47.806,15:47:49.773,1.967,-
31,3,2,20,Parada,15:48:08.538,15:48:10.139,1.601,-
31,3,2,20,Parada,15:48:28.904,15:48:30.605,1.701,-
31,3,2,20,Ubicacion,15:48:55.037,,,Correcto
31,3,2,21,Parada,15:52:01.060,15:52:02.912,1.852,-
31,3,2,21,Parada,15:52:21.626,,Tiempo excedido,Erroneo
31,3,2,21,Dormir,15:52:32.958,15:52:35.459,2.501,Correcto
31,3,2,21,Parada,15:52:53.024,15:52:55.058,2.034,-
31,3,2,21,Parada,15:53:13.823,15:53:16.524,2.701,-
32,1,1,1,Parada,14:22:36.089,14:22:41.975,5.886,-
32,1,1,2,Parada,14:24:33.545,14:24:34.898,1.353,-
32,1,1,3,Dormir,14:27:22.419,14:27:27.573,5.154,Erroneo
32,1,1,3,Parada,14:27:32.214,14:27:36.000,3.786,-
32,1,1,3,Parada,14:27:42.213,14:27:45.747,3.534,-
32,1,1,3,Ubicacion,14:28:19.117,,,Correcto
32,1,1,3,Dormir,14:28:18.517,14:28:20.351,1.834,Correcto
32,1,1,4,Dormir,14:29:37.513,14:29:39.199,1.686,Correcto
32,1,1,4,Parada,14:29:55.146,14:29:56.332,1.186,-
32,1,1,4,Parada,14:30:08.812,14:30:10.513,1.701,-
32,1,1,4,Ubicacion,14:30:15.345,,,Correcto
32,1,1,5,Dormir,14:32:07.072,14:32:08.892,1.82,Correcto
32,1,1,5,Dormir,14:32:15.472,14:32:17.239,1.767,Correcto
32,1,1,5,Parada,14:32:25.405,14:32:27.191,1.786,-
32,1,1,5,Parada,14:32:33.404,14:32:36.539,3.135,-
32,1,1,5,Ubicacion,14:33:10.270,,,Correcto
32,1,1,6,Dormir,14:34:55.664,14:34:58.917,3.253,Correcto
32,1,1,6,Dormir,14:35:05.497,14:35:09.364,3.867,Correcto
32,1,1,6,Parada,14:35:17.529,14:35:21.697,4.168,-
32,1,1,6,Parada,14:35:27.929,14:35:30.930,3.001,-
32,1,1,6,Ubicacion,14:35:35.595,,,Erroneo
32,1,1,6,Ubicacion,14:35:36.129,,,Correcto
32,1,1,7,Dormir,14:36:45.842,14:36:48.362,2.52,Correcto
32,1,1,7,Dormir,14:36:54.942,14:36:57.042,2.1,Correcto
32,1,1,7,Parada,14:37:05.208,14:37:11.842,6.634,-
32,1,1,8,Dormir,14:38:19.932,14:38:21.218,1.286,Correcto
32,1,1,8,Dormir,14:38:27.798,14:38:29.199,1.401,Correcto
32,1,1,8,Parada,14:38:37.364,14:38:41.132,3.768,-
32,1,1,8,Parada,14:38:47.364,14:38:50.664,3.3,-
32,1,1,9,Dormir,14:40:01.877,14:40:04.196,2.319,Correcto
32,1,1,9,Dormir,14:40:10.776,14:40:12.844,2.068,Correcto
32,1,1,9,Parada,14:40:20.976,14:40:24.477,3.501,-
32,1,1,9,Ubicacion,14:40:31.243,,,Correcto
32,1,1,9,Parada,14:40:30.709,14:40:33.076,2.367,-
32,1,1,9,Ubicacion,14:40:57.308,,,Correcto
32,1,1,9,Ubicacion,14:41:22.140,,,Correcto
32,1,1,10,Dormir,14:42:43.880,14:42:45.599,1.719,Correcto
32,1,1,10,Dormir,14:42:55.280,14:42:56.713,1.433,Correcto
32,1,1,10,Parada,14:43:03.312,14:43:08.980,5.668,-
32,1,1,10,Ubicacion,14:43:14.346,,,Correcto
32,1,1,10,Parada,14:43:15.212,14:43:17.346,2.134,-
32,1,1,10,Parada,14:43:23.511,14:43:26.346,2.835,-
32,1,1,10,Parada,14:43:32.578,14:43:34.812,2.234,-
32,1,1,10,Ubicacion,14:43:48.744,,,Correcto
32,1,1,10,Ubicacion,14:44:06.609,,,Correcto
32,1,2,1,Parada,14:45:50.404,,Tiempo excedido,Erroneo
32,1,2,1,Ubicacion,14:46:13.337,,,Correcto
32,1,2,1,Parada,14:46:14.270,14:46:17.656,3.386,-
32,1,2,1,Dormir,14:46:25.436,14:46:27.337,1.901,Correcto
32,1,2,1,Dormir,14:46:33.935,14:46:35.036,1.101,Correcto
32,1,2,1,Parada,14:46:49.468,14:46:53.035,3.567,-
32,1,2,2,Parada,14:47:46.604,14:47:50.390,3.786,-
32,1,2,2,Ubicacion,14:48:09.704,,,Correcto
32,1,2,2,Dormir,14:48:09.103,14:48:10.237,1.134,Correcto
32,1,2,2,Dormir,14:48:16.836,14:48:19.837,3.001,Correcto
32,1,2,2,Parada,14:48:26.435,14:48:29.169,2.734,-
32,1,2,2,Parada,14:48:47.934,14:48:50.402,2.468,-
32,1,2,2,Parada,14:49:09.167,14:49:12.434,3.267,-
32,1,2,2,Ubicacion,14:49:24.932,,,Erroneo
32,1,2,2,Ubicacion,14:49:53.731,,,Correcto
32,1,2,3,Parada,14:51:17.255,14:51:19.741,2.486,-
32,1,2,3,Dormir,14:51:36.921,14:51:38.488,1.567,Correcto
32,1,2,3,Ubicacion,14:51:43.520,,,Erroneo
32,1,2,3,Dormir,14:51:45.087,14:51:47.154,2.067,Correcto
32,1,2,3,Parada,14:51:53.753,14:51:57.587,3.834,-
32,1,2,4,Parada,14:52:49.584,14:52:51.871,2.287,-
32,1,2,4,Ubicacion,14:53:09.917,,,Correcto
32,1,2,4,Dormir,14:53:09.049,14:53:12.117,3.068,Correcto
32,1,2,4,Dormir,14:53:18.716,14:53:21.549,2.833,Correcto
32,1,2,4,Parada,14:53:28.148,14:53:31.249,3.101,-
32,1,2,4,Ubicacion,14:53:38.415,,,Correcto
32,1,2,4,Parada,14:53:49.980,14:53:52.881,2.901,-
32,3,1,1,Dormir,14:14:12.609,14:14:14.595,1.986,Correcto
32,3,1,1,Dormir,14:14:21.175,14:14:22.242,1.067,Correcto
32,3,1,1,Parada,14:14:30.407,14:14:34.309,3.902,-
32,3,1,1,Parada,14:14:40.541,14:14:42.408,1.867,-
32,3,1,1,Ubicacion,14:14:49.241,,,Correcto
32,3,1,2,Dormir,14:17:23.405,14:17:25.524,2.119,Correcto
32,3,1,2,Dormir,14:17:32.104,14:17:32.970,0.866,Correcto
32,3,1,2,Ubicacion,14:17:41.672,,,Correcto
32,3,1,2,Parada,14:17:41.104,14:17:45.671,4.567,-
32,3,1,2,Parada,14:17:51.904,14:17:55.604,3.7,-
32,3,1,2,Parada,14:18:01.837,14:18:04.837,3.0,-
32,3,1,2,Parada,14:18:11.069,14:18:13.903,2.834,-
32,3,1,2,Ubicacion,14:18:22.269,,,Correcto
32,3,1,2,Ubicacion,14:18:41.568,,,Correcto
32,3,2,1,Parada,14:20:31.196,14:20:33.782,2.586,-
32,3,2,1,Dormir,14:20:52.528,14:20:54.129,1.601,Correcto
32,3,2,1,Ubicacion,14:20:59.161,,,Erroneo
32,3,2,2,Parada,14:21:51.864,14:21:54.550,2.686,-
32,3,2,2,Dormir,14:22:10.163,14:22:11.582,1.419,Correcto
32,3,2,2,Dormir,14:22:18.163,14:22:18.997,0.834,Correcto
32,3,2,2,Parada,14:22:25.596,14:22:27.762,2.166,-
32,3,2,2,Ubicacion,14:22:34.663,,,Correcto
32,3,2,2,Parada,14:22:46.528,14:22:48.362,1.834,-
32,3,2,2,Parada,14:23:07.093,14:23:09.394,2.301,-
32,3,2,2,Ubicacion,14:23:13.260,,,Correcto
32,3,2,2,Ubicacion,14:23:51.063,,,Correcto
32,3,3,1,Dormir,14:25:25.059,14:25:26.545,1.486,Correcto
32,3,3,1,Dormir,14:25:33.125,14:25:34.426,1.301,Correcto
32,3,3,1,Parada,14:25:41.025,14:25:43.159,2.134,-
32,3,3,1,Ubicacion,14:25:44.125,,,Correcto
32,3,3,1,Parada,14:25:47.791,14:25:49.691,1.9,-
32,3,3,1,Parada,14:25:54.357,14:25:56.858,2.501,-
32,3,3,1,Parada,14:26:01.524,14:26:03.091,1.567,-
32,3,3,1,Ubicacion,14:26:06.357,,,Correcto
32,3,3,1,Ubicacion,14:26:27.789,,,Correcto
33,1,1,1,Parada,16:14:45.139,16:14:47.091,1.952,-
33,1,1,2,Parada,16:16:53.432,16:16:55.318,1.886,-
33,1,1,3,Parada,16:19:31.751,16:19:37.404,5.653,-
33,1,1,4,Parada,16:21:41.163,16:21:43.148,1.985,-
33,1,1,5,Parada,16:24:23.477,16:24:25.362,1.885,-
34,1,1,1,Parada,14:43:03.502,14:43:05.322,1.82,-
34,1,1,2,Parada,14:45:33.939,14:45:35.492,1.553,-
34,1,2,1,Parada,14:47:17.773,14:47:21.393,3.62,-
34,1,2,2,Parada,14:47:56.416,14:47:58.996,2.58,-
34,1,2,2,Parada,14:48:29.841,14:48:34.470,4.629,-
34,1,2,3,Parada,14:49:40.987,14:49:44.441,3.454,-
34,1,2,4,Parada,14:50:37.274,14:50:39.461,2.187,-
34,1,2,5,Parada,14:51:13.406,14:51:14.992,1.586,-
34,1,2,5,Parada,14:51:43.071,14:51:45.425,2.354,-
34,1,2,6,Parada,14:54:41.713,14:54:45.532,3.819,-
34,1,2,7,Parada,14:55:18.654,14:55:22.174,3.52,-
34,1,2,7,Parada,14:55:50.315,14:55:54.448,4.133,-
34,1,3,3,Parada,15:03:10.965,15:03:16.318,5.353,-
35,1,1,1,Parada,15:59:19.559,15:59:21.547,1.988,-
35,1,2,1,Parada,16:02:23.445,16:02:25.085,1.64,-
35,1,2,1,Parada,16:02:53.238,16:02:54.739,1.501,-
35,1,3,1,Parada,16:06:22.745,16:06:31.098,8.353,-
35,1,2,1,Parada,16:09:56.985,16:10:01.537,4.552,-
35,1,2,1,Parada,16:10:29.583,,Tiempo excedido,Erroneo
35,1,2,2,Parada,16:14:17.172,16:14:18.958,1.786,-
35,1,2,2,Parada,16:14:47.069,,Tiempo excedido,Erroneo
35,1,2,3,Parada,16:18:18.638,16:18:22.857,4.219,-
35,1,2,3,Parada,16:18:51.003,16:18:53.903,2.9,-
35,1,2,4,Parada,16:22:09.321,,Tiempo excedido,Erroneo
35,1,2,4,Parada,16:22:42.525,,Tiempo excedido,Erroneo
35,1,2,5,Parada,16:26:20.498,16:26:24.678,4.18,-
35,1,2,5,Parada,16:26:52.785,16:26:56.085,3.3,-
35,3,1,1,Parada,15:53:29.716,15:53:31.202,1.486,-
35,3,1,2,Parada,15:56:02.341,15:56:08.595,6.254,-
35,3,1,3,Dormir,15:59:28.631,15:59:34.151,5.52,Erroneo
35,3,1,3,Parada,15:59:45.064,15:59:50.643,5.579,-
35,3,1,3,Parada,16:00:03.057,16:00:07.552,4.495,-
35,3,1,3,Ubicacion,16:01:11.776,,,Correcto
35,3,1,4,Parada,16:03:21.392,16:03:26.311,4.919,-
35,3,1,4,Parada,16:03:45.057,16:03:47.725,2.668,-
35,3,1,4,Ubicacion,16:04:36.889,,,Correcto
35,3,1,5,Parada,16:06:36.566,16:06:39.585,3.019,-
35,3,1,5,Parada,16:06:52.065,16:06:54.499,2.434,-
35,3,1,5,Dormir,16:07:05.431,16:07:08.298,2.867,Correcto
35,3,1,5,Ubicacion,16:07:45.196,,,Correcto
35,3,2,1,Parada,16:09:19.830,16:09:24.383,4.553,-
35,3,2,1,Parada,16:09:43.129,16:09:47.230,4.101,-
35,3,2,1,Parada,16:10:05.994,16:10:10.947,4.953,-
35,3,2,1,Dormir,16:10:24.993,16:10:27.994,3.001,Correcto
35,3,2,1,Ubicacion,16:11:41.223,,,Correcto
35,3,2,2,Parada,16:13:26.401,16:13:29.020,2.619,-
35,3,2,2,Parada,16:13:47.767,16:13:51.100,3.333,-
35,3,2,2,Parada,16:14:09.865,16:14:12.666,2.801,-
35,3,2,2,Dormir,16:14:29.865,16:14:32.232,2.367,Correcto
35,3,2,2,Ubicacion,16:14:37.264,,,Erroneo
35,3,2,2,Ubicacion,16:15:54.278,,,Correcto
35,3,2,3,Parada,16:17:19.384,16:17:21.904,2.52,-
35,3,2,3,Parada,16:17:40.650,16:17:43.184,2.534,-
35,3,2,3,Parada,16:18:01.949,16:18:04.150,2.201,-
35,3,2,3,Dormir,16:18:11.948,16:18:14.049,2.101,Correcto
35,3,2,3,Ubicacion,16:18:56.747,,,Correcto
35,3,2,4,Parada,16:21:05.168,16:21:08.187,3.019,-
35,3,2,4,Parada,16:21:26.934,16:21:29.268,2.334,-
35,3,2,4,Parada,16:21:47.999,,Tiempo excedido,Erroneo
35,3,2,4,Dormir,16:21:59.332,16:22:02.066,2.734,Correcto
35,3,2,4,Ubicacion,16:22:45.397,,,Correcto
35,3,3,1,Parada,16:25:01.540,16:25:04.292,2.752,-
35,3,3,1,Parada,16:25:13.605,16:25:16.473,2.868,-
35,3,3,1,Dormir,16:25:19.571,16:25:25.872,6.301,Correcto
35,3,3,1,Ubicacion,16:25:45.004,,,Erroneo
35,3,3,2,Parada,16:28:07.925,16:28:10.410,2.485,-
35,3,3,2,Parada,16:28:15.058,16:28:17.425,2.367,-
35,3,3,2,Dormir,16:28:20.524,16:28:25.891,5.367,Correcto
35,3,3,2,Dormir,16:28:45.023,16:28:47.190,2.167,Correcto
35,3,3,2,Ubicacion,16:28:52.223,,,Erroneo
35,3,3,3,Parada,16:30:47.184,16:30:50.870,3.686,-
35,3,3,3,Parada,16:30:55.517,16:30:59.618,4.101,-
35,3,3,3,Dormir,16:31:02.716,16:31:07.417,4.701,Correcto
35,3,3,3,Ubicacion,16:31:47.215,,,Correcto
35,3,1,1,Parada,16:35:04.387,,Tiempo excedido,Erroneo
35,3,1,1,Parada,16:35:20.720,16:35:22.972,2.252,-
35,3,1,1,Dormir,16:35:32.320,16:35:34.887,2.567,Correcto
35,3,1,1,Ubicacion,16:35:46.185,,,Erroneo
35,3,1,1,Dormir,16:35:58.718,16:36:00.952,2.234,Correcto
35,3,1,1,Ubicacion,16:36:12.885,,,Correcto
35,3,2,1,Parada,16:38:46.720,16:38:50.873,4.153,-
35,3,2,1,Parada,16:39:09.620,16:39:12.488,2.868,-
35,3,2,1,Parada,16:39:31.186,16:39:35.320,4.134,-
35,3,2,1,Dormir,16:39:43.118,16:39:47.486,4.368,Correcto
35,3,2,1,Parada,16:40:03.484,16:40:06.518,3.034,-
35,3,2,1,Dormir,16:40:12.750,16:40:15.484,2.734,Correcto
35,3,2,1,Ubicacion,16:40:21.350,,,Correcto
35,3,1,1,Dormir,16:43:16.274,16:43:20.426,4.152,Correcto
35,3,1,1,Dormir,16:43:27.007,16:43:30.575,3.568,Correcto
35,3,1,1,Parada,16:43:38.740,16:43:42.441,3.701,-
35,3,1,1,Parada,16:43:48.645,16:43:53.040,4.395,-
35,3,1,1,Parada,16:43:59.273,16:44:03.773,4.5,-
35,3,1,1,Ubicacion,16:44:10.239,,,Correcto
35,3,1,1,Parada,16:44:10.005,16:44:13.973,3.968,-
37,1,1,1,Parada,15:56:36.845,15:56:43.198,6.353,-
37,1,1,2,Parada,15:59:56.179,16:00:01.332,5.153,-
37,1,1,2,Parada,16:00:20.045,16:00:23.279,3.234,-
37,1,1,2,Ubicacion,16:00:28.579,,,Correcto
37,1,1,3,Parada,16:02:27.022,16:02:29.542,2.52,-
37,1,1,3,Dormir,16:02:34.188,16:02:37.789,3.601,Correcto
37,1,1,3,Parada,16:02:50.643,16:02:53.977,3.334,-
37,1,1,3,Ubicacion,16:03:17.876,,,Correcto
37,1,1,4,Dormir,16:06:13.211,16:06:16.995,3.784,Correcto
37,1,1,4,Parada,16:06:32.970,16:06:35.205,2.235,-
37,1,1,4,Ubicacion,16:06:46.605,,,Correcto
37,1,1,4,Parada,16:06:47.704,16:06:51.071,3.367,-
37,1,1,4,Parada,16:07:03.570,16:07:06.570,3.0,-
37,1,1,4,Parada,16:07:19.069,16:07:20.403,1.334,-
37,1,1,4,Ubicacion,16:07:41.868,,,Correcto
37,1,2,1,Parada,16:10:03.489,16:10:07.541,4.052,-
37,1,2,1,Parada,16:10:26.287,16:10:30.755,4.468,-
37,1,2,1,Ubicacion,16:10:38.555,,,Erroneo
37,1,2,1,Dormir,16:10:38.554,16:10:42.454,3.9,Correcto
37,1,2,1,Dormir,16:10:49.053,16:10:49.920,0.867,Correcto
37,1,2,1,Parada,16:11:04.323,16:11:07.364,3.041,-
37,1,2,1,Parada,16:11:26.129,16:11:28.996,2.867,-
37,1,3,1,Dormir,16:13:33.874,16:13:37.676,3.802,Correcto
37,1,3,1,Dormir,16:13:45.806,16:13:48.339,2.533,Correcto
37,1,3,1,Ubicacion,16:13:58.841,,,Correcto
37,1,3,1,Parada,16:13:54.939,16:14:01.407,6.468,-
37,1,3,1,Parada,16:14:06.066,16:14:07.768,1.702,-
37,1,3,1,Parada,16:14:12.427,16:14:15.263,2.836,-
37,1,3,1,Parada,16:14:19.899,16:14:21.165,1.266,-
37,1,3,1,Ubicacion,16:14:43.721,,,Correcto
37,1,2,1,Ubicacion,16:16:31.642,,,Erroneo
37,1,2,1,Dormir,16:16:33.620,,Tiempo excedido,Erroneo
37,1,2,1,Dormir,16:16:55.919,16:16:57.590,1.671,Correcto
37,1,2,1,Parada,16:17:04.152,16:17:06.389,2.237,-
37,1,2,1,Parada,16:17:25.110,16:17:27.075,1.965,-
37,1,2,2,Dormir,16:19:58.027,16:20:00.057,2.03,Correcto
37,1,2,2,Dormir,16:20:22.293,16:20:23.727,1.434,Correcto
37,1,2,2,Parada,16:20:30.326,16:20:33.395,3.069,-
37,1,2,2,Ubicacion,16:20:51.425,,,Correcto
37,1,2,2,Parada,16:20:52.158,16:20:55.027,2.869,-
37,1,2,2,Parada,16:21:13.729,16:21:17.930,4.201,-
37,1,2,2,Parada,16:21:36.695,16:21:38.127,1.432,-
37,1,3,1,Dormir,16:23:42.527,16:23:46.512,3.985,Correcto
37,1,3,1,Parada,16:23:53.093,16:23:55.796,2.703,-
37,1,3,1,Dormir,16:23:57.327,16:24:01.228,3.901,Correcto
37,1,3,1,Dormir,16:24:07.826,16:24:14.095,6.269,Correcto
37,1,3,1,Ubicacion,16:24:19.126,,,Erroneo
37,1,3,1,Ubicacion,16:24:20.692,,,Erroneo
37,1,3,1,Parada,16:24:20.691,16:24:23.577,2.886,-
37,1,3,1,Parada,16:24:25.092,16:24:26.092,1.0,-
37,1,3,1,Parada,16:24:27.625,16:24:28.194,0.569,-
37,1,2,1,Parada,16:27:18.900,16:27:20.536,1.636,-
37,1,2,1,Dormir,16:27:37.699,16:27:39.467,1.768,Correcto
37,1,2,1,Parada,16:27:46.065,16:27:48.700,2.635,-
37,1,2,1,Dormir,16:27:54.930,16:27:57.600,2.67,Correcto
37,3,1,1,Parada,15:56:01.193,15:56:03.313,2.12,-
37,3,1,1,Dormir,15:56:09.527,15:56:10.661,1.134,Correcto
37,3,1,1,Dormir,15:56:21.959,15:56:24.127,2.168,Correcto
37,3,1,1,Ubicacion,15:56:29.159,,,Erroneo
37,3,1,1,Ubicacion,15:57:14.924,,,Correcto
37,3,1,2,Dormir,15:59:23.257,15:59:25.308,2.051,Correcto
37,3,1,2,Parada,15:59:31.861,15:59:34.541,2.68,-
37,3,1,2,Dormir,15:59:39.206,15:59:40.373,1.167,Correcto
37,3,1,2,Ubicacion,15:59:52.239,,,Correcto
37,3,1,2,Ubicacion,16:00:47.269,,,Correcto
37,3,2,1,Parada,16:03:11.823,16:03:13.174,1.351,-
37,3,2,1,Dormir,16:03:30.355,16:03:32.022,1.667,Correcto
37,3,2,1,Dormir,16:03:38.621,16:03:40.089,1.468,Correcto
37,3,2,1,Parada,16:03:46.688,16:03:48.789,2.101,-
37,3,2,1,Ubicacion,16:03:54.121,,,Correcto
37,3,2,1,Parada,16:04:07.554,,Tiempo excedido,Erroneo
37,3,2,1,Parada,16:04:31.413,,Tiempo excedido,Erroneo
37,3,2,1,Ubicacion,16:04:38.714,,,Correcto
37,3,1,1,Dormir,16:07:39.154,16:07:40.973,1.819,Correcto
37,3,1,1,Dormir,16:07:47.554,16:07:48.855,1.301,Correcto
37,3,1,1,Ubicacion,16:07:57.621,,,Correcto
37,3,1,1,Parada,16:07:57.020,16:07:59.121,2.101,-
37,3,1,1,Parada,16:08:05.353,16:08:06.921,1.568,-
37,3,1,1,Parada,16:08:13.152,16:08:16.187,3.035,-
37,3,1,1,Parada,16:08:22.384,16:08:28.058,5.674,-
37,3,1,1,Ubicacion,16:09:01.417,,,Correcto
37,3,3,1,Dormir,16:11:16.449,16:11:18.701,2.252,Correcto
37,3,3,1,Parada,16:11:26.848,16:11:31.050,4.202,-
37,3,3,1,Parada,16:11:35.713,16:11:37.814,2.101,-
37,3,3,1,Parada,16:11:42.459,16:11:44.059,1.6,-
37,3,3,1,Parada,16:11:48.724,16:11:50.326,1.602,-
37,3,3,1,Ubicacion,16:11:51.359,,,Correcto
37,3,3,1,Dormir,16:11:54.958,16:11:56.093,1.135,Correcto
37,3,3,1,Ubicacion,16:12:16.457,,,Correcto
37,3,1,1,Dormir,16:14:25.489,16:14:27.275,1.786,Correcto
37,3,1,1,Dormir,16:14:36.956,16:14:39.390,2.434,Correcto
37,3,1,1,Ubicacion,16:14:40.723,,,Correcto
37,3,1,1,Parada,16:14:45.989,16:14:49.823,3.834,-
37,3,1,1,Parada,16:14:56.055,16:14:58.956,2.901,-
37,3,1,1,Parada,16:15:05.188,16:15:07.589,2.401,-
37,3,1,1,Parada,16:15:13.821,16:15:16.588,2.767,-
37,3,1,1,Ubicacion,16:15:48.586,,,Correcto
37,3,1,2,Dormir,16:19:04.381,16:19:06.305,1.924,Correcto
37,3,1,2,Dormir,16:19:16.009,16:19:17.110,1.101,Correcto
37,3,1,2,Parada,16:19:23.703,16:19:25.488,1.785,-
37,3,1,2,Parada,16:19:31.702,16:19:36.137,4.435,-
37,3,1,2,Ubicacion,16:19:37.236,,,Correcto
37,3,1,2,Parada,16:19:42.368,16:19:44.470,2.102,-
37,3,1,2,Parada,16:19:50.701,16:19:52.635,1.934,-
37,3,1,2,Ubicacion,16:20:28.972,,,Correcto
3,1,1,2,Parada,15:08:38.800,15:08:40.924,2.124,-
41,1,1,1,Parada,16:47:41.531,16:47:46.350,4.819,-
41,1,1,2,Dormir,16:50:58.354,16:51:00.674,2.32,Correcto
41,1,1,2,Dormir,16:51:07.254,16:51:09.754,2.5,Correcto
41,1,1,2,Parada,16:51:16.353,16:51:18.087,1.734,-
41,1,1,2,Ubicacion,16:51:19.620,,,Erroneo
41,1,1,2,Parada,16:51:24.319,16:51:26.887,2.568,-
41,1,1,2,Parada,16:51:33.086,16:51:38.720,5.634,-
41,1,1,2,Parada,16:51:44.952,16:51:48.919,3.967,-
41,1,1,2,Ubicacion,16:52:16.817,,,Correcto
41,1,2,1,Parada,16:54:47.092,,Tiempo excedido,Erroneo
41,1,2,1,Ubicacion,16:55:09.960,,,Correcto
41,1,2,1,Dormir,16:55:09.358,16:55:12.711,3.353,Correcto
41,1,2,1,Dormir,16:55:19.291,16:55:21.092,1.801,Correcto
41,1,2,1,Parada,16:55:27.691,16:55:32.092,4.401,-
41,1,2,1,Parada,16:55:50.856,16:55:53.857,3.001,-
41,1,2,1,Parada,16:56:12.622,16:56:15.289,2.667,-
41,1,3,1,Dormir,16:59:09.030,16:59:10.816,1.786,Correcto
41,1,3,1,Dormir,16:59:17.396,16:59:20.664,3.268,Correcto
41,1,3,2,Dormir,17:00:36.581,17:00:40.801,4.22,Correcto
41,1,3,2,Dormir,17:00:47.381,17:00:48.748,1.367,Correcto
41,1,3,2,Parada,17:00:55.347,17:00:58.581,3.234,-
41,1,3,2,Ubicacion,17:01:03.240,,,Erroneo
41,1,3,2,Parada,17:01:03.240,17:01:05.342,2.102,-
41,1,3,2,Parada,17:01:10.002,17:01:14.702,4.7,-
41,1,3,2,Parada,17:01:19.368,17:01:23.235,3.867,-
41,1,3,2,Ubicacion,17:01:47.568,,,Correcto
41,1,3,3,Dormir,17:02:53.452,17:02:59.772,6.32,Correcto
41,1,3,3,Dormir,17:03:06.352,17:03:07.952,1.6,Correcto
41,1,3,3,Parada,17:03:14.551,17:03:19.053,4.502,-
41,1,3,3,Ubicacion,17:03:23.718,,,Erroneo
41,1,3,3,Parada,17:03:23.718,17:03:26.252,2.534,-
41,1,3,3,Parada,17:03:30.917,17:03:32.485,1.568,-
41,1,3,3,Parada,17:03:37.150,17:03:39.685,2.535,-
41,1,3,3,Ubicacion,17:04:03.149,,,Erroneo
41,1,3,4,Dormir,17:04:36.170,17:04:38.189,2.019,Correcto
41,1,3,4,Dormir,17:04:44.769,17:04:46.336,1.567,Correcto
41,1,3,4,Ubicacion,17:04:53.669,,,Correcto
41,1,3,4,Parada,17:04:52.936,17:04:55.736,2.8,-
41,1,3,4,Parada,17:05:00.401,17:05:02.269,1.868,-
41,1,3,4,Parada,17:05:06.901,17:05:10.774,3.873,-
41,1,3,4,Parada,17:05:15.367,17:05:16.768,1.401,-
41,1,3,4,Ubicacion,17:05:36.667,,,Correcto
42,1,1,1,Parada,15:04:57.520,15:05:02.322,4.802,-
42,1,1,2,Parada,15:07:31.179,15:07:34.469,3.29,-
42,1,2,1,Parada,15:10:29.993,,Tiempo excedido,Erroneo
42,1,2,1,Parada,15:11:03.258,15:11:07.331,4.073,-
42,1,2,2,Parada,15:13:59.321,15:14:02.207,2.886,-
42,1,2,2,Parada,15:14:31.647,,Tiempo excedido,Erroneo
42,1,2,3,Parada,15:17:47.682,15:17:49.935,2.253,-
42,1,2,3,Parada,15:18:18.047,15:18:19.881,1.834,-
43,1,1,1,Parada,15:50:57.666,15:51:02.818,5.152,-
43,1,1,2,Dormir,15:53:38.164,15:53:44.116,5.952,Correcto
43,1,1,2,Parada,15:53:50.697,15:53:53.397,2.7,-
43,1,1,2,Parada,15:54:05.895,15:54:11.981,6.086,-
43,1,1,2,Ubicacion,15:54:32.095,,,Correcto
43,1,1,3,Parada,15:56:19.189,15:56:21.608,2.419,-
43,1,1,3,Dormir,15:56:34.055,15:56:39.522,5.467,Correcto
43,1,1,3,Parada,15:56:46.104,15:56:48.338,2.234,-
43,1,1,3,Ubicacion,15:56:59.404,,,Correcto
43,1,1,4,Parada,15:58:21.983,15:58:25.002,3.019,-
43,1,1,4,Dormir,15:58:37.482,15:58:39.816,2.334,Correcto
43,1,1,4,Parada,15:58:46.398,15:58:48.099,1.701,-
43,1,1,4,Ubicacion,15:58:51.197,,,Erroneo
43,1,1,5,Parada,15:59:38.028,15:59:40.148,2.12,-
43,1,1,5,Dormir,15:59:52.628,15:59:54.263,1.635,Correcto
43,1,1,5,Parada,16:00:00.861,16:00:02.895,2.034,-
43,1,1,5,Ubicacion,16:00:05.994,,,Erroneo
43,1,1,6,Parada,16:01:01.491,16:01:04.011,2.52,-
43,1,1,6,Dormir,16:01:08.658,16:01:11.159,2.501,Correcto
43,1,1,6,Parada,16:01:17.758,16:01:19.458,1.7,-
43,1,1,6,Parada,16:01:25.691,16:01:27.824,2.133,-
43,1,1,6,Parada,16:01:34.056,16:01:35.724,1.668,-
43,1,1,6,Ubicacion,16:01:50.690,,,Correcto
43,1,1,6,Ubicacion,16:01:56.723,,,Correcto
43,1,1,7,Dormir,16:03:32.918,16:03:35.336,2.418,Correcto
43,1,1,7,Parada,16:03:46.617,16:03:48.418,1.801,-
43,1,1,7,Ubicacion,16:04:00.650,,,Correcto
43,1,1,7,Parada,16:04:00.916,16:04:03.450,2.534,-
43,1,1,8,Dormir,16:05:52.578,16:05:54.630,2.052,Correcto
43,1,1,8,Parada,16:06:01.210,16:06:04.112,2.902,-
43,1,1,8,Ubicacion,16:06:15.643,,,Correcto
43,1,1,9,Dormir,16:08:39.252,16:08:41.072,1.82,Correcto
43,1,1,9,Dormir,16:08:50.785,16:08:53.053,2.268,Correcto
43,1,1,9,Parada,16:08:59.651,16:09:01.653,2.002,-
43,1,1,9,Parada,16:09:07.884,16:09:11.319,3.435,-
43,1,1,9,Ubicacion,16:09:30.318,,,Correcto
43,1,1,10,Parada,16:11:05.862,16:11:07.615,1.753,-
43,1,1,10,Parada,16:11:20.095,16:11:22.196,2.101,-
43,5,1,1,Parada,15:28:40.620,15:28:42.471,1.851,-
43,5,1,1,Dormir,15:28:53.386,15:28:54.786,1.4,Correcto
43,5,1,1,Parada,15:29:01.385,15:29:03.653,2.268,-
43,5,1,1,Ubicacion,15:29:27.651,,,Correcto
43,5,1,2,Parada,15:32:37.330,15:32:39.082,1.752,-
43,5,1,2,Ubicacion,15:33:10.251,,,Erroneo
43,5,1,3,Dormir,15:34:20.914,15:34:23.066,2.152,Correcto
43,5,1,3,Parada,15:34:29.647,15:34:32.015,2.368,-
43,5,1,3,Ubicacion,15:34:43.580,,,Correcto
43,5,1,3,Parada,15:34:44.513,15:34:46.480,1.967,-
43,5,1,3,Ubicacion,15:35:02.078,,,Erroneo
43,5,1,4,Dormir,15:37:36.771,15:37:38.156,1.385,Correcto
43,5,1,4,Dormir,15:37:44.737,15:37:46.272,1.535,Correcto
43,5,1,4,Ubicacion,15:37:52.071,,,Correcto
43,5,1,4,Parada,15:37:52.870,15:37:55.071,2.201,-
43,5,1,4,Parada,15:38:01.303,15:38:02.905,1.602,-
43,5,1,4,Ubicacion,15:38:04.435,,,Erroneo
43,5,1,4,Ubicacion,15:38:07.469,,,Correcto
43,5,1,4,Parada,15:38:09.136,15:38:10.804,1.668,-
43,5,1,4,Ubicacion,15:38:13.030,,,Correcto
43,5,1,4,Parada,15:38:17.024,15:38:18.725,1.701,-
43,5,1,4,Ubicacion,15:38:19.625,,,Correcto
43,5,2,1,Parada,15:40:39.668,15:40:42.386,2.718,-
43,5,2,1,Dormir,15:40:59.567,15:41:01.033,1.466,Correcto
43,5,2,1,Ubicacion,15:41:06.066,,,Erroneo
43,5,2,1,Dormir,15:41:07.633,15:41:09.500,1.867,Correcto
43,5,2,1,Parada,15:41:16.099,15:41:18.233,2.134,-
43,5,2,1,Ubicacion,15:41:23.566,,,Correcto
43,5,2,1,Parada,15:41:36.965,,Tiempo excedido,Erroneo
43,5,2,1,Parada,15:42:00.775,,Tiempo excedido,Erroneo
43,5,2,1,Ubicacion,15:42:08.008,,,Correcto
43,5,2,1,Ubicacion,15:42:46.239,,,Correcto
43,5,3,1,Dormir,15:44:42.733,15:44:51.291,8.558,Correcto
43,5,3,1,Dormir,15:44:57.871,15:44:59.572,1.701,Correcto
43,5,3,1,Parada,15:45:06.171,15:45:09.172,3.001,-
43,5,3,1,Ubicacion,15:45:12.270,,,Erroneo
43,5,3,1,Parada,15:45:13.837,15:45:15.605,1.768,-
43,5,3,1,Ubicacion,15:45:18.703,,,Erroneo
43,5,3,1,Ubicacion,15:45:18.866,,,Correcto
43,5,3,1,Parada,15:45:20.265,15:45:22.182,1.917,-
43,5,3,1,Parada,15:45:26.814,15:45:28.415,1.601,-
43,5,3,1,Ubicacion,15:45:28.416,,,Erroneo
43,5,3,1,Ubicacion,15:45:32.381,,,Correcto
43,5,3,2,Dormir,15:47:21.670,15:47:23.922,2.252,Correcto
43,5,3,2,Dormir,15:47:30.503,15:47:31.837,1.334,Correcto
43,5,3,2,Ubicacion,15:47:39.504,,,Correcto
43,5,3,2,Parada,15:47:38.436,15:47:40.204,1.768,-
43,5,3,2,Ubicacion,15:47:45.002,,,Correcto
43,5,3,2,Parada,15:47:44.869,15:47:46.970,2.101,-
43,5,3,2,Ubicacion,15:47:51.435,,,Correcto
43,5,3,2,Parada,15:47:51.635,15:47:53.636,2.001,-
43,5,3,2,Ubicacion,15:47:56.635,,,Correcto
43,5,3,2,Parada,15:47:58.302,15:48:00.002,1.7,-
43,5,3,2,Ubicacion,15:48:01.202,,,Correcto
44,1,1,1,Parada,15:43:06.441,15:43:08.660,2.219,-
44,1,2,1,Parada,15:46:46.142,,Tiempo excedido,Erroneo
44,1,2,1,Parada,15:47:19.385,15:47:21.785,2.4,-
44,1,2,2,Parada,15:50:43.828,15:50:47.916,4.088,-
44,1,2,2,Parada,15:51:16.060,15:51:17.195,1.135,-
45,1,1,1,Parada,15:05:01.681,15:05:10.034,8.353,-
45,1,1,2,Parada,15:07:15.452,15:07:18.338,2.886,-
45,1,1,3,Parada,15:10:19.504,,Tiempo excedido,Erroneo
45,1,1,4,Parada,15:12:58.741,15:13:02.394,3.653,-
45,1,1,4,Parada,15:13:08.608,15:13:11.974,3.366,-
45,1,1,4,Dormir,15:13:15.073,15:13:16.908,1.835,Correcto
45,1,1,4,Parada,15:13:25.073,15:13:30.240,5.167,-
45,1,1,4,Parada,15:13:36.472,15:13:40.273,3.801,-
45,1,1,4,Ubicacion,15:13:44.073,,,Correcto
45,1,1,4,Dormir,15:13:48.072,15:13:51.139,3.067,Correcto
45,1,1,4,Ubicacion,15:14:24.137,,,Correcto
45,1,2,1,Parada,15:19:15.322,15:19:19.243,3.921,-
45,1,2,1,Dormir,15:19:36.422,,Tiempo excedido,Erroneo
45,1,2,1,Parada,15:19:43.054,,Tiempo excedido,Erroneo
45,1,2,1,Parada,15:20:06.847,,Tiempo excedido,Erroneo
45,1,2,1,Dormir,15:21:03.561,,Tiempo excedido,Erroneo
45,1,2,1,Ubicacion,15:22:04.958,,,Erroneo
45,3,1,1,Dormir,14:57:42.343,14:57:46.395,4.052,Correcto
45,3,1,1,Parada,14:57:56.110,14:58:00.511,4.401,-
45,3,1,1,Parada,14:58:06.742,14:58:11.575,4.833,-
45,3,1,1,Parada,14:58:17.775,14:58:22.309,4.534,-
45,3,1,1,Parada,14:58:28.542,14:58:33.975,5.433,-
45,3,1,1,Dormir,14:59:00.506,14:59:06.940,6.434,Correcto
45,3,1,1,Ubicacion,14:59:18.238,,,Erroneo
45,3,1,2,Parada,15:03:01.200,15:03:05.085,3.885,-
45,3,1,2,Parada,15:03:11.300,15:03:16.233,4.933,-
45,3,1,2,Dormir,15:03:19.332,15:03:22.567,3.235,Correcto
45,3,1,2,Parada,15:03:30.732,15:03:35.432,4.7,-
45,3,1,2,Parada,15:03:41.665,15:03:44.433,2.768,-
45,3,1,2,Ubicacion,15:03:47.132,,,Correcto
45,3,1,2,Dormir,15:03:52.231,15:03:54.931,2.7,Correcto
45,3,1,2,Ubicacion,15:04:25.863,,,Correcto
45,3,2,1,Parada,15:07:56.213,15:08:00.165,3.952,-
45,3,2,1,Dormir,15:08:18.879,15:08:21.380,2.501,Correcto
45,3,2,1,Parada,15:08:27.979,15:08:32.112,4.133,-
45,3,2,1,Parada,15:08:50.844,15:08:54.479,3.635,-
45,3,2,1,Parada,15:09:13.243,,Tiempo excedido,Erroneo
45,3,2,1,Dormir,15:09:33.942,15:09:38.209,4.267,Correcto
45,3,2,1,Ubicacion,15:10:12.275,,,Correcto
45,3,2,2,Parada,15:15:53.734,,Tiempo excedido,Erroneo
45,3,2,2,Parada,15:16:17.600,15:16:20.118,2.518,-
45,3,2,2,Parada,15:16:38.866,15:16:41.300,2.434,-
45,3,2,2,Dormir,15:16:49.098,,Tiempo excedido,Erroneo
45,3,2,2,Parada,15:17:05.096,,Tiempo excedido,Erroneo
45,3,2,2,Dormir,15:17:35.230,15:17:37.531,2.301,Correcto
45,3,2,2,Ubicacion,15:17:42.063,,,Correcto
45,3,2,2,Ubicacion,15:18:20.695,,,Correcto
45,3,2,3,Parada,15:24:36.781,,Tiempo excedido,Erroneo
45,3,2,3,Dormir,15:24:59.080,15:25:01.098,2.018,Correcto
45,3,2,3,Parada,15:25:07.680,15:25:12.081,4.401,-
45,3,2,3,Dormir,15:25:29.212,15:25:31.979,2.767,Correcto
45,3,2,3,Ubicacion,15:25:37.312,,,Correcto
45,3,2,3,Parada,15:25:38.578,15:25:42.512,3.934,-
45,3,2,3,Parada,15:26:01.227,,Tiempo excedido,Erroneo
45,3,2,4,Dormir,15:30:27.847,15:30:31.564,3.717,Correcto
45,3,2,4,Dormir,15:30:38.146,15:30:41.181,3.035,Correcto
45,3,2,4,Parada,15:30:47.779,15:30:51.947,4.168,-
45,3,2,4,Ubicacion,15:30:58.313,,,Correcto
45,3,2,4,Parada,15:31:10.678,15:31:13.546,2.868,-
45,3,2,4,Parada,15:31:32.311,15:31:34.912,2.601,-
45,3,2,4,Ubicacion,15:31:38.544,,,Correcto
45,3,2,4,Parada,15:31:53.676,15:31:57.210,3.534,-
45,3,2,4,Ubicacion,15:32:19.675,,,Correcto
45,3,3,1,Parada,15:38:42.173,15:38:44.958,2.785,-
45,3,3,1,Parada,15:38:49.606,15:38:52.773,3.167,-
45,3,3,1,Dormir,15:38:54.306,15:38:56.273,1.967,Correcto
45,3,3,1,Parada,15:39:04.438,15:39:06.507,2.069,-
45,3,3,1,Parada,15:39:11.171,15:39:13.039,1.868,-
45,3,3,1,Ubicacion,15:39:17.704,,,Erroneo
45,3,3,1,Dormir,15:39:22.404,15:39:25.272,2.868,Correcto
45,3,3,1,Ubicacion,15:39:45.437,,,Correcto
45,3,3,2,Parada,15:42:22.090,15:42:26.008,3.918,-
45,3,3,2,Parada,15:42:30.657,15:42:32.658,2.001,-
45,3,3,2,Dormir,15:42:35.756,15:42:38.690,2.934,Correcto
45,3,3,2,Parada,15:42:45.289,15:42:47.623,2.334,-
45,3,3,2,Parada,15:42:52.288,15:42:57.190,4.902,-
45,3,3,2,Ubicacion,15:43:00.056,,,Correcto
45,3,3,2,Dormir,15:43:01.855,15:43:03.988,2.133,Correcto
45,3,3,2,Ubicacion,15:43:28.720,,,Correcto
46,1,1,1,Parada,15:23:13.648,15:23:15.402,1.754,-
46,1,1,2,Parada,15:24:17.130,15:24:19.883,2.753,-
46,1,1,3,Parada,15:26:52.027,15:26:53.414,1.387,-
46,1,1,1,Parada,15:32:22.762,15:32:26.647,3.885,-
46,1,1,1,Parada,15:32:32.873,,Tiempo excedido,Erroneo
46,1,1,1,Dormir,15:32:49.205,15:32:52.406,3.201,Correcto
46,1,1,1,Parada,15:32:59.004,15:33:05.071,6.067,-
46,1,1,1,Parada,15:33:11.303,,Tiempo excedido,Erroneo
46,1,1,1,Ubicacion,15:33:30.770,,,Erroneo
46,1,1,1,Dormir,15:33:30.769,15:33:33.770,3.001,Correcto
46,1,1,1,Ubicacion,15:34:07.968,,,Correcto
47,1,1,1,Parada,15:49:35.467,15:49:44.114,8.647,-
47,1,1,2,Parada,15:52:06.649,15:52:09.035,2.386,-
47,1,1,3,Dormir,15:53:05.462,15:53:11.382,5.92,Correcto
47,3,1,1,Dormir,14:58:35.590,14:58:39.276,3.686,Erroneo
47,3,1,1,Parada,14:58:40.756,14:58:46.308,5.552,-
47,3,1,1,Dormir,14:58:47.822,14:58:49.823,2.001,Erroneo
47,3,1,1,Parada,14:58:51.355,14:58:52.123,0.768,-
47,3,1,1,Dormir,14:58:56.788,14:58:58.056,1.268,Erroneo
47,3,1,1,Dormir,14:59:04.288,14:59:05.689,1.401,Correcto
47,3,1,1,Dormir,14:59:12.288,14:59:14.222,1.934,Erroneo
47,3,1,1,Dormir,14:59:18.887,14:59:20.022,1.135,Correcto
47,3,1,1,Ubicacion,14:59:25.054,,,Erroneo
47,3,1,1,Dormir,14:59:26.620,14:59:28.455,1.835,Erroneo
47,3,1,1,Dormir,14:59:33.053,14:59:33.854,0.801,Correcto
47,3,1,2,Dormir,15:00:50.760,15:00:54.147,3.387,Erroneo
47,3,1,2,Parada,15:01:00.360,15:01:02.861,2.501,-
47,3,1,2,Parada,15:01:15.360,15:01:17.711,2.351,-
47,3,1,2,Parada,15:01:32.992,15:01:34.893,1.901,-
47,3,1,2,Ubicacion,15:01:47.390,,,Erroneo
47,3,1,2,Parada,15:01:47.390,15:01:50.792,3.402,-
47,3,1,3,Parada,15:02:29.684,15:02:32.236,2.552,-
47,3,1,3,Parada,15:02:44.716,15:02:47.201,2.485,-
47,3,1,3,Ubicacion,15:03:12.815,,,Correcto
47,3,1,3,Dormir,15:03:37.280,15:03:40.415,3.135,Correcto
47,3,1,5,Dormir,15:05:13.914,15:05:16.697,2.783,Erroneo
47,3,2,1,Parada,15:06:09.478,15:06:13.364,3.886,-
47,3,2,1,Ubicacion,15:06:29.478,,,Correcto
47,3,2,1,Parada,15:06:32.077,15:06:36.262,4.185,-
47,3,2,1,Dormir,15:06:40.910,15:06:43.244,2.334,Correcto
47,3,2,1,Parada,15:07:02.376,15:07:06.709,4.333,-
47,3,2,1,Parada,15:07:25.474,,Tiempo excedido,Erroneo
47,3,2,2,Parada,15:09:53.984,15:09:56.569,2.585,-
47,3,2,2,Parada,15:10:24.716,,Tiempo excedido,Erroneo
47,3,2,4,Parada,15:13:31.712,15:13:34.231,2.519,-
47,3,2,4,Parada,15:13:35.745,15:13:36.530,0.785,-
47,3,2,4,Parada,15:13:38.045,15:13:38.946,0.901,-
47,3,2,4,Parada,15:13:40.478,15:13:42.346,1.868,-
47,3,2,4,Ubicacion,15:14:13.800,,,Correcto
47,3,2,4,Dormir,15:14:13.600,,Tiempo excedido,Erroneo
47,3,2,4,Dormir,15:14:28.064,15:14:30.933,2.869,Correcto
47,3,2,5,Parada,15:16:35.553,15:16:42.772,7.219,-
47,3,2,5,Parada,15:17:10.918,15:17:14.851,3.933,-
47,3,2,6,Parada,15:18:13.360,15:18:15.812,2.452,-
47,3,2,6,Parada,15:18:43.891,15:18:48.875,4.984,-
47,3,2,7,Parada,15:21:38.177,,Tiempo excedido,Erroneo
47,3,2,7,Parada,15:23:06.459,15:23:10.912,4.453,-
47,3,2,8,Parada,15:24:26.061,15:24:27.814,1.753,-
47,3,2,8,Parada,15:24:46.544,15:24:48.845,2.301,-
47,3,2,8,Ubicacion,15:24:55.077,,,Erroneo
47,3,2,8,Dormir,15:24:55.076,,Tiempo excedido,Erroneo
47,3,2,9,Parada,15:25:41.069,15:25:43.119,2.05,-
47,3,2,9,Parada,15:26:04.278,15:26:09.264,4.986,-
47,3,2,9,Ubicacion,15:26:13.912,,,Erroneo
47,3,2,9,Dormir,15:26:13.911,15:26:15.345,1.434,Correcto
47,3,2,10,Parada,15:27:01.635,15:27:03.355,1.72,-
47,3,2,10,Dormir,15:27:22.097,15:27:24.232,2.135,Correcto
47,3,2,10,Parada,15:27:30.830,15:27:33.082,2.252,-
47,3,2,10,Parada,15:27:51.829,15:27:53.230,1.401,-
47,3,2,10,Ubicacion,15:27:56.962,,,Correcto
47,3,2,10,Parada,15:28:11.994,15:28:13.562,1.568,-
47,3,2,10,Ubicacion,15:28:34.861,,,Correcto
47,3,2,10,Ubicacion,15:29:18.109,,,Correcto
47,3,2,11,Parada,15:30:10.544,,Tiempo excedido,Erroneo
47,3,2,11,Parada,15:30:17.177,15:30:19.179,2.002,-
47,3,2,11,Parada,15:30:20.711,15:30:23.829,3.118,-
47,3,2,11,Parada,15:30:25.344,15:30:26.278,0.934,-
47,3,2,11,Dormir,15:31:04.275,15:31:05.376,1.101,Correcto
47,3,2,11,Ubicacion,15:31:10.408,,,Erroneo
47,3,2,11,Dormir,15:31:11.975,,Tiempo excedido,Erroneo
47,3,2,11,Dormir,15:31:30.535,15:31:33.302,2.767,Correcto
47,3,2,12,Parada,15:31:48.950,15:31:50.136,1.186,-
47,3,2,12,Parada,15:31:51.650,15:31:52.984,1.334,-
47,3,2,12,Parada,15:31:54.517,15:31:56.036,1.519,-
47,3,2,13,Parada,15:32:32.365,15:32:33.650,1.285,-
47,3,2,13,Parada,15:32:35.165,15:32:36.066,0.901,-
47,3,2,13,Parada,15:32:37.598,15:32:41.467,3.869,-
47,3,2,13,Parada,15:32:42.981,15:32:44.249,1.268,-
47,3,2,14,Parada,15:33:38.528,15:33:40.110,1.582,-
47,3,2,14,Parada,15:34:08.260,15:34:09.528,1.268,-
47,3,3,4,Parada,15:38:39.103,15:38:41.188,2.085,-
48,1,1,1,Parada,16:29:17.222,16:29:21.228,4.006,-
48,1,1,3,Parada,16:32:34.280,16:32:37.033,2.753,-
48,1,1,3,Ubicacion,16:33:03.990,,,Correcto
48,1,2,1,Parada,16:34:23.176,,Tiempo excedido,Erroneo
48,1,2,1,Parada,16:34:56.412,16:34:58.999,2.587,-
48,1,2,1,Parada,16:35:27.115,16:35:31.244,4.129,-
48,1,2,1,Parada,16:35:59.343,16:36:03.943,4.6,-
48,1,3,1,Parada,16:39:01.128,16:39:04.347,3.219,-
48,1,3,2,Parada,16:41:25.227,16:41:28.813,3.586,-
48,1,1,1,Parada,16:45:42.425,16:45:46.111,3.686,-
48,1,1,1,Parada,16:45:52.325,16:45:54.925,2.6,-
48,1,1,1,Dormir,16:45:59.591,16:46:01.292,1.701,Correcto
48,1,1,1,Parada,16:46:07.891,16:46:11.557,3.666,-
48,1,1,1,Parada,16:46:17.790,16:46:19.924,2.134,-
48,1,1,1,Ubicacion,16:46:22.424,,,Correcto
48,1,1,1,Dormir,16:46:27.723,16:46:31.424,3.701,Correcto
48,1,1,1,Ubicacion,16:47:02.988,,,Correcto
48,1,2,1,Parada,16:49:46.390,16:49:50.510,4.12,-
48,1,2,1,Dormir,16:50:07.690,16:50:10.657,2.967,Correcto
48,1,2,1,Parada,16:50:17.257,16:50:19.923,2.666,-
48,1,2,1,Dormir,16:50:26.155,16:50:27.390,1.235,Correcto
48,1,2,1,Ubicacion,16:50:32.556,,,Correcto
48,1,2,1,Parada,16:50:44.954,16:50:47.689,2.735,-
48,1,2,1,Parada,16:51:06.453,16:51:10.887,4.434,-
48,1,2,2,Parada,16:53:59.295,16:54:03.348,4.053,-
48,1,2,2,Ubicacion,16:54:21.162,,,Correcto
48,1,2,2,Dormir,16:54:20.527,16:54:21.728,1.201,Correcto
48,1,2,2,Dormir,16:54:28.327,16:54:30.828,2.501,Correcto
48,1,2,2,Parada,16:54:37.426,16:54:40.461,3.035,-
48,1,2,2,Ubicacion,16:54:46.193,,,Correcto
48,1,2,2,Parada,16:54:59.225,,Tiempo excedido,Erroneo
48,1,2,2,Parada,16:55:23.091,16:55:26.125,3.034,-
48,1,2,2,Ubicacion,16:55:29.991,,,Correcto
48,1,3,1,Dormir,16:58:55.564,16:58:58.250,2.686,Correcto
48,1,3,1,Parada,16:59:06.397,16:59:11.731,5.334,-
48,1,3,1,Parada,16:59:16.396,16:59:18.664,2.268,-
48,1,3,1,Dormir,16:59:21.763,16:59:27.230,5.467,Correcto
48,1,3,1,Ubicacion,16:59:32.262,,,Erroneo
48,1,3,1,Parada,16:59:33.829,16:59:39.596,5.767,-
48,1,3,1,Parada,16:59:44.261,16:59:49.729,5.468,-
48,1,3,1,Ubicacion,17:00:14.327,,,Correcto
4,3,1,1,Parada,14:16:04.732,14:16:10.284,5.552,-
4,3,1,1,Parada,14:16:22.737,14:16:26.698,3.961,-
4,3,1,1,Ubicacion,14:16:38.698,,,Correcto
4,3,1,2,Dormir,14:18:07.420,14:18:13.307,5.887,Erroneo
4,3,1,2,Parada,14:18:24.181,14:18:27.748,3.567,-
4,3,1,2,Parada,14:18:40.213,14:18:43.100,2.887,-
4,3,1,2,Ubicacion,14:19:03.379,,,Erroneo
4,3,1,3,Dormir,14:21:05.898,14:21:08.250,2.352,Correcto
4,3,1,3,Parada,14:21:24.231,14:21:27.931,3.7,-
4,3,1,3,Parada,14:21:40.396,14:21:41.980,1.584,-
4,3,1,3,Ubicacion,14:22:14.828,,,Erroneo
4,3,1,4,Parada,14:23:51.523,14:23:58.309,6.786,-
4,3,1,4,Parada,14:24:10.789,14:24:14.908,4.119,-
4,3,1,4,Parada,14:24:27.388,14:24:33.723,6.335,-
4,3,1,4,Ubicacion,14:24:54.387,,,Correcto
4,3,1,5,Dormir,14:27:18.713,14:27:21.065,2.352,Correcto
4,3,1,5,Parada,14:27:27.646,14:27:29.747,2.101,-
4,3,1,5,Parada,14:27:42.245,14:27:48.513,6.268,-
4,3,1,5,Ubicacion,14:28:14.244,,,Correcto
4,3,1,6,Parada,14:31:44.050,14:31:47.770,3.72,-
4,3,1,6,Parada,14:31:53.983,14:31:58.184,4.201,-
4,3,1,6,Dormir,14:32:02.849,14:32:07.317,4.468,Correcto
4,3,1,6,Parada,14:32:13.915,14:32:18.783,4.868,-
4,3,1,6,Parada,14:32:25.014,14:32:29.116,4.102,-
4,3,1,6,Ubicacion,14:32:36.915,,,Erroneo
4,3,1,6,Dormir,14:32:36.914,14:32:41.781,4.867,Correcto
4,3,1,6,Ubicacion,14:33:12.979,,,Correcto
4,3,1,7,Dormir,14:38:54.307,14:38:58.125,3.818,Correcto
4,3,1,7,Dormir,14:39:04.705,14:39:07.173,2.468,Correcto
4,3,1,7,Parada,14:39:15.339,14:39:22.991,7.652,-
4,3,1,7,Ubicacion,14:39:26.071,,,Erroneo
4,3,1,7,Parada,14:39:29.205,14:39:34.806,5.601,-
4,3,1,7,Parada,14:39:41.038,14:39:47.672,6.634,-
4,3,1,7,Ubicacion,14:39:47.672,,,Erroneo
4,3,1,7,Parada,14:39:53.903,14:39:57.471,3.568,-
4,3,1,7,Ubicacion,14:40:08.403,,,Erroneo
4,3,1,7,Ubicacion,14:40:22.070,,,Correcto
4,3,1,7,Ubicacion,14:40:35.269,,,Correcto
4,3,1,8,Dormir,14:43:59.247,14:44:02.699,3.452,Correcto
4,3,1,8,Dormir,14:44:09.280,14:44:13.415,4.135,Correcto
4,3,1,8,Dormir,14:44:20.013,14:44:25.413,5.4,Correcto
4,3,1,8,Parada,14:44:32.012,14:44:39.913,7.901,-
4,3,1,8,Parada,14:44:41.445,14:44:45.913,4.468,-
4,3,1,8,Parada,14:44:47.445,14:44:54.546,7.101,-
4,3,1,8,Parada,14:44:56.078,14:45:04.211,8.133,-
4,3,1,8,Ubicacion,14:45:20.711,,,Correcto
4,3,2,1,Parada,14:48:00.052,14:48:03.803,3.751,-
4,3,2,1,Parada,14:48:05.318,14:48:08.638,3.32,-
4,3,2,1,Parada,14:48:10.152,14:48:12.452,2.3,-
4,3,2,1,Parada,14:48:13.985,14:48:17.919,3.934,-
4,3,2,1,Dormir,14:48:42.950,14:48:45.151,2.201,Correcto
4,3,2,1,Dormir,14:48:51.749,14:48:54.017,2.268,Correcto
4,3,2,1,Dormir,14:49:00.615,14:49:03.850,3.235,Correcto
4,3,2,1,Dormir,14:49:10.447,14:49:12.950,2.503,Correcto
4,3,2,1,Dormir,14:49:19.547,14:49:21.416,1.869,Correcto
4,3,2,1,Ubicacion,14:49:26.446,,,Erroneo
4,3,2,1,Dormir,14:49:28.013,14:49:30.248,2.235,Correcto
4,3,3,1,Dormir,14:51:59.740,14:52:04.359,4.619,Correcto
4,3,3,1,Parada,14:52:12.506,14:52:16.007,3.501,-
4,3,3,1,Parada,14:52:20.673,14:52:23.207,2.534,-
4,3,3,1,Ubicacion,14:52:25.240,,,Correcto
4,3,3,1,Parada,14:52:27.872,14:52:32.040,4.168,-
4,3,3,1,Ubicacion,14:52:33.739,,,Correcto
4,3,3,1,Ubicacion,14:52:38.305,,,Correcto
4,3,3,2,Dormir,14:54:39.999,14:54:43.051,3.052,Correcto
4,3,3,2,Parada,14:54:55.899,14:54:58.299,2.4,-
4,3,3,2,Ubicacion,14:55:06.265,,,Correcto
4,3,3,2,Parada,14:55:07.664,14:55:09.532,1.868,-
4,3,3,2,Ubicacion,14:55:11.198,,,Correcto
4,3,3,2,Ubicacion,14:55:15.931,,,Correcto
4,3,3,2,Parada,14:55:18.896,14:55:21.331,2.435,-
4,3,3,2,Ubicacion,14:55:23.663,,,Correcto
4,3,3,2,Ubicacion,14:55:26.264,,,Correcto
4,3,3,2,Ubicacion,14:55:30.864,,,Correcto
4,3,3,2,Parada,14:55:30.696,14:55:33.503,2.807,-
4,3,3,2,Ubicacion,14:55:38.385,,,Correcto
4,3,3,2,Ubicacion,14:55:42.985,,,Correcto
4,3,3,2,Ubicacion,14:55:47.618,,,Correcto
4,3,3,2,Ubicacion,14:55:56.917,,,Erroneo
4,3,3,2,Ubicacion,14:56:01.617,,,Erroneo
4,3,3,3,Dormir,14:58:18.383,14:58:24.302,5.919,Correcto
4,3,3,4,Parada,15:01:31.078,15:01:33.264,2.186,-
4,3,3,4,Parada,15:01:47.306,15:01:49.240,1.934,-
4,3,3,4,Parada,15:02:03.305,15:02:06.306,3.001,-
4,3,3,4,Parada,15:02:20.336,15:02:23.105,2.769,-
4,3,3,4,Ubicacion,15:02:28.004,,,Correcto
4,3,3,5,Dormir,15:11:37.149,15:11:39.167,2.018,Correcto
4,3,3,5,Parada,15:11:45.749,15:11:48.450,2.701,-
4,3,3,5,Parada,15:11:57.815,15:12:00.282,2.467,-
4,3,3,5,Parada,15:12:09.647,15:12:16.548,6.901,-
4,3,3,5,Ubicacion,15:12:26.148,,,Correcto
4,3,3,5,Parada,15:12:25.913,15:12:27.714,1.801,-
4,3,3,6,Dormir,15:21:20.002,15:21:24.321,4.319,Correcto
4,3,3,6,Dormir,15:21:30.901,15:21:32.836,1.935,Correcto
4,3,3,6,Parada,15:21:39.434,15:21:43.668,4.234,-
4,3,3,6,Parada,15:21:48.334,15:21:52.602,4.268,-
4,3,3,6,Ubicacion,15:21:53.235,,,Correcto
4,3,3,6,Parada,15:21:57.268,15:22:00.273,3.005,-
4,3,3,6,Ubicacion,15:22:01.906,,,Correcto
4,3,3,6,Parada,15:22:04.932,15:22:07.901,2.969,-
4,3,3,6,Ubicacion,15:22:08.467,,,Correcto
4,3,3,6,Ubicacion,15:22:12.733,,,Correcto
4,3,3,6,Ubicacion,15:22:17.400,,,Correcto
4,3,3,6,Ubicacion,15:22:22.133,,,Correcto
4,3,3,6,Ubicacion,15:22:26.866,,,Correcto
4,3,3,6,Ubicacion,15:22:31.636,,,Correcto
4,3,3,6,Ubicacion,15:22:36.266,,,Correcto
50,1,1,1,Parada,16:51:23.049,16:51:31.402,8.353,-
50,1,1,2,Parada,16:54:53.632,16:54:56.146,2.514,-
50,1,1,3,Dormir,16:56:28.195,16:56:34.036,5.841,Correcto
50,1,1,3,Parada,16:56:49.987,16:56:55.017,5.03,-
50,1,1,3,Parada,16:57:07.477,16:57:13.608,6.131,-
50,1,1,3,Ubicacion,16:57:40.158,,,Erroneo
50,1,1,4,Dormir,17:00:00.073,17:00:03.792,3.719,Correcto
50,1,1,4,Parada,17:00:10.373,17:00:12.291,1.918,-
50,1,1,4,Parada,17:00:24.772,17:00:30.208,5.436,-
50,1,1,4,Ubicacion,17:00:30.209,,,Erroneo
50,1,1,4,Ubicacion,17:00:36.438,,,Erroneo
50,1,1,4,Ubicacion,17:00:42.706,,,Erroneo
50,1,1,4,Parada,17:00:42.705,17:00:46.506,3.801,-
50,1,1,4,Ubicacion,17:00:51.171,,,Erroneo
50,1,1,5,Parada,17:03:22.270,17:03:26.262,3.992,-
50,1,1,5,Dormir,17:03:37.140,17:03:40.771,3.631,Correcto
50,1,1,5,Parada,17:03:47.369,17:03:50.871,3.502,-
50,1,1,5,Ubicacion,17:03:55.534,,,Erroneo
50,1,1,5,Ubicacion,17:04:01.800,,,Erroneo
50,1,1,5,Ubicacion,17:04:08.067,,,Erroneo
50,1,1,5,Ubicacion,17:04:14.301,,,Erroneo
50,1,1,5,Ubicacion,17:04:20.566,,,Erroneo
50,1,1,6,Dormir,17:05:20.331,17:05:23.250,2.919,Correcto
50,1,1,6,Parada,17:05:39.198,17:05:46.930,7.732,-
50,1,1,6,Parada,17:05:59.396,17:06:02.965,3.569,-
50,1,1,6,Ubicacion,17:06:04.494,,,Erroneo
50,1,1,6,Ubicacion,17:06:10.761,,,Erroneo
50,1,1,6,Ubicacion,17:06:17.028,,,Erroneo
50,1,1,6,Ubicacion,17:06:23.294,,,Erroneo
50,1,1,6,Ubicacion,17:06:29.560,,,Erroneo
50,1,1,7,Dormir,17:07:13.095,17:07:15.367,2.272,Correcto
50,1,1,7,Parada,17:07:31.296,17:07:35.699,4.403,-
50,1,1,7,Ubicacion,17:07:45.229,,,Correcto
50,1,1,7,Parada,17:07:48.161,17:07:52.429,4.268,-
50,1,1,7,Ubicacion,17:07:54.129,,,Correcto
50,1,1,7,Ubicacion,17:08:00.330,,,Correcto
50,1,1,7,Ubicacion,17:08:06.595,,,Correcto
50,1,1,7,Ubicacion,17:08:12.795,,,Correcto
50,1,1,8,Dormir,17:10:03.539,17:10:06.805,3.266,Correcto
50,1,1,8,Parada,17:10:22.770,17:10:27.590,4.82,-
50,1,1,8,Ubicacion,17:10:37.231,,,Correcto
50,1,1,8,Parada,17:10:39.997,17:10:41.900,1.903,-
50,1,1,8,Ubicacion,17:10:43.599,,,Correcto
50,1,1,8,Ubicacion,17:10:49.797,,,Correcto
50,1,1,8,Ubicacion,17:10:55.998,,,Correcto
50,1,1,8,Ubicacion,17:11:02.297,,,Correcto
50,1,2,1,Dormir,17:14:44.309,17:14:46.879,2.57,Correcto
50,1,2,1,Parada,17:14:53.441,17:14:55.212,1.771,-
50,1,2,1,Parada,17:15:13.939,17:15:15.709,1.77,-
50,1,2,1,Dormir,17:15:28.184,17:15:30.251,2.067,Correcto
50,1,2,1,Ubicacion,17:15:35.101,,,Correcto
50,1,2,1,Parada,17:15:41.535,17:15:43.668,2.133,-
50,1,2,1,Parada,17:16:02.433,17:16:04.368,1.935,-
50,1,3,1,Dormir,17:19:15.990,17:19:18.209,2.219,Correcto
50,1,3,1,Parada,17:19:31.054,17:19:33.293,2.239,-
51,1,1,1,Parada,14:27:49.023,14:27:53.848,4.825,-
51,1,1,1,Parada,14:28:00.061,14:28:05.163,5.102,-
51,1,1,1,Parada,14:28:11.394,14:28:16.028,4.634,-
51,1,1,1,Dormir,14:28:19.127,14:28:23.414,4.287,Erroneo
51,1,1,1,Parada,14:28:26.488,14:28:29.350,2.862,-
51,1,1,1,Dormir,14:28:43.381,14:28:45.516,2.135,Correcto
51,1,1,1,Ubicacion,14:28:50.548,,,Erroneo
51,1,1,1,Ubicacion,14:29:01.047,,,Correcto
51,1,1,1,Ubicacion,14:29:11.647,,,Correcto
51,1,1,2,Parada,14:31:08.557,14:31:10.710,2.153,-
51,1,1,2,Parada,14:31:16.924,14:31:19.192,2.268,-
51,1,1,2,Parada,14:31:25.423,14:31:28.091,2.668,-
51,1,1,2,Dormir,14:31:31.190,14:31:32.824,1.634,Correcto
51,1,1,2,Ubicacion,14:31:39.790,,,Correcto
51,1,1,2,Dormir,14:31:39.423,14:31:42.423,3.0,Correcto
51,1,1,2,Parada,14:31:49.022,14:31:51.156,2.134,-
51,1,1,2,Ubicacion,14:32:12.088,,,Correcto
51,1,2,1,Parada,14:35:47.246,14:35:50.832,3.586,-
51,1,2,1,Parada,14:36:09.578,14:36:13.663,4.085,-
51,1,2,1,Ubicacion,14:36:22.678,,,Correcto
51,1,2,1,Dormir,14:36:32.410,14:36:33.845,1.435,Correcto
51,1,2,1,Parada,14:36:40.443,14:36:42.577,2.134,-
51,1,2,1,Ubicacion,14:36:51.943,,,Correcto
51,1,2,1,Dormir,14:36:59.775,14:37:01.476,1.701,Correcto
51,1,2,1,Parada,14:37:08.075,14:37:11.075,3.0,-
51,1,2,1,Ubicacion,14:37:58.540,,,Correcto
51,1,2,2,Parada,14:40:03.016,14:40:07.435,4.419,-
51,1,2,2,Ubicacion,14:40:25.316,,,Correcto
51,1,2,2,Parada,14:40:26.148,14:40:28.216,2.068,-
51,1,2,2,Parada,14:40:46.981,14:40:48.915,1.934,-
51,1,2,2,Dormir,14:40:55.147,14:40:56.648,1.501,Correcto
51,1,2,2,Dormir,14:41:03.247,14:41:04.115,0.868,Correcto
51,1,2,2,Parada,14:41:20.113,14:41:23.113,3.0,-
51,1,2,2,Ubicacion,14:41:30.313,,,Correcto
51,1,2,2,Ubicacion,14:42:15.887,,,Correcto
51,1,3,1,Dormir,14:44:49.412,14:44:51.031,1.619,Correcto
51,1,3,1,Dormir,14:44:57.612,14:44:58.879,1.267,Correcto
51,1,3,1,Parada,14:45:05.478,14:45:08.012,2.534,-
51,1,3,1,Ubicacion,14:45:08.512,,,Correcto
51,1,3,1,Parada,14:45:12.678,14:45:14.579,1.901,-
51,1,3,1,Ubicacion,14:45:19.211,,,Correcto
51,1,3,1,Parada,14:45:19.244,14:45:20.578,1.334,-
51,1,3,1,Parada,14:45:25.243,14:45:27.711,2.468,-
51,1,3,1,Ubicacion,14:45:28.411,,,Correcto
51,3,1,1,Parada,14:16:04.101,14:16:06.287,2.186,-
51,3,1,1,Parada,14:16:12.469,14:16:14.670,2.201,-
51,3,1,1,Parada,14:16:20.902,14:16:22.736,1.834,-
51,3,1,1,Dormir,14:16:25.835,14:16:27.336,1.501,Correcto
51,3,1,1,Parada,14:16:35.501,14:16:37.602,2.101,-
51,3,1,1,Ubicacion,14:16:39.134,,,Erroneo
51,3,1,1,Ubicacion,14:16:46.001,,,Correcto
51,3,1,2,Parada,14:19:04.967,14:19:06.086,1.119,-
51,3,1,2,Parada,14:19:12.300,14:19:14.534,2.234,-
51,3,1,2,Dormir,14:19:17.633,14:19:18.667,1.034,Correcto
51,3,1,2,Parada,14:19:26.833,14:19:29.101,2.268,-
51,3,1,2,Parada,14:19:35.332,14:19:36.767,1.435,-
51,3,1,2,Ubicacion,14:19:38.767,,,Correcto
51,3,1,3,Dormir,14:21:14.527,14:21:16.212,1.685,Correcto
51,3,1,3,Dormir,14:21:22.794,14:21:24.028,1.234,Correcto
51,3,1,3,Parada,14:21:32.193,14:21:34.833,2.64,-
51,3,1,3,Ubicacion,14:21:41.755,,,Correcto
51,3,1,3,Parada,14:21:41.021,14:21:43.388,2.367,-
51,3,1,3,Ubicacion,14:21:48.488,,,Correcto
51,3,1,3,Parada,14:21:49.620,14:21:52.454,2.834,-
51,3,1,3,Ubicacion,14:21:56.254,,,Correcto
51,3,1,3,Parada,14:21:58.687,14:22:00.120,1.433,-
51,3,2,1,Parada,14:24:22.940,,Tiempo excedido,Erroneo
51,3,2,1,Ubicacion,14:24:47.707,,,Correcto
51,3,2,1,Parada,14:24:46.806,14:24:49.358,2.552,-
51,3,2,1,Dormir,14:25:04.949,14:25:06.417,1.468,Correcto
51,3,2,1,Parada,14:25:14.582,14:25:17.911,3.329,-
51,3,2,1,Dormir,14:25:33.526,14:25:34.294,0.768,Correcto
51,3,2,1,Parada,14:25:42.459,14:25:45.326,2.867,-
51,3,2,1,Ubicacion,14:25:50.425,,,Correcto
51,3,2,1,Ubicacion,14:26:28.112,,,Correcto
51,3,3,1,Parada,14:29:05.032,14:29:07.184,2.152,-
51,3,3,1,Parada,14:29:08.699,14:29:11.400,2.701,-
51,3,3,1,Dormir,14:29:12.932,14:29:15.333,2.401,Correcto
51,3,3,1,Dormir,14:29:21.931,14:29:22.732,0.801,Correcto
51,3,3,1,Ubicacion,14:29:28.232,,,Correcto
51,3,3,1,Parada,14:29:29.331,14:29:31.665,2.334,-
51,3,3,1,Parada,14:29:33.197,14:29:36.265,3.068,-
51,3,3,1,Ubicacion,14:29:41.997,,,Correcto
51,3,3,1,Ubicacion,14:29:50.297,,,Erroneo
51,3,3,1,Ubicacion,14:29:51.297,,,Correcto
51,3,3,1,Ubicacion,14:29:59.696,,,Erroneo
51,3,3,1,Ubicacion,14:30:00.730,,,Correcto
51,3,3,1,Ubicacion,14:30:04.663,,,Correcto
51,3,3,1,Ubicacion,14:30:09.134,,,Correcto
51,3,3,1,Ubicacion,14:30:13.801,,,Correcto
51,3,3,2,Dormir,14:31:21.886,14:31:23.205,1.319,Correcto
51,3,3,2,Dormir,14:31:31.353,14:31:32.220,0.867,Correcto
51,3,3,2,Ubicacion,14:31:35.420,,,Correcto
51,3,3,2,Parada,14:31:38.819,14:31:40.853,2.034,-
51,3,3,2,Ubicacion,14:31:44.519,,,Correcto
51,3,3,2,Parada,14:31:45.519,14:31:47.353,1.834,-
51,3,3,2,Ubicacion,14:31:49.953,,,Correcto
51,3,3,2,Parada,14:31:52.019,14:31:53.753,1.734,-
51,3,3,2,Ubicacion,14:31:54.385,,,Correcto
51,3,3,2,Parada,14:31:58.418,14:32:00.853,2.435,-
52,1,1,1,Parada,14:22:29.002,14:22:34.753,5.751,-
52,1,1,2,Parada,14:24:28.102,14:24:32.322,4.22,-
52,1,1,3,Parada,14:27:25.498,14:27:30.485,4.987,-
52,1,1,5,Parada,14:36:32.155,14:36:36.274,4.119,-
52,1,1,5,Parada,14:36:48.688,14:36:51.740,3.052,-
52,1,1,5,Dormir,14:36:59.521,14:37:02.388,2.867,Correcto
52,1,1,5,Parada,14:37:12.120,14:37:14.254,2.134,-
52,1,1,5,Ubicacion,14:37:14.254,,,Erroneo
52,1,1,6,Parada,14:38:54.959,14:38:58.512,3.553,-
52,1,1,6,Parada,14:39:10.992,14:39:12.926,1.934,-
52,1,1,6,Parada,14:39:25.424,14:39:27.759,2.335,-
52,1,1,6,Ubicacion,14:39:40.158,,,Correcto
52,1,1,6,Dormir,14:39:43.390,14:39:45.857,2.467,Correcto
52,1,1,7,Parada,14:42:01.255,14:42:03.742,2.487,-
52,1,1,7,Parada,14:42:16.221,14:42:17.774,1.553,-
52,1,1,7,Parada,14:42:30.221,14:42:36.349,6.128,-
52,1,1,7,Ubicacion,14:42:48.842,,,Erroneo
52,1,1,7,Dormir,14:42:55.109,14:42:57.142,2.033,Correcto
52,1,1,7,Ubicacion,14:43:21.441,,,Correcto
52,1,1,8,Parada,14:45:46.623,14:45:52.075,5.452,-
52,1,1,8,Parada,14:45:58.289,14:46:00.556,2.267,-
52,1,1,8,Parada,14:46:06.788,14:46:08.407,1.619,-
52,1,1,8,Ubicacion,14:46:34.321,,,Correcto
52,1,1,8,Dormir,14:46:39.686,14:46:42.287,2.601,Correcto
52,1,1,8,Dormir,14:46:48.886,14:46:51.253,2.367,Correcto
52,1,1,8,Ubicacion,14:47:01.586,,,Correcto
52,1,1,9,Parada,14:49:26.284,14:49:31.870,5.586,-
52,1,1,9,Parada,14:49:38.083,14:49:39.269,1.186,-
52,1,1,9,Parada,14:49:45.483,14:49:46.717,1.234,-
52,1,1,9,Parada,14:49:52.949,14:49:53.883,0.934,-
52,1,1,9,Ubicacion,14:50:18.116,,,Correcto
52,1,1,9,Dormir,14:50:17.348,14:50:18.849,1.501,Correcto
52,1,1,9,Dormir,14:50:25.448,14:50:27.082,1.634,Correcto
52,1,1,9,Ubicacion,14:50:43.713,,,Correcto
53,3,1,1,Parada,14:38:37.473,14:38:39.192,1.719,-
53,3,1,1,Parada,14:38:45.406,14:38:46.459,1.053,-
53,3,1,1,Parada,14:38:52.639,14:38:53.406,0.767,-
53,3,1,1,Parada,14:38:59.639,14:39:00.706,1.067,-
53,3,1,1,Dormir,14:39:11.638,14:39:12.605,0.967,Correcto
53,3,1,1,Ubicacion,14:39:17.638,,,Erroneo
53,3,1,1,Dormir,14:39:30.170,14:39:30.971,0.801,Correcto
53,3,1,2,Parada,14:49:26.708,14:49:29.560,2.852,-
53,3,1,2,Parada,14:49:35.774,14:49:37.708,1.934,-
53,3,1,2,Parada,14:49:43.940,14:49:50.774,6.834,-
53,3,1,2,Parada,14:49:57.023,14:50:00.509,3.486,-
53,3,1,2,Dormir,14:50:01.989,14:50:03.356,1.367,Correcto
53,3,1,2,Dormir,14:50:17.788,14:50:19.123,1.335,Correcto
53,3,1,2,Ubicacion,14:50:33.522,,,Correcto
53,3,1,3,Parada,14:52:45.715,14:52:47.267,1.552,-
53,3,1,3,Parada,14:52:53.481,14:52:54.434,0.953,-
53,3,1,3,Parada,14:53:00.647,14:53:02.981,2.334,-
53,3,1,3,Dormir,14:53:09.213,14:53:10.148,0.935,Correcto
53,3,1,3,Parada,14:53:16.747,14:53:22.846,6.099,-
53,3,1,3,Dormir,14:53:38.479,14:53:39.780,1.301,Correcto
53,3,1,3,Ubicacion,14:53:52.912,,,Correcto
53,3,1,4,Parada,14:57:03.763,14:57:05.416,1.653,-
53,3,1,4,Parada,14:57:17.896,14:57:19.015,1.119,-
53,3,1,4,Dormir,14:57:26.796,14:57:27.529,0.733,Correcto
53,3,1,4,Ubicacion,14:57:32.561,,,Erroneo
53,3,1,4,Ubicacion,14:57:32.562,,,Erroneo
53,3,1,4,Parada,14:57:37.261,14:57:38.529,1.268,-
53,3,1,4,Parada,14:57:50.994,14:57:52.329,1.335,-
53,3,1,5,Parada,15:02:41.341,15:02:42.294,0.953,-
53,3,1,5,Parada,15:02:48.508,15:02:49.927,1.419,-
53,3,1,5,Parada,15:02:56.140,15:02:58.508,2.368,-
53,3,1,5,Dormir,15:03:00.040,15:03:01.341,1.301,Correcto
53,3,1,5,Ubicacion,15:03:13.307,,,Correcto
53,3,1,5,Parada,15:03:11.073,15:03:13.840,2.767,-
53,3,1,5,Dormir,15:03:18.506,15:03:21.607,3.101,Correcto
53,3,1,5,Ubicacion,15:03:52.238,,,Correcto
53,3,2,1,Parada,15:06:45.768,15:06:46.854,1.086,-
53,3,2,1,Parada,15:07:05.600,15:07:06.454,0.854,-
53,3,2,1,Dormir,15:07:20.500,15:07:21.201,0.701,Correcto
53,3,2,1,Parada,15:07:30.932,15:07:31.700,0.768,-
53,3,2,1,Dormir,15:07:44.198,15:07:44.966,0.768,Correcto
53,3,2,1,Parada,15:07:56.264,15:07:57.565,1.301,-
53,3,2,1,Ubicacion,15:07:58.265,,,Correcto
53,3,2,1,Ubicacion,15:08:35.696,,,Correcto
53,3,2,2,Parada,15:11:23.110,15:11:24.496,1.386,-
53,3,2,2,Parada,15:11:43.187,15:11:44.306,1.119,-
53,3,2,2,Parada,15:12:03.053,15:12:03.953,0.9,-
53,3,2,2,Dormir,15:12:07.052,15:12:07.653,0.601,Correcto
53,3,2,2,Ubicacion,15:12:12.586,,,Correcto
53,3,2,2,Parada,15:12:28.318,15:12:29.318,1.0,-
53,3,2,2,Dormir,15:12:30.851,15:12:31.185,0.334,Correcto
53,3,2,2,Ubicacion,15:13:12.716,,,Correcto
53,3,3,1,Parada,15:19:30.564,15:19:31.483,0.919,-
53,3,3,1,Parada,15:19:36.130,15:19:37.116,0.986,-
53,3,3,1,Parada,15:19:41.763,15:19:42.698,0.935,-
53,3,3,1,Dormir,15:19:45.796,15:19:46.630,0.834,Correcto
53,3,3,1,Ubicacion,15:19:50.697,,,Correcto
53,3,3,1,Parada,15:19:53.230,15:19:54.363,1.133,-
53,3,3,1,Dormir,15:20:05.295,15:20:06.030,0.735,Correcto
53,3,3,1,Ubicacion,15:20:21.395,,,Correcto
5,1,1,1,Parada,14:22:09.988,14:22:12.739,2.751,-
5,1,1,2,Parada,14:23:29.383,14:23:33.236,3.853,-
5,1,1,3,Parada,14:26:08.204,14:26:10.623,2.419,-
5,1,1,3,Parada,14:26:16.836,14:26:18.656,1.82,-
5,1,1,3,Parada,14:26:24.836,,Tiempo excedido,Erroneo
5,1,1,3,Parada,14:26:41.141,14:26:43.175,2.034,-
5,1,1,3,Dormir,14:26:50.974,14:26:51.941,0.967,Correcto
5,1,1,3,Ubicacion,14:26:56.973,,,Erroneo
5,1,1,3,Dormir,14:26:58.540,14:26:59.442,0.902,Correcto
5,1,1,3,Ubicacion,14:27:34.238,,,Erroneo
5,1,1,4,Parada,14:31:42.584,14:31:43.569,0.985,-
5,1,1,4,Parada,14:31:49.784,14:31:50.569,0.785,-
5,1,1,4,Dormir,14:31:52.050,14:31:53.151,1.101,Correcto
5,1,1,4,Dormir,14:31:59.750,14:32:00.550,0.8,Correcto
5,1,1,4,Ubicacion,14:32:05.583,,,Erroneo
5,1,1,4,Parada,14:32:08.716,14:32:09.583,0.867,-
5,1,1,4,Parada,14:32:15.816,14:32:16.784,0.968,-
5,1,1,4,Ubicacion,14:32:52.780,,,Erroneo
5,1,1,5,Parada,14:41:13.636,14:41:15.788,2.152,-
5,1,1,5,Parada,14:41:21.968,14:41:23.936,1.968,-
5,1,1,5,Ubicacion,14:41:27.034,,,Erroneo
5,1,1,5,Parada,14:41:30.168,14:41:31.786,1.618,-
5,1,1,5,Parada,14:41:38.001,14:41:39.935,1.934,-
5,1,1,5,Ubicacion,14:42:18.926,,,Erroneo
5,1,2,1,Dormir,14:46:37.892,14:46:38.877,0.985,Correcto
5,1,2,1,Dormir,14:46:45.458,14:46:47.093,1.635,Correcto
5,1,2,1,Parada,14:46:59.957,14:47:01.958,2.001,-
5,1,2,1,Parada,14:47:20.723,14:47:23.042,2.319,-
5,1,2,1,Parada,14:47:41.755,14:47:44.356,2.601,-
5,1,2,1,Ubicacion,14:47:50.588,,,Erroneo
5,1,2,1,Parada,14:48:03.121,14:48:05.088,1.967,-
5,1,2,2,Dormir,14:51:15.729,14:51:17.280,1.551,Correcto
5,1,2,2,Dormir,14:51:23.861,14:51:24.996,1.135,Correcto
5,1,2,2,Parada,14:51:37.861,,Tiempo excedido,Erroneo
5,1,2,2,Parada,14:52:01.727,14:52:05.194,3.467,-
5,1,2,2,Ubicacion,14:52:23.293,,,Correcto
5,1,2,2,Parada,14:52:23.925,14:52:26.859,2.934,-
5,1,2,2,Parada,14:52:45.625,,Tiempo excedido,Erroneo
65,1,1,1,Parada,15:42:51.744,15:42:56.164,4.42,-
65,1,1,1,Parada,15:43:02.377,15:43:05.996,3.619,-
65,1,1,1,Dormir,15:43:07.510,15:43:09.677,2.167,Correcto
65,1,1,1,Parada,15:43:19.404,15:43:22.538,3.134,-
6,1,1,1,Parada,14:22:22.978,14:22:31.393,8.415,-
6,1,1,3,Parada,14:24:31.906,14:24:33.992,2.086,-
6,1,1,4,Parada,14:25:52.080,14:25:56.648,4.568,-
6,1,1,5,Parada,14:29:02.686,14:29:05.755,3.069,-
6,1,1,7,Parada,14:34:29.384,14:34:33.648,4.264,-
6,1,1,7,Parada,14:34:39.827,14:34:43.331,3.504,-
6,1,1,7,Dormir,14:34:47.992,14:34:52.293,4.301,Correcto
6,1,1,7,Dormir,14:34:58.859,14:35:01.961,3.102,Correcto
6,1,1,7,Ubicacion,14:35:06.992,,,Erroneo
6,1,1,7,Parada,14:35:08.559,14:35:14.092,5.533,-
6,1,1,7,Parada,14:35:20.325,14:35:24.126,3.801,-
6,1,1,8,Parada,14:37:22.276,14:37:24.476,2.2,-
6,1,1,8,Parada,14:37:36.942,14:37:43.477,6.535,-
6,1,1,8,Parada,14:37:55.972,14:38:01.342,5.37,-
6,1,1,8,Ubicacion,14:38:11.440,,,Correcto
6,1,1,8,Parada,14:38:13.840,14:38:19.207,5.367,-
6,1,1,8,Dormir,14:38:27.005,14:38:30.938,3.933,Correcto
6,1,1,8,Ubicacion,14:38:35.971,,,Erroneo
6,1,1,8,Ubicacion,14:38:36.137,,,Correcto
6,1,1,9,Dormir,14:39:52.612,14:39:55.084,2.472,Correcto
6,1,1,9,Parada,14:40:04.777,14:40:09.046,4.269,-
6,1,1,9,Parada,14:40:15.277,14:40:20.181,4.904,-
6,1,1,9,Parada,14:40:26.411,14:40:32.681,6.27,-
6,2,1,1,Dormir,14:44:55.563,14:45:02.297,6.734,Correcto
6,2,1,1,Dormir,14:45:08.863,14:45:13.331,4.468,Correcto
6,2,1,1,Parada,14:45:21.496,14:45:25.430,3.934,-
6,2,1,1,Ubicacion,14:45:31.297,,,Correcto
6,2,1,1,Parada,14:45:31.627,14:45:34.197,2.57,-
6,2,1,1,Parada,14:45:40.427,14:45:42.795,2.368,-
6,2,1,1,Parada,14:45:49.027,14:45:51.794,2.767,-
6,2,1,1,Ubicacion,14:46:00.226,,,Correcto
6,2,1,2,Dormir,14:47:06.945,14:47:11.631,4.686,Correcto
6,2,1,2,Dormir,14:47:18.212,14:47:26.113,7.901,Correcto
6,2,1,2,Parada,14:47:34.278,14:47:36.314,2.036,-
6,2,1,2,Ubicacion,14:47:40.943,,,Erroneo
6,2,1,3,Dormir,14:48:40.253,14:48:42.990,2.737,Correcto
6,2,1,3,Dormir,14:48:49.552,14:48:52.386,2.834,Correcto
6,2,1,3,Parada,14:49:00.553,14:49:03.218,2.665,-
6,2,1,3,Ubicacion,14:49:10.286,,,Correcto
6,2,1,3,Parada,14:49:09.451,14:49:13.852,4.401,-
6,2,1,3,Parada,14:49:20.083,14:49:22.853,2.77,-
6,2,1,3,Parada,14:49:29.084,14:49:30.652,1.568,-
6,2,1,3,Ubicacion,14:49:39.184,,,Correcto
6,2,2,1,Parada,14:52:10.476,14:52:14.211,3.735,-
6,2,2,1,Dormir,14:52:32.940,14:52:34.575,1.635,Correcto
6,2,2,1,Dormir,14:52:41.173,14:52:42.476,1.303,Correcto
6,2,2,1,Parada,14:52:49.074,,Tiempo excedido,Erroneo
6,3,1,1,Dormir,14:59:43.356,14:59:45.429,2.073,Correcto
6,3,1,1,Parada,14:59:55.105,14:59:58.338,3.233,-
6,3,1,1,Parada,15:00:04.538,15:00:07.304,2.766,-
6,3,1,1,Dormir,15:00:08.837,15:00:11.505,2.668,Correcto
6,3,1,1,Parada,15:00:21.236,15:00:24.671,3.435,-
6,3,1,1,Ubicacion,15:00:27.705,,,Correcto
6,3,1,1,Parada,15:00:34.204,15:00:36.372,2.168,-
6,3,1,1,Ubicacion,15:00:41.886,,,Correcto
6,3,1,2,Dormir,15:02:11.554,15:02:12.923,1.369,Correcto
6,3,1,2,Parada,15:02:22.620,15:02:25.189,2.569,-
6,3,1,2,Parada,15:02:31.419,15:02:34.655,3.236,-
6,3,1,2,Dormir,15:02:39.317,15:02:43.687,4.37,Correcto
6,3,1,2,Ubicacion,15:02:48.918,,,Erroneo
6,3,2,1,Parada,15:03:57.954,15:04:02.093,4.139,-
6,3,2,2,Parada,15:04:56.384,15:05:00.387,4.003,-
6,3,2,2,Ubicacion,15:05:19.884,,,Correcto
6,3,2,2,Dormir,15:05:19.118,15:05:21.352,2.234,Correcto
6,3,2,2,Dormir,15:05:27.950,15:05:29.385,1.435,Correcto
6,3,2,2,Parada,15:05:35.977,15:05:39.040,3.063,-
6,3,2,2,Parada,15:05:57.804,15:06:02.205,4.401,-
6,3,2,2,Parada,15:06:20.968,15:06:23.837,2.869,-
6,3,2,2,Ubicacion,15:06:27.770,,,Correcto
6,3,3,1,Dormir,15:08:56.850,15:08:58.454,1.604,Correcto
6,3,3,1,Dormir,15:09:05.011,15:09:08.047,3.036,Correcto
6,3,3,1,Ubicacion,15:09:15.481,,,Correcto
6,3,3,1,Parada,15:09:14.644,15:09:17.779,3.135,-
6,3,3,1,Parada,15:09:22.444,15:09:25.078,2.634,-
6,3,3,1,Ubicacion,15:09:27.244,,,Correcto
6,3,3,1,Parada,15:09:29.743,15:09:32.778,3.035,-
6,3,3,1,Parada,15:09:37.442,15:09:39.112,1.67,-
6,3,1,1,Dormir,15:11:25.232,15:11:26.859,1.627,Correcto
6,3,1,1,Dormir,15:11:33.430,15:11:35.700,2.27,Correcto
6,3,1,1,Ubicacion,15:11:44.463,,,Correcto
6,3,1,1,Parada,15:11:43.865,15:11:46.533,2.668,-
6,3,1,1,Parada,15:11:52.764,15:11:54.063,1.299,-
6,3,1,1,Ubicacion,15:11:59.264,,,Correcto
6,3,1,1,Parada,15:12:00.296,15:12:02.197,1.901,-
6,3,1,1,Parada,15:12:08.430,15:12:13.630,5.2,-
6,3,3,2,Dormir,15:14:54.649,15:14:55.936,1.287,Correcto
6,3,3,2,Dormir,15:15:02.515,15:15:04.349,1.834,Correcto
6,3,3,2,Ubicacion,15:15:11.650,,,Correcto
6,3,3,2,Parada,15:15:10.948,15:15:13.518,2.57,-
6,3,3,2,Parada,15:15:18.182,15:15:19.916,1.734,-
6,3,3,2,Ubicacion,15:15:22.947,,,Correcto
6,3,3,2,Parada,15:15:24.581,15:15:27.181,2.6,-
6,3,3,2,Parada,15:15:31.848,15:15:33.549,1.701,-
6,3,3,3,Dormir,15:17:39.263,15:17:40.731,1.468,Correcto
6,3,3,3,Dormir,15:17:47.296,15:17:49.830,2.534,Correcto
6,3,3,3,Ubicacion,15:17:57.229,,,Correcto
6,3,3,3,Parada,15:17:56.428,15:18:00.665,4.237,-
6,3,3,3,Parada,15:18:05.329,15:18:08.796,3.467,-
6,3,3,3,Parada,15:18:13.461,15:18:16.195,2.734,-
6,3,3,3,Parada,15:18:20.862,15:18:23.228,2.366,-
6,3,3,3,Ubicacion,15:18:33.196,,,Correcto
7,1,1,1,Parada,15:06:47.564,15:06:54.123,6.559,-
7,1,1,2,Parada,15:09:14.690,15:09:17.775,3.085,-
7,1,2,1,Parada,15:12:10.947,15:12:14.766,3.819,-
7,1,2,1,Parada,15:12:42.864,15:12:46.731,3.867,-
7,1,2,2,Parada,15:15:42.900,15:15:47.186,4.286,-
7,1,3,1,Dormir,15:18:22.142,15:18:25.928,3.786,Correcto
7,1,3,1,Dormir,15:18:32.508,,Tiempo excedido,Erroneo
7,1,3,1,Parada,15:18:44.141,15:18:47.708,3.567,-
7,1,3,1,Parada,15:18:52.374,15:18:58.974,6.6,-
7,1,3,1,Parada,15:19:03.640,15:19:09.006,5.366,-
7,1,3,1,Parada,15:19:13.673,15:19:17.873,4.2,-
7,1,3,1,Ubicacion,15:19:37.705,,,Correcto
7,3,1,1,Dormir,14:16:55.752,14:16:59.438,3.686,Correcto
7,3,1,1,Dormir,14:17:06.017,14:17:09.785,3.768,Correcto
7,3,1,1,Ubicacion,14:17:20.618,,,Correcto
7,3,1,1,Parada,14:17:17.950,14:17:23.170,5.22,-
7,3,1,2,Dormir,14:20:13.848,14:20:17.100,3.252,Correcto
7,3,1,2,Dormir,14:20:23.681,14:20:25.014,1.333,Correcto
7,3,1,2,Parada,14:20:31.613,14:20:41.414,9.801,-
7,3,1,2,Parada,14:20:47.646,14:20:49.898,2.252,-
7,3,1,2,Ubicacion,14:21:20.767,,,Correcto
7,3,1,3,Dormir,14:23:39.503,14:23:42.056,2.553,Correcto
7,3,1,3,Dormir,14:23:48.637,14:23:51.504,2.867,Correcto
7,3,1,3,Parada,14:23:59.668,14:24:01.587,1.919,-
7,3,1,3,Ubicacion,14:24:04.669,,,Erroneo
7,3,1,3,Parada,14:24:07.803,14:24:10.103,2.3,-
7,3,1,4,Parada,14:26:21.024,14:26:25.210,4.186,-
7,3,1,4,Parada,14:26:31.424,14:26:33.142,1.718,-
7,3,1,4,Dormir,14:26:34.657,14:26:36.391,1.734,Correcto
7,3,1,4,Dormir,14:26:42.989,14:26:48.290,5.301,Erroneo
7,3,1,4,Ubicacion,14:27:11.721,,,Erroneo
7,3,1,5,Parada,14:29:40.297,14:29:42.449,2.152,-
7,3,1,5,Parada,14:29:48.630,14:29:51.149,2.519,-
7,3,1,5,Dormir,14:30:05.196,14:30:06.230,1.034,Correcto
7,3,1,5,Dormir,14:30:12.829,14:30:18.430,5.601,Correcto
7,3,1,5,Ubicacion,14:30:20.796,,,Correcto
7,3,1,6,Parada,14:32:49.938,14:32:51.890,1.952,-
7,3,1,6,Parada,14:32:58.070,14:33:00.043,1.973,-
7,3,1,6,Dormir,14:33:01.571,14:33:03.371,1.8,Correcto
7,3,1,6,Dormir,14:33:20.936,14:33:23.337,2.401,Correcto
7,3,1,6,Ubicacion,14:33:25.903,,,Correcto
7,3,1,6,Ubicacion,14:33:57.079,,,Correcto
7,3,1,7,Dormir,14:37:28.085,14:37:31.976,3.891,Correcto
7,3,1,7,Parada,14:37:41.685,14:37:44.352,2.667,-
7,3,1,7,Parada,14:37:50.584,14:37:54.670,4.086,-
7,3,1,7,Ubicacion,14:38:04.851,,,Correcto
7,3,1,7,Dormir,14:38:02.450,14:38:05.518,3.068,Correcto
7,3,1,7,Ubicacion,14:38:10.550,,,Erroneo
7,3,1,7,Ubicacion,14:38:10.551,,,Erroneo
7,3,1,7,Ubicacion,14:38:13.317,,,Correcto
7,3,1,7,Ubicacion,14:38:28.216,,,Erroneo
7,3,1,7,Ubicacion,14:38:34.426,,,Erroneo
7,3,1,7,Ubicacion,14:38:34.560,,,Correcto
7,3,1,7,Ubicacion,14:38:41.849,,,Correcto
7,3,3,1,Parada,14:41:05.025,14:41:06.943,1.918,-
7,3,3,1,Parada,14:41:20.990,14:41:24.609,3.619,-
7,3,3,1,Parada,14:41:38.656,14:41:40.557,1.901,-
7,3,3,1,Parada,14:41:54.622,14:41:56.590,1.968,-
8,1,1,1,Parada,14:22:37.418,14:22:44.170,6.752,-
8,1,1,2,Parada,14:25:20.154,14:25:26.107,5.953,-
8,1,1,3,Parada,14:28:31.490,14:28:34.507,3.017,-
8,1,2,1,Parada,14:31:02.972,14:31:07.758,4.786,-
8,1,2,1,Parada,14:31:35.870,14:31:40.737,4.867,-
8,1,2,2,Parada,14:35:22.220,14:35:24.872,2.652,-
8,1,2,2,Parada,14:35:53.019,14:35:55.504,2.485,-
8,2,1,1,Parada,14:40:41.487,14:40:44.374,2.887,-
8,2,1,2,Parada,14:43:05.264,14:43:08.550,3.286,-
8,2,1,3,Parada,14:46:34.792,14:46:42.212,7.42,-
8,2,1,3,Parada,14:46:54.691,14:46:57.610,2.919,-
8,2,1,3,Parada,14:47:10.091,14:47:12.592,2.501,-
8,2,1,3,Parada,14:47:25.090,14:47:28.123,3.033,-
8,2,1,3,Dormir,14:47:45.322,14:47:47.356,2.034,Correcto
8,2,1,3,Ubicacion,14:47:52.389,,,Erroneo
8,2,1,5,Dormir,14:49:27.945,14:49:33.564,5.619,Correcto
8,2,1,6,Dormir,14:50:11.065,14:50:12.785,1.72,Correcto
8,2,1,6,Parada,14:50:28.731,14:50:31.231,2.5,-
8,2,1,6,Parada,14:50:43.730,14:50:45.331,1.601,-
8,2,1,6,Parada,14:50:57.829,14:51:01.630,3.801,-
8,2,1,6,Parada,14:51:14.095,14:51:16.196,2.101,-
8,2,1,6,Ubicacion,14:51:30.795,,,Correcto
8,2,1,7,Dormir,14:53:15.828,14:53:17.748,1.92,Correcto
8,2,1,7,Parada,14:53:33.694,14:53:35.728,2.034,-
8,2,1,7,Parada,14:53:48.193,14:53:51.994,3.801,-
8,3,1,1,Dormir,14:14:46.631,14:14:49.018,2.387,Correcto
8,3,1,1,Parada,14:15:04.997,14:15:09.964,4.967,-
8,3,1,1,Parada,14:15:22.463,14:15:24.664,2.201,-
8,3,1,1,Parada,14:15:37.162,14:15:40.029,2.867,-
8,3,1,1,Parada,14:15:52.527,14:15:54.595,2.068,-
8,3,1,1,Ubicacion,14:16:09.161,,,Correcto
8,3,1,2,Dormir,14:18:01.999,14:18:04.186,2.187,Correcto
8,3,1,2,Parada,14:18:13.899,14:18:16.266,2.367,-
8,3,1,2,Parada,14:18:22.498,14:18:24.366,1.868,-
8,3,1,2,Parada,14:18:30.598,14:18:32.332,1.734,-
8,3,1,2,Parada,14:18:38.564,14:18:40.532,1.968,-
8,3,1,2,Dormir,14:19:07.130,14:19:09.463,2.333,Correcto
8,3,1,2,Ubicacion,14:19:14.496,,,Erroneo
8,3,1,3,Dormir,14:20:19.209,14:20:20.662,1.453,Correcto
8,3,1,3,Parada,14:20:36.643,14:20:38.776,2.133,-
8,3,1,3,Parada,14:20:51.275,14:20:53.075,1.8,-
8,3,1,3,Parada,14:21:05.541,14:21:10.241,4.7,-
8,3,1,3,Parada,14:21:22.740,14:21:27.107,4.367,-
8,3,1,3,Ubicacion,14:21:42.306,,,Correcto
8,3,1,4,Dormir,14:23:15.556,14:23:16.676,1.12,Correcto
8,3,1,4,Dormir,14:23:23.256,14:23:25.390,2.134,Correcto
8,3,1,4,Parada,14:23:33.555,14:23:35.990,2.435,-
8,3,1,4,Parada,14:23:42.222,14:23:44.722,2.5,-
8,3,1,4,Parada,14:23:50.954,14:23:54.022,3.068,-
8,3,1,4,Parada,14:24:00.254,14:24:04.555,4.301,-
8,3,1,4,Ubicacion,14:24:25.720,,,Correcto
8,3,1,5,Dormir,14:30:12.631,14:30:14.116,1.485,Correcto
8,3,1,5,Dormir,14:30:20.664,14:30:24.365,3.701,Correcto
8,3,1,5,Parada,14:30:32.530,14:30:34.497,1.967,-
8,3,1,5,Parada,14:30:40.730,14:30:43.497,2.767,-
8,3,1,5,Parada,14:30:49.729,14:30:52.497,2.768,-
8,3,1,5,Ubicacion,14:30:54.029,,,Erroneo
8,3,1,5,Parada,14:30:58.729,14:31:05.964,7.235,-
8,3,1,5,Ubicacion,14:31:08.296,,,Correcto
8,3,1,6,Parada,14:32:18.747,14:32:21.333,2.586,-
8,3,1,6,Parada,14:32:33.813,14:32:36.015,2.202,-
8,3,1,6,Parada,14:32:48.479,14:32:50.381,1.902,-
8,3,1,6,Parada,14:33:02.878,14:33:05.173,2.295,-
8,3,1,6,Ubicacion,14:33:09.257,,,Correcto
8,3,1,6,Ubicacion,14:33:19.756,,,Correcto
8,3,1,6,Dormir,14:33:25.455,14:33:26.723,1.268,Correcto
8,3,1,8,Dormir,14:38:22.473,14:38:25.759,3.286,Correcto
8,3,1,8,Parada,14:38:35.473,14:38:39.508,4.035,-
8,3,1,8,Parada,14:38:45.739,14:38:49.274,3.535,-
8,3,1,8,Parada,14:38:55.439,14:38:57.807,2.368,-
8,3,1,8,Parada,14:39:04.039,14:39:05.973,1.934,-
8,3,1,8,Ubicacion,14:39:20.037,,,Erroneo
8,3,1,9,Dormir,14:39:57.969,14:40:01.121,3.152,Correcto
8,3,1,9,Parada,14:40:17.101,14:40:18.836,1.735,-
8,3,1,9,Parada,14:40:31.335,14:40:34.035,2.7,-
8,3,1,9,Parada,14:40:46.533,14:40:48.968,2.435,-
8,3,1,9,Ubicacion,14:40:52.066,,,Erroneo
8,3,1,10,Dormir,14:42:50.693,14:42:53.480,2.787,Correcto
8,3,1,10,Parada,14:43:00.060,14:43:01.961,1.901,-
8,3,1,10,Parada,14:43:14.459,14:43:17.527,3.068,-
8,3,1,10,Ubicacion,14:43:26.793,,,Correcto
8,3,1,10,Parada,14:43:30.025,,Tiempo excedido,Erroneo
8,3,1,10,Parada,14:43:52.619,,Tiempo excedido,Erroneo
8,3,1,10,Ubicacion,14:44:02.701,,,Erroneo
8,3,1,11,Parada,14:44:50.444,14:44:52.897,2.453,-
9,1,1,1,Parada,15:20:25.450,15:20:30.103,4.653,-
9,1,1,2,Dormir,15:23:11.025,15:23:13.145,2.12,Correcto
9,1,1,2,Parada,15:23:19.725,15:23:23.159,3.434,-
9,1,1,2,Parada,15:23:35.624,15:23:37.726,2.102,-
9,1,1,2,Ubicacion,15:24:00.057,,,Correcto
9,1,1,3,Dormir,15:25:47.918,15:25:50.304,2.386,Correcto
9,1,1,3,Parada,15:26:06.284,15:26:09.018,2.734,-
9,1,1,3,Parada,15:26:21.450,15:26:23.517,2.067,-
9,1,1,3,Parada,15:26:36.016,15:26:40.083,4.067,-
9,1,1,3,Ubicacion,15:26:50.916,,,Correcto
9,1,1,3,Parada,15:26:52.581,15:26:55.148,2.567,-
9,1,1,4,Parada,15:29:38.551,15:29:44.004,5.453,-
9,1,1,4,Parada,15:29:56.483,15:29:58.351,1.868,-
9,1,1,4,Parada,15:30:10.849,15:30:12.617,1.768,-
9,1,1,4,Parada,15:30:25.109,15:30:26.677,1.568,-
9,1,1,4,Dormir,15:30:46.981,15:30:49.148,2.167,Correcto
9,1,1,4,Ubicacion,15:30:54.180,,,Erroneo
9,1,1,5,Parada,15:32:07.438,15:32:09.758,2.32,-
9,1,1,5,Parada,15:32:22.182,15:32:24.750,2.568,-
9,1,1,5,Dormir,15:32:29.415,15:32:32.382,2.967,Correcto
9,1,1,5,Parada,15:32:45.247,15:32:46.982,1.735,-
9,1,1,5,Parada,15:32:59.480,15:33:06.981,7.501,-
9,1,1,5,Ubicacion,15:33:21.279,,,Correcto
9,1,1,6,Parada,15:37:11.896,15:37:14.082,2.186,-
9,1,1,6,Parada,15:37:20.295,15:37:22.329,2.034,-
9,1,1,6,Dormir,15:37:39.527,15:37:41.295,1.768,Correcto
9,1,1,6,Dormir,15:37:47.893,15:37:49.694,1.801,Correcto
9,1,1,6,Ubicacion,15:38:00.735,,,Correcto
9,1,1,6,Ubicacion,15:38:12.459,,,Correcto
9,1,1,7,Parada,15:40:48.157,15:40:50.543,2.386,-
9,1,1,7,Dormir,15:40:55.190,15:40:57.957,2.767,Correcto
9,1,1,7,Parada,15:41:04.556,15:41:07.290,2.734,-
9,1,1,7,Parada,15:41:13.523,15:41:15.757,2.234,-
9,1,1,7,Parada,15:41:21.989,15:41:24.423,2.434,-
9,1,1,7,Ubicacion,15:41:26.656,,,Correcto
9,1,1,7,Dormir,15:41:32.222,15:41:33.556,1.334,Correcto
9,1,1,7,Ubicacion,15:42:04.153,,,Correcto
9,1,2,2,Parada,15:46:27.607,15:46:30.993,3.386,-
9,1,2,2,Parada,15:46:49.684,15:46:51.085,1.401,-
9,1,2,2,Parada,15:47:09.849,15:47:12.650,2.801,-
9,1,2,2,Parada,15:47:31.415,15:47:33.749,2.334,-
9,1,2,2,Ubicacion,15:47:40.449,,,Correcto
9,1,2,2,Dormir,15:47:49.380,15:47:51.181,1.801,Correcto
9,1,2,2,Dormir,15:47:57.780,15:47:59.447,1.667,Correcto
9,1,2,2,Ubicacion,15:48:31.646,,,Correcto
9,1,3,1,Parada,15:50:13.552,15:50:16.471,2.919,-
9,1,3,2,Parada,15:51:16.087,15:51:18.107,2.02,-
9,1,3,2,Parada,15:51:22.754,15:51:25.055,2.301,-
9,1,3,2,Parada,15:51:29.720,15:51:31.755,2.035,-
9,1,3,2,Parada,15:51:36.420,15:51:38.821,2.401,-
9,1,3,2,Dormir,15:51:48.186,15:51:49.987,1.801,Correcto
9,1,3,2,Ubicacion,15:51:55.013,,,Erroneo
9,1,3,2,Dormir,15:51:59.713,15:52:03.113,3.4,Correcto
9,1,3,3,Parada,15:53:01.977,15:53:03.796,1.819,-
9,1,3,3,Parada,15:53:08.443,15:53:09.977,1.534,-
9,1,3,3,Parada,15:53:14.643,15:53:18.043,3.4,-
9,1,3,3,Parada,15:53:22.709,15:53:24.710,2.001,-
9,3,1,1,Parada,16:02:44.520,16:02:46.639,2.119,-
9,3,1,1,Parada,16:02:52.853,16:02:56.187,3.334,-
9,3,1,1,Dormir,16:02:59.286,16:03:01.553,2.267,Correcto
9,3,1,1,Parada,16:03:09.719,16:03:13.053,3.334,-
9,3,1,1,Parada,16:03:19.285,16:03:20.820,1.535,-
9,3,1,1,Ubicacion,16:03:22.351,,,Erroneo
9,3,1,2,Parada,16:04:43.053,16:04:45.239,2.186,-
9,3,1,2,Parada,16:04:51.453,16:04:53.387,1.934,-
9,3,1,2,Parada,16:04:59.619,16:05:02.087,2.468,-
9,3,1,2,Parada,16:05:08.318,16:05:09.953,1.635,-
9,3,1,2,Dormir,16:05:24.018,16:05:26.219,2.201,Correcto
9,3,1,2,Ubicacion,16:05:31.251,,,Erroneo
9,3,1,2,Dormir,16:05:50.017,16:05:51.784,1.767,Correcto
9,3,1,2,Ubicacion,16:05:56.816,,,Erroneo
9,3,1,3,Parada,16:07:00.386,16:07:02.301,1.915,-
9,3,1,3,Parada,16:07:08.518,16:07:10.686,2.168,-
9,3,1,3,Parada,16:07:16.918,16:07:18.652,1.734,-
9,3,1,3,Parada,16:07:24.885,16:07:26.685,1.8,-
9,3,1,3,Dormir,16:07:40.750,16:07:42.284,1.534,Correcto
9,3,1,3,Ubicacion,16:07:47.315,,,Erroneo
9,3,1,3,Ubicacion,16:07:47.350,,,Correcto
9,3,1,3,Dormir,16:07:53.583,16:07:54.517,0.934,Correcto
9,3,1,5,Parada,16:11:14.044,16:11:16.197,2.153,-
9,3,1,5,Parada,16:11:22.411,16:11:23.880,1.469,-
9,3,1,5,Parada,16:11:30.111,16:11:33.645,3.534,-
9,3,1,5,Parada,16:11:39.877,16:11:42.378,2.501,-
9,3,1,5,Ubicacion,16:12:02.976,,,Correcto
9,3,1,5,Dormir,16:12:08.909,16:12:10.210,1.301,Correcto
9,3,1,5,Dormir,16:12:16.781,16:12:18.903,2.122,Correcto
9,3,1,5,Ubicacion,16:12:23.942,,,Erroneo
9,3,2,1,Parada,16:14:02.703,16:14:06.886,4.183,-
9,3,2,1,Parada,16:14:25.602,16:14:29.070,3.468,-
9,3,2,1,Parada,16:14:47.835,16:14:50.136,2.301,-
9,3,2,1,Parada,16:15:08.884,16:15:12.383,3.499,-
9,3,2,1,Ubicacion,16:15:19.051,,,Correcto
9,3,2,1,Dormir,16:15:28.016,16:15:29.650,1.634,Correcto
9,3,2,1,Dormir,16:15:36.249,16:15:39.949,3.7,Correcto
9,3,2,1,Ubicacion,16:16:12.048,,,Correcto
9,3,3,1,Parada,16:18:37.068,16:18:43.253,6.185,-
9,3,3,1,Parada,16:18:47.901,16:18:49.969,2.068,-
9,3,3,1,Parada,16:18:54.634,16:18:56.767,2.133,-
9,3,3,1,Dormir,16:18:58.300,16:18:59.767,1.467,Correcto
9,3,3,1,Ubicacion,16:19:06.000,,,Correcto
9,3,3,1,Parada,16:19:07.933,16:19:09.468,1.535,-
9,3,3,1,Dormir,16:19:14.133,16:19:15.567,1.434,Correcto
9,3,3,1,Ubicacion,16:19:26.233,,,Correcto
9,3,3,2,Parada,16:23:10.616,16:23:12.601,1.985,-
9,3,3,2,Parada,16:23:17.249,16:23:18.983,1.734,-
9,3,3,2,Parada,16:23:23.648,16:23:26.116,2.468,-
9,3,3,2,Parada,16:23:30.715,16:23:32.649,1.934,-
9,3,3,2,Dormir,16:23:42.014,16:23:42.849,0.835,Correcto
9,3,3,2,Ubicacion,16:23:47.881,,,Erroneo
9,3,3,2,Ubicacion,16:23:54.279,,,Correcto
9,3,3,2,Dormir,16:23:52.580,16:23:55.314,2.734,Correcto
9,3,3,3,Parada,16:27:08.449,16:27:12.667,4.218,-
9,3,3,3,Parada,16:27:17.314,16:27:20.183,2.869,-
9,3,3,3,Parada,16:27:24.847,16:27:30.248,5.401,-
9,3,3,3,Parada,16:27:34.914,16:27:36.381,1.467,-
9,3,3,3,Ubicacion,16:27:51.081,,,Correcto
9,3,3,3,Dormir,16:27:50.446,16:27:51.614,1.168,Correcto
9,3,3,3,Ubicacion,16:27:56.313,,,Correcto
9,3,3,3,Dormir,16:27:58.213,16:27:59.114,0.901,Correcto
9,3,3,3,Ubicacion,16:28:04.140,,,Erroneo
9,3,3,4,Parada,16:29:41.186,16:29:44.604,3.418,-
9,3,3,4,Parada,16:29:49.252,16:29:52.348,3.096,-
9,3,3,4,Parada,16:29:57.007,16:29:58.908,1.901,-
9,3,3,4,Parada,16:30:03.540,16:30:05.840,2.3,-
9,3,3,4,Dormir,16:30:15.206,16:30:17.074,1.868,Correcto
9,3,3,4,Ubicacion,16:30:22.104,,,Erroneo
9,3,3,4,Dormir,16:30:23.671,16:30:28.506,4.835,Correcto
9,3,3,4,Ubicacion,16:30:36.739,,,Correcto
